customer_id,rep_id,order_date,product_line,amount,gross_margin_pct,is_self_pay
C1000,R113,2025-04-11,處方藥,16349.0,0.32,1
C1000,R113,2025-05-17,營養補充品,12474.0,0.216,0
C1000,R113,2025-09-25,處方藥,13056.0,0.229,0
C1000,R113,2025-11-06,醫療器材,17022.0,0.29,0
C1000,R113,2026-01-26,處方藥,14361.0,0.388,0
C1001,R108,2025-06-09,OTC,96902.0,0.157,0
C1001,R108,2025-08-03,處方藥,54691.0,0.38,0
C1001,R108,2025-10-13,醫療器材,59310.0,0.304,1
C1001,R108,2026-02-17,處方藥,71705.0,0.346,0
C1001,R108,2026-04-07,營養補充品,74127.0,0.166,0
C1001,R108,2026-07-02,OTC,56829.0,0.242,0
C1002,R107,2025-05-03,個人護理,11761.0,0.183,0
C1002,R107,2026-07-12,醫療器材,13938.0,0.294,0
C1003,R107,2025-02-12,OTC,17657.0,0.246,0
C1003,R107,2025-04-30,個人護理,22969.0,0.405,0
C1003,R107,2025-06-26,營養補充品,12491.0,0.192,0
C1003,R107,2025-07-21,醫療器材,25668.0,0.257,1
C1003,R107,2025-08-06,營養補充品,23570.0,0.225,0
C1003,R107,2025-11-08,個人護理,21246.0,0.259,0
C1003,R107,2026-03-09,營養補充品,15714.0,0.443,0
C1003,R107,2026-06-15,OTC,15939.0,0.247,1
C1004,R107,2025-02-14,個人護理,122654.0,0.166,1
C1004,R107,2025-04-04,個人護理,126175.0,0.215,1
C1004,R107,2025-05-04,營養補充品,144409.0,0.175,0
C1004,R107,2025-05-30,營養補充品,193877.0,0.371,0
C1004,R107,2026-01-01,營養補充品,148029.0,0.43,0
C1004,R107,2026-01-15,處方藥,147350.0,0.175,1
C1004,R107,2026-02-15,營養補充品,146124.0,0.369,0
C1004,R107,2026-04-24,醫療器材,148985.0,0.25,0
C1004,R107,2026-07-27,OTC,169861.0,0.383,0
C1005,R100,2025-03-25,OTC,97006.0,0.306,0
C1005,R100,2025-04-25,OTC,94012.0,0.408,0
C1005,R100,2025-06-21,OTC,45175.0,0.417,0
C1005,R100,2025-08-15,處方藥,86213.0,0.375,0
C1005,R100,2025-09-19,醫療器材,44799.0,0.365,1
C1005,R100,2026-02-02,個人護理,82206.0,0.338,1
C1005,R100,2026-04-05,個人護理,61498.0,0.152,0
C1005,R100,2026-06-24,個人護理,74476.0,0.361,0
C1005,R100,2026-07-16,個人護理,52740.0,0.296,0
C1006,R106,2025-02-12,營養補充品,38835.0,0.379,1
C1006,R106,2025-07-11,醫療器材,28840.0,0.241,1
C1006,R106,2025-12-02,處方藥,47230.0,0.357,0
C1006,R106,2025-12-08,營養補充品,33185.0,0.334,0
C1006,R106,2026-04-01,處方藥,41887.0,0.203,1
C1006,R106,2026-05-12,OTC,37368.0,0.327,0
C1006,R106,2026-06-20,個人護理,27933.0,0.164,1
C1007,R110,2025-05-15,醫療器材,27911.0,0.439,0
C1007,R110,2025-06-19,醫療器材,47910.0,0.151,1
C1007,R110,2025-07-20,處方藥,35647.0,0.346,0
C1007,R110,2025-08-27,營養補充品,26179.0,0.331,0
C1007,R110,2025-10-30,醫療器材,27683.0,0.398,0
C1007,R110,2025-12-06,個人護理,32570.0,0.334,0
C1007,R110,2026-01-15,營養補充品,36140.0,0.225,1
C1007,R110,2026-03-21,OTC,36340.0,0.281,1
C1007,R110,2026-04-28,醫療器材,11517.0,0.325,1
C1007,R110,2026-07-11,營養補充品,23672.0,0.449,1
C1008,R115,2025-05-21,處方藥,11809.0,0.429,0
C1008,R115,2025-07-08,營養補充品,8142.0,0.21,0
C1008,R115,2025-12-15,個人護理,15479.0,0.297,0
C1008,R115,2026-03-27,處方藥,12216.0,0.438,1
C1008,R115,2026-04-24,個人護理,13554.0,0.202,0
C1008,R115,2026-05-06,處方藥,12288.0,0.372,1
C1009,R104,2025-03-19,處方藥,24502.0,0.415,0
C1009,R104,2025-04-14,醫療器材,21601.0,0.408,1
C1009,R104,2025-05-11,OTC,20514.0,0.338,0
C1009,R104,2025-09-03,個人護理,25900.0,0.208,1
C1009,R104,2026-02-17,處方藥,14670.0,0.33,0
C1009,R104,2026-04-28,醫療器材,19235.0,0.25,0
C1009,R104,2026-06-29,OTC,21720.0,0.224,0
C1010,R105,2025-03-04,醫療器材,56775.0,0.188,0
C1010,R105,2025-04-09,OTC,65889.0,0.363,1
C1010,R105,2025-06-19,個人護理,65243.0,0.276,1
C1010,R105,2025-08-08,處方藥,34952.0,0.28,1
C1010,R105,2025-09-25,醫療器材,46636.0,0.418,0
C1010,R105,2025-10-17,OTC,42570.0,0.155,1
C1010,R105,2025-11-25,處方藥,37763.0,0.187,0
C1010,R105,2026-01-28,OTC,67989.0,0.39,0
C1010,R105,2026-02-20,醫療器材,38931.0,0.419,0
C1010,R105,2026-04-14,個人護理,0.0,0.258,0
C1010,R105,2026-05-23,個人護理,23460.0,0.367,1
C1011,R105,2025-02-21,營養補充品,3943.0,0.172,0
C1011,R105,2025-03-20,營養補充品,5771.0,0.404,0
C1011,R105,2025-08-22,個人護理,4138.0,0.289,0
C1011,R105,2026-02-06,處方藥,4358.0,0.332,1
C1011,R105,2026-07-15,營養補充品,3439.0,0.414,0
C1012,R102,2025-02-10,營養補充品,20442.0,0.232,1
C1012,R102,2025-05-27,營養補充品,17642.0,0.401,0
C1012,R102,2025-06-17,個人護理,11956.0,0.254,0
C1012,R102,2025-07-15,個人護理,14469.0,0.154,1
C1012,R102,2025-08-29,OTC,11562.0,0.164,0
C1012,R102,2025-12-01,OTC,15853.0,0.295,1
C1012,R102,2025-12-23,醫療器材,9404.0,0.385,0
C1012,R102,2026-02-15,醫療器材,19315.0,0.187,1
C1012,R102,2026-03-18,個人護理,15041.0,0.314,0
C1012,R102,2026-04-19,營養補充品,4822.0,0.392,0
C1012,R102,2026-07-02,處方藥,11414.0,0.393,0
C1013,R102,2025-03-02,處方藥,35510.0,0.297,1
C1013,R102,2025-03-24,處方藥,47753.0,0.192,0
C1013,R102,2025-04-10,個人護理,73680.0,0.265,1
C1013,R102,2025-05-17,營養補充品,45856.0,0.152,0
C1013,R102,2025-07-12,OTC,42811.0,0.197,1
C1013,R102,2025-08-06,OTC,67217.0,0.357,0
C1013,R102,2025-09-17,醫療器材,47361.0,0.447,0
C1013,R102,2025-10-24,個人護理,52170.0,0.368,0
C1013,R102,2025-11-18,處方藥,68818.0,0.163,0
C1013,R102,2025-12-08,醫療器材,65540.0,0.269,1
C1013,R102,2026-03-10,個人護理,41150.0,0.32,1
C1013,R102,2026-04-29,醫療器材,35994.0,0.396,1
C1014,R106,2025-02-20,營養補充品,4444.0,0.402,1
C1014,R106,2025-03-09,處方藥,6661.0,0.368,1
C1014,R106,2025-06-09,處方藥,4309.0,0.358,0
C1014,R106,2025-09-19,個人護理,7563.0,0.219,0
C1014,R106,2025-12-08,個人護理,2773.0,0.364,0
C1014,R106,2026-01-25,個人護理,6106.0,0.379,0
C1014,R106,2026-04-28,醫療器材,5304.0,0.258,0
C1014,R106,2026-06-10,醫療器材,5377.0,0.362,0
C1014,R106,2026-07-20,營養補充品,5219.0,0.246,1
C1015,R117,2025-03-06,處方藥,21104.0,0.345,1
C1015,R117,2025-08-02,OTC,7495.0,0.33,0
C1015,R117,2025-09-12,OTC,20857.0,0.374,0
C1015,R117,2026-01-01,個人護理,20015.0,0.321,1
C1016,R112,2025-03-04,醫療器材,8700.0,0.162,0
C1016,R112,2025-05-14,個人護理,8520.0,0.253,0
C1016,R112,2025-06-09,OTC,6679.0,0.448,0
C1016,R112,2025-08-20,OTC,5876.0,0.373,0
C1016,R112,2026-04-15,醫療器材,4920.0,0.323,0
C1017,R105,2025-03-09,個人護理,20969.0,0.184,1
C1017,R105,2025-06-27,營養補充品,20822.0,0.303,1
C1017,R105,2025-07-30,OTC,21561.0,0.232,1
C1017,R105,2025-08-24,營養補充品,21310.0,0.21,0
C1017,R105,2025-10-28,營養補充品,27265.0,0.266,1
C1017,R105,2025-11-04,醫療器材,17265.0,0.243,0
C1017,R105,2026-03-18,醫療器材,23772.0,0.281,0
C1017,R105,2026-06-03,處方藥,25340.0,0.395,0
C1018,R112,2025-03-23,醫療器材,50003.0,0.2,0
C1018,R112,2025-04-26,OTC,70011.0,0.372,0
C1018,R112,2025-05-15,醫療器材,62700.0,0.376,0
C1018,R112,2025-06-09,OTC,81063.0,0.308,0
C1018,R112,2025-08-07,個人護理,101086.0,0.327,0
C1018,R112,2025-09-18,醫療器材,74652.0,0.305,0
C1018,R112,2025-10-19,醫療器材,72152.0,0.286,0
C1018,R112,2026-01-07,個人護理,80482.0,0.251,1
C1018,R112,2026-02-21,OTC,85196.0,0.431,0
C1018,R112,2026-06-08,處方藥,40271.0,0.215,1
C1018,R112,2026-07-18,OTC,64963.0,0.354,0
C1019,R108,2025-06-04,個人護理,2660.0,0.278,1
C1019,R108,2025-06-11,醫療器材,2152.0,0.187,0
C1019,R108,2025-08-29,OTC,3799.0,0.393,0
C1019,R108,2026-05-20,個人護理,3735.0,0.265,0
C1019,R108,2026-07-12,OTC,2773.0,0.323,0
C1020,R109,2025-08-02,處方藥,19367.0,0.306,0
C1020,R109,2025-09-05,OTC,25219.0,0.223,0
C1020,R109,2025-10-21,個人護理,21701.0,0.446,0
C1020,R109,2026-01-09,營養補充品,14021.0,0.2,0
C1020,R109,2026-04-01,處方藥,18101.0,0.216,0
C1020,R109,2026-04-27,醫療器材,19307.0,0.325,0
C1020,R109,2026-05-04,處方藥,18149.0,0.263,0
C1020,R109,2026-06-15,醫療器材,13100.0,0.448,1
C1021,R106,2025-02-23,OTC,3520.0,0.169,1
C1021,R106,2025-05-14,OTC,2810.0,0.27,1
C1021,R106,2025-06-26,個人護理,4173.0,0.189,0
C1021,R106,2026-01-08,營養補充品,2471.0,0.157,0
C1021,R106,2026-03-02,營養補充品,3964.0,0.427,1
C1021,R106,2026-04-07,營養補充品,2257.0,0.308,1
C1021,R106,2026-05-23,個人護理,3657.0,0.358,0
C1021,R106,2026-06-19,醫療器材,4870.0,0.313,1
C1022,R113,2025-04-11,營養補充品,11870.0,0.348,1
C1022,R113,2025-09-28,處方藥,18526.0,0.446,0
C1022,R113,2026-07-26,營養補充品,13900.0,0.193,0
C1023,R108,2025-09-11,處方藥,18755.0,0.258,0
C1023,R108,2025-11-29,醫療器材,17642.0,0.166,1
C1023,R108,2025-12-08,營養補充品,14875.0,0.323,0
C1023,R108,2026-04-25,醫療器材,12582.0,0.424,0
C1023,R108,2026-06-14,營養補充品,19656.0,0.257,0
C1023,R108,2026-07-02,OTC,16430.0,0.217,1
C1024,R115,2025-05-29,營養補充品,27375.0,0.448,1
C1024,R115,2025-06-25,處方藥,72983.0,0.261,0
C1024,R115,2025-08-23,OTC,59486.0,0.394,0
C1024,R115,2025-09-27,處方藥,67207.0,0.238,0
C1024,R115,2026-02-07,處方藥,58025.0,0.384,0
C1024,R115,2026-03-13,OTC,74820.0,0.438,0
C1024,R115,2026-05-01,營養補充品,60071.0,0.242,0
C1024,R115,2026-05-28,營養補充品,65355.0,0.351,1
C1024,R115,2026-06-27,醫療器材,51568.0,0.238,1
C1025,R105,2025-07-08,醫療器材,211722.0,0.214,0
C1025,R105,2025-08-11,個人護理,46849.0,0.27,0
C1025,R105,2025-10-18,醫療器材,211206.0,0.262,0
C1025,R105,2025-11-05,營養補充品,264454.0,0.407,0
C1025,R105,2026-01-17,OTC,223142.0,0.287,0
C1025,R105,2026-02-20,OTC,181339.0,0.368,0
C1025,R105,2026-03-29,處方藥,134072.0,0.21,0
C1025,R105,2026-05-08,個人護理,171222.0,0.256,0
C1026,R101,2025-04-11,醫療器材,8623.0,0.233,0
C1026,R101,2025-06-12,OTC,8260.0,0.402,0
C1026,R101,2025-07-12,OTC,9484.0,0.327,0
C1026,R101,2025-08-08,營養補充品,9697.0,0.187,0
C1026,R101,2025-09-07,營養補充品,9436.0,0.195,0
C1026,R101,2025-11-01,OTC,12573.0,0.436,1
C1026,R101,2025-12-20,個人護理,7616.0,0.404,1
C1027,R108,2025-07-11,營養補充品,55505.0,0.154,0
C1027,R108,2026-03-08,營養補充品,70452.0,0.273,0
C1027,R108,2026-04-29,個人護理,56607.0,0.431,0
C1027,R108,2026-06-14,個人護理,66463.0,0.31,1
C1028,R117,2025-02-09,醫療器材,27693.0,0.286,0
C1028,R117,2025-04-29,營養補充品,26193.0,0.188,0
C1028,R117,2025-09-14,個人護理,20495.0,0.325,1
C1028,R117,2026-05-19,個人護理,14031.0,0.312,0
C1028,R117,2026-07-12,個人護理,8433.0,0.337,0
C1029,R107,2025-02-12,營養補充品,17188.0,0.157,0
C1029,R107,2025-06-23,處方藥,18121.0,0.394,1
C1029,R107,2025-07-11,營養補充品,14918.0,0.435,0
C1029,R107,2026-03-27,營養補充品,14974.0,0.35,0
C1029,R107,2026-05-01,醫療器材,13832.0,0.368,1
C1029,R107,2026-06-13,OTC,15206.0,0.255,1
C1029,R107,2026-07-11,醫療器材,13129.0,0.361,0
C1030,R104,2025-03-10,個人護理,55564.0,0.41,1
C1030,R104,2025-06-21,醫療器材,30623.0,0.338,1
C1030,R104,2025-08-01,個人護理,49579.0,0.21,0
C1030,R104,2025-08-22,醫療器材,32101.0,0.444,1
C1030,R104,2025-10-21,營養補充品,31455.0,0.32,0
C1030,R104,2025-12-29,營養補充品,32468.0,0.354,0
C1030,R104,2026-01-11,處方藥,54597.0,0.347,0
C1030,R104,2026-02-20,醫療器材,44051.0,0.379,0
C1030,R104,2026-03-07,OTC,47684.0,0.433,1
C1030,R104,2026-06-15,個人護理,52084.0,0.234,0
C1031,R107,2025-03-13,醫療器材,62464.0,0.354,1
C1031,R107,2025-04-22,營養補充品,62583.0,0.438,0
C1031,R107,2025-08-03,個人護理,111770.0,0.227,1
C1031,R107,2025-10-12,處方藥,28890.0,0.41,1
C1031,R107,2025-12-28,營養補充品,72167.0,0.192,0
C1031,R107,2026-02-06,OTC,64634.0,0.196,0
C1031,R107,2026-05-14,醫療器材,64969.0,0.303,0
C1032,R108,2025-06-12,醫療器材,24815.0,0.297,0
C1032,R108,2025-10-27,OTC,18833.0,0.383,0
C1032,R108,2025-12-05,個人護理,16031.0,0.388,0
C1032,R108,2026-02-17,營養補充品,14811.0,0.253,0
C1032,R108,2026-03-05,OTC,17382.0,0.255,0
C1032,R108,2026-05-17,醫療器材,6385.0,0.375,0
C1033,R114,2025-09-28,個人護理,17965.0,0.445,0
C1033,R114,2025-10-24,營養補充品,15905.0,0.353,1
C1033,R114,2026-05-08,個人護理,19453.0,0.234,1
C1034,R109,2025-02-08,個人護理,17456.0,0.177,0
C1034,R109,2025-03-30,營養補充品,15154.0,0.202,0
C1034,R109,2025-04-25,OTC,15283.0,0.329,0
C1034,R109,2025-06-01,個人護理,15003.0,0.329,1
C1034,R109,2025-06-29,OTC,5053.0,0.241,0
C1034,R109,2025-09-27,處方藥,9593.0,0.161,0
C1034,R109,2025-10-27,個人護理,13914.0,0.434,1
C1034,R109,2026-02-23,OTC,12565.0,0.273,0
C1034,R109,2026-06-06,處方藥,7662.0,0.171,0
C1034,R109,2026-07-11,處方藥,5859.0,0.441,0
C1035,R102,2025-02-16,個人護理,91775.0,0.31,0
C1035,R102,2025-04-08,醫療器材,113447.0,0.153,0
C1035,R102,2025-07-14,處方藥,53179.0,0.448,0
C1035,R102,2025-10-28,營養補充品,96449.0,0.308,0
C1035,R102,2025-11-17,OTC,86490.0,0.369,0
C1035,R102,2025-12-21,個人護理,113141.0,0.405,0
C1035,R102,2026-01-09,處方藥,110641.0,0.165,0
C1035,R102,2026-03-21,個人護理,102045.0,0.187,1
C1035,R102,2026-04-25,OTC,113252.0,0.278,1
C1035,R102,2026-05-24,處方藥,53369.0,0.434,0
C1035,R102,2026-07-19,個人護理,77539.0,0.185,1
C1036,R111,2025-04-11,醫療器材,62589.0,0.362,0
C1036,R111,2025-07-27,處方藥,29523.0,0.198,0
C1036,R111,2025-09-05,處方藥,23509.0,0.29,0
C1036,R111,2025-10-07,處方藥,37208.0,0.235,1
C1036,R111,2026-01-21,個人護理,18584.0,0.332,1
C1036,R111,2026-04-17,營養補充品,30519.0,0.293,0
C1037,R101,2025-04-16,醫療器材,17603.0,0.313,0
C1037,R101,2025-06-12,個人護理,20110.0,0.442,0
C1037,R101,2025-10-15,營養補充品,29695.0,0.443,0
C1037,R101,2026-07-20,醫療器材,7248.0,0.303,1
C1038,R116,2025-02-25,處方藥,15380.0,0.439,0
C1038,R116,2025-05-28,營養補充品,11211.0,0.194,0
C1038,R116,2025-07-17,營養補充品,13985.0,0.342,0
C1038,R116,2025-08-08,處方藥,14344.0,0.186,0
C1038,R116,2025-12-05,個人護理,6274.0,0.217,0
C1038,R116,2026-01-21,醫療器材,10796.0,0.295,1
C1038,R116,2026-03-31,營養補充品,10741.0,0.302,0
C1038,R116,2026-05-03,個人護理,10643.0,0.329,0
C1038,R116,2026-07-20,處方藥,9741.0,0.157,0
C1039,R102,2025-02-21,營養補充品,15817.0,0.3,1
C1039,R102,2025-04-15,營養補充品,23543.0,0.4,1
C1039,R102,2025-11-02,處方藥,36720.0,0.242,1
C1039,R102,2025-12-02,OTC,32682.0,0.295,0
C1039,R102,2025-12-21,個人護理,16437.0,0.204,0
C1039,R102,2026-02-27,處方藥,31333.0,0.161,0
C1039,R102,2026-07-25,營養補充品,10613.0,0.305,0
C1040,R111,2025-02-18,處方藥,134922.0,0.165,0
C1040,R111,2025-03-10,醫療器材,107746.0,0.299,0
C1040,R111,2025-04-18,醫療器材,134355.0,0.197,1
C1040,R111,2025-05-08,OTC,123284.0,0.2,0
C1040,R111,2025-07-01,個人護理,134886.0,0.203,0
C1040,R111,2025-09-30,營養補充品,53261.0,0.31,0
C1040,R111,2025-10-24,OTC,92885.0,0.16,0
C1040,R111,2025-12-27,個人護理,126542.0,0.34,0
C1040,R111,2026-02-05,OTC,114723.0,0.363,0
C1040,R111,2026-05-14,OTC,41847.0,0.204,1
C1041,R100,2025-06-28,醫療器材,21048.0,0.442,0
C1041,R100,2025-07-13,OTC,19354.0,0.307,0
C1041,R100,2025-11-01,處方藥,21596.0,0.347,0
C1041,R100,2026-02-11,處方藥,13213.0,0.217,1
C1041,R100,2026-04-14,處方藥,20445.0,0.414,1
C1042,R117,2025-05-09,個人護理,92456.0,0.324,1
C1042,R117,2025-07-30,處方藥,128035.0,0.365,0
C1042,R117,2025-09-06,醫療器材,124267.0,0.161,0
C1042,R117,2025-12-25,OTC,114436.0,0.277,0
C1042,R117,2026-06-21,醫療器材,115944.0,0.323,0
C1042,R117,2026-07-18,醫療器材,102825.0,0.213,1
C1043,R107,2025-02-07,OTC,37396.0,0.201,1
C1043,R107,2025-03-21,個人護理,69294.0,0.333,1
C1043,R107,2025-06-20,個人護理,74051.0,0.387,1
C1043,R107,2025-12-01,醫療器材,51855.0,0.282,0
C1043,R107,2026-01-07,處方藥,66912.0,0.426,1
C1043,R107,2026-03-24,營養補充品,72811.0,0.197,1
C1044,R113,2025-02-20,處方藥,99919.0,0.355,0
C1044,R113,2025-04-04,營養補充品,85861.0,0.369,0
C1044,R113,2025-06-03,營養補充品,118170.0,0.299,0
C1044,R113,2025-07-05,營養補充品,84828.0,0.34,0
C1044,R113,2025-07-30,OTC,61969.0,0.219,0
C1044,R113,2025-12-05,OTC,109902.0,0.201,0
C1044,R113,2026-05-21,營養補充品,146012.0,0.225,0
C1045,R102,2025-04-29,OTC,9886.0,0.23,0
C1045,R102,2025-05-28,OTC,24532.0,0.333,0
C1045,R102,2025-06-17,營養補充品,32784.0,0.363,1
C1045,R102,2025-11-11,OTC,31629.0,0.165,0
C1045,R102,2025-12-20,處方藥,30127.0,0.22,0
C1045,R102,2026-05-12,個人護理,25582.0,0.293,1
C1046,R105,2025-03-05,營養補充品,33040.0,0.419,0
C1046,R105,2025-06-27,醫療器材,47052.0,0.185,0
C1046,R105,2025-09-21,OTC,47769.0,0.406,0
C1046,R105,2025-11-01,醫療器材,55257.0,0.223,0
C1046,R105,2026-02-04,個人護理,41794.0,0.274,0
C1046,R105,2026-07-26,營養補充品,45688.0,0.35,0
C1047,R117,2025-02-26,處方藥,141653.0,0.42,0
C1047,R117,2025-03-31,OTC,69749.0,0.409,0
C1047,R117,2025-05-14,醫療器材,134782.0,0.375,1
C1047,R117,2025-11-07,醫療器材,66908.0,0.204,1
C1047,R117,2025-12-14,個人護理,132464.0,0.345,1
C1047,R117,2026-01-04,醫療器材,53529.0,0.372,0
C1047,R117,2026-02-09,醫療器材,191222.0,0.309,0
C1047,R117,2026-03-20,個人護理,122608.0,0.313,1
C1047,R117,2026-04-12,醫療器材,102785.0,0.246,0
C1047,R117,2026-05-11,個人護理,124508.0,0.331,0
C1048,R107,2025-03-20,處方藥,21426.0,0.326,0
C1048,R107,2025-04-18,處方藥,22214.0,0.358,1
C1048,R107,2025-08-11,處方藥,21329.0,0.248,1
C1048,R107,2025-09-06,營養補充品,21892.0,0.162,1
C1048,R107,2025-10-28,營養補充品,24485.0,0.288,0
C1048,R107,2026-03-12,處方藥,17850.0,0.236,0
C1049,R102,2025-05-12,營養補充品,13894.0,0.173,0
C1049,R102,2025-08-30,醫療器材,27663.0,0.172,0
C1049,R102,2025-09-29,處方藥,27271.0,0.304,0
C1049,R102,2025-11-11,營養補充品,19955.0,0.313,0
C1049,R102,2025-12-05,個人護理,27867.0,0.419,1
C1049,R102,2026-04-03,個人護理,26642.0,0.407,0
C1049,R102,2026-06-06,處方藥,20324.0,0.358,0
C1050,R111,2025-04-06,營養補充品,33724.0,0.219,0
C1050,R111,2025-07-01,營養補充品,40985.0,0.259,0
C1050,R111,2025-08-03,OTC,57369.0,0.328,0
C1050,R111,2025-09-17,個人護理,29124.0,0.221,0
C1050,R111,2025-10-10,個人護理,24904.0,0.342,0
C1050,R111,2025-11-19,處方藥,27766.0,0.219,0
C1050,R111,2025-12-14,個人護理,32216.0,0.352,0
C1050,R111,2026-03-13,營養補充品,33763.0,0.347,1
C1050,R111,2026-04-16,營養補充品,21937.0,0.152,1
C1050,R111,2026-07-23,個人護理,13425.0,0.309,0
C1051,R109,2025-03-03,醫療器材,84922.0,0.243,0
C1051,R109,2025-06-16,醫療器材,126133.0,0.345,1
C1051,R109,2025-07-17,處方藥,180803.0,0.163,0
C1051,R109,2025-11-19,醫療器材,87275.0,0.427,0
C1051,R109,2026-03-17,OTC,156794.0,0.234,0
C1051,R109,2026-05-08,OTC,82047.0,0.339,1
C1051,R109,2026-06-23,個人護理,130184.0,0.226,1
C1051,R109,2026-07-09,OTC,144488.0,0.416,0
C1052,R108,2025-05-05,醫療器材,11530.0,0.426,1
C1052,R108,2025-05-31,個人護理,12178.0,0.335,0
C1052,R108,2025-06-12,營養補充品,12231.0,0.221,0
C1052,R108,2026-05-19,OTC,12459.0,0.257,0
C1053,R111,2025-02-27,個人護理,13135.0,0.26,1
C1053,R111,2025-04-19,處方藥,19867.0,0.266,1
C1053,R111,2025-05-08,個人護理,10170.0,0.279,0
C1053,R111,2025-09-03,營養補充品,14761.0,0.396,1
C1053,R111,2025-09-30,處方藥,9660.0,0.294,0
C1053,R111,2026-05-11,營養補充品,6853.0,0.334,0
C1053,R111,2026-06-13,OTC,6219.0,0.393,0
C1053,R111,2026-07-05,OTC,3725.0,0.176,0
C1054,R105,2025-02-14,營養補充品,9999.0,0.377,0
C1054,R105,2025-04-01,營養補充品,8777.0,0.167,0
C1054,R105,2025-04-28,OTC,5299.0,0.305,0
C1054,R105,2025-05-25,個人護理,9398.0,0.3,0
C1054,R105,2025-07-03,OTC,10682.0,0.224,0
C1054,R105,2025-07-22,個人護理,7561.0,0.275,1
C1054,R105,2025-09-25,醫療器材,10426.0,0.244,0
C1054,R105,2025-11-05,處方藥,8484.0,0.193,0
C1054,R105,2026-04-30,個人護理,9855.0,0.358,0
C1055,R108,2025-04-18,OTC,25946.0,0.269,1
C1055,R108,2025-05-28,處方藥,18893.0,0.176,0
C1055,R108,2025-07-11,OTC,17508.0,0.427,1
C1055,R108,2025-09-02,處方藥,17038.0,0.426,0
C1055,R108,2025-11-06,OTC,17864.0,0.41,0
C1055,R108,2026-04-04,營養補充品,19940.0,0.263,1
C1055,R108,2026-05-22,處方藥,26115.0,0.388,0
C1056,R108,2025-02-27,處方藥,46738.0,0.179,1
C1056,R108,2025-05-10,營養補充品,71748.0,0.403,0
C1056,R108,2025-08-13,個人護理,71851.0,0.396,0
C1056,R108,2025-09-21,營養補充品,73981.0,0.164,0
C1056,R108,2025-10-10,醫療器材,55091.0,0.315,0
C1056,R108,2025-11-08,營養補充品,73528.0,0.204,0
C1056,R108,2026-01-14,OTC,105776.0,0.263,0
C1057,R102,2025-05-17,營養補充品,82924.0,0.317,0
C1057,R102,2025-08-24,OTC,115218.0,0.323,0
C1057,R102,2025-10-05,OTC,100101.0,0.442,1
C1057,R102,2026-02-02,OTC,154735.0,0.166,1
C1057,R102,2026-04-07,營養補充品,113515.0,0.299,1
C1057,R102,2026-06-20,營養補充品,120122.0,0.402,0
C1057,R102,2026-07-29,個人護理,126797.0,0.236,0
C1058,R107,2025-02-08,OTC,26067.0,0.386,0
C1058,R107,2025-05-31,處方藥,23675.0,0.204,0
C1058,R107,2025-08-27,營養補充品,36311.0,0.436,1
C1058,R107,2025-10-07,個人護理,14666.0,0.34,1
C1058,R107,2025-12-14,OTC,23984.0,0.284,0
C1058,R107,2026-01-11,個人護理,29081.0,0.229,0
C1058,R107,2026-03-28,營養補充品,23820.0,0.16,1
C1058,R107,2026-07-30,醫療器材,35718.0,0.228,1
C1059,R105,2025-06-17,處方藥,17752.0,0.223,1
C1059,R105,2025-08-26,營養補充品,20115.0,0.429,0
C1059,R105,2025-11-12,營養補充品,20749.0,0.158,0
C1059,R105,2026-03-18,OTC,10545.0,0.385,0
C1060,R107,2025-03-19,營養補充品,12162.0,0.407,1
C1060,R107,2025-04-11,個人護理,25489.0,0.401,0
C1060,R107,2025-12-31,處方藥,18073.0,0.303,1
C1060,R107,2026-01-03,處方藥,19731.0,0.157,1
C1060,R107,2026-02-15,個人護理,14107.0,0.448,1
C1060,R107,2026-03-10,OTC,28198.0,0.438,0
C1060,R107,2026-04-05,個人護理,17692.0,0.376,1
C1060,R107,2026-05-27,處方藥,25923.0,0.153,0
C1060,R107,2026-06-13,營養補充品,17203.0,0.311,0
C1061,R116,2025-06-13,醫療器材,13915.0,0.184,1
C1061,R116,2025-09-25,處方藥,2960.0,0.289,0
C1061,R116,2026-02-27,處方藥,7409.0,0.216,0
C1062,R108,2025-03-11,處方藥,160507.0,0.168,1
C1062,R108,2025-04-30,處方藥,99943.0,0.409,1
C1062,R108,2025-05-31,處方藥,92007.0,0.382,1
C1062,R108,2025-06-26,醫療器材,73657.0,0.173,0
C1062,R108,2025-07-15,處方藥,89034.0,0.269,1
C1062,R108,2025-08-14,醫療器材,84807.0,0.248,1
C1062,R108,2025-09-06,處方藥,126349.0,0.34,0
C1062,R108,2025-10-07,營養補充品,95556.0,0.213,0
C1062,R108,2025-11-16,OTC,125312.0,0.286,0
C1062,R108,2026-02-26,營養補充品,103115.0,0.252,1
C1062,R108,2026-06-26,營養補充品,96946.0,0.261,1
C1062,R108,2026-07-02,OTC,138581.0,0.441,0
C1063,R111,2025-03-15,處方藥,99713.0,0.337,0
C1063,R111,2025-04-22,個人護理,151029.0,0.332,1
C1063,R111,2025-05-23,醫療器材,69237.0,0.203,1
C1063,R111,2025-08-13,處方藥,141485.0,0.168,0
C1063,R111,2025-11-02,營養補充品,133543.0,0.345,1
C1063,R111,2025-11-04,OTC,119671.0,0.422,0
C1063,R111,2026-01-12,OTC,113839.0,0.337,0
C1063,R111,2026-02-22,個人護理,93362.0,0.153,0
C1063,R111,2026-04-06,處方藥,99045.0,0.328,1
C1063,R111,2026-06-30,營養補充品,99022.0,0.423,1
C1064,R114,2025-07-19,醫療器材,13328.0,0.197,1
C1064,R114,2026-05-16,營養補充品,8220.0,0.26,0
C1065,R102,2025-09-03,醫療器材,32418.0,0.216,0
C1065,R102,2025-10-21,醫療器材,61619.0,0.363,0
C1065,R102,2025-12-10,醫療器材,46957.0,0.325,0
C1065,R102,2026-01-27,營養補充品,50592.0,0.435,0
C1065,R102,2026-02-07,OTC,45495.0,0.265,0
C1065,R102,2026-03-18,個人護理,58913.0,0.207,0
C1065,R102,2026-05-01,營養補充品,19132.0,0.246,0
C1066,R108,2025-12-26,醫療器材,11550.0,0.366,0
C1066,R108,2026-02-17,醫療器材,17232.0,0.23,1
C1067,R106,2025-03-25,處方藥,28761.0,0.273,1
C1067,R106,2025-04-20,個人護理,82274.0,0.312,0
C1067,R106,2025-06-19,醫療器材,48581.0,0.33,0
C1067,R106,2025-08-11,OTC,58348.0,0.295,0
C1067,R106,2025-10-10,醫療器材,65899.0,0.22,0
C1067,R106,2025-11-07,營養補充品,36981.0,0.399,1
C1067,R106,2026-01-01,營養補充品,47663.0,0.409,1
C1067,R106,2026-01-07,醫療器材,37822.0,0.44,0
C1067,R106,2026-02-10,處方藥,35856.0,0.335,0
C1067,R106,2026-03-13,醫療器材,43755.0,0.354,0
C1067,R106,2026-06-05,處方藥,23655.0,0.187,0
C1067,R106,2026-07-12,醫療器材,64958.0,0.214,0
C1068,R110,2025-04-29,個人護理,17372.0,0.215,1
C1068,R110,2025-07-15,醫療器材,19644.0,0.248,1
C1068,R110,2025-08-29,醫療器材,20901.0,0.285,0
C1068,R110,2026-01-29,OTC,23122.0,0.44,0
C1068,R110,2026-02-11,醫療器材,16978.0,0.24,1
C1068,R110,2026-04-03,醫療器材,8274.0,0.166,0
C1068,R110,2026-05-29,OTC,9761.0,0.449,0
C1068,R110,2026-07-30,營養補充品,12690.0,0.222,1
C1069,R106,2025-04-23,OTC,80893.0,0.373,0
C1069,R106,2025-07-25,處方藥,72017.0,0.346,0
C1069,R106,2025-09-18,個人護理,69260.0,0.387,0
C1069,R106,2026-01-23,醫療器材,60057.0,0.341,0
C1070,R105,2025-02-24,處方藥,12587.0,0.199,0
C1070,R105,2025-04-27,OTC,14567.0,0.374,0
C1070,R105,2025-10-11,OTC,21956.0,0.211,0
C1070,R105,2026-05-28,處方藥,24451.0,0.317,0
C1070,R105,2026-07-23,營養補充品,29962.0,0.305,1
C1071,R117,2025-03-30,處方藥,51216.0,0.306,0
C1071,R117,2025-06-16,醫療器材,93923.0,0.335,1
C1071,R117,2025-07-28,醫療器材,37465.0,0.233,0
C1071,R117,2025-08-10,個人護理,86815.0,0.188,0
C1071,R117,2025-12-28,醫療器材,64543.0,0.177,0
C1071,R117,2026-01-14,營養補充品,120995.0,0.159,1
C1071,R117,2026-02-21,營養補充品,90028.0,0.393,0
C1071,R117,2026-03-04,營養補充品,84068.0,0.307,1
C1071,R117,2026-05-15,處方藥,115804.0,0.362,0
C1071,R117,2026-06-03,個人護理,76607.0,0.443,0
C1072,R108,2025-04-02,OTC,112495.0,0.181,1
C1072,R108,2025-05-25,OTC,101044.0,0.416,0
C1072,R108,2025-12-09,個人護理,146623.0,0.447,0
C1072,R108,2026-03-15,OTC,94719.0,0.318,0
C1072,R108,2026-05-07,個人護理,92016.0,0.225,0
C1072,R108,2026-06-13,處方藥,84048.0,0.404,1
C1073,R103,2025-02-28,醫療器材,159134.0,0.178,1
C1073,R103,2025-04-27,醫療器材,193957.0,0.3,0
C1073,R103,2025-06-12,OTC,99324.0,0.201,1
C1073,R103,2025-09-10,處方藥,199871.0,0.183,1
C1073,R103,2025-11-21,營養補充品,140886.0,0.173,0
C1073,R103,2025-12-10,OTC,157108.0,0.155,0
C1073,R103,2026-01-11,處方藥,121211.0,0.324,0
C1073,R103,2026-04-19,處方藥,229998.0,0.215,0
C1073,R103,2026-05-23,處方藥,238468.0,0.374,1
C1073,R103,2026-06-22,個人護理,180206.0,0.161,0
C1073,R103,2026-07-28,OTC,121380.0,0.25,0
C1074,R108,2025-05-14,OTC,42374.0,0.271,0
C1074,R108,2025-06-30,OTC,62417.0,0.332,0
C1074,R108,2025-09-22,處方藥,37026.0,0.449,0
C1074,R108,2025-11-23,OTC,50054.0,0.389,0
C1074,R108,2026-01-23,營養補充品,30609.0,0.36,0
C1074,R108,2026-05-21,營養補充品,63879.0,0.236,1
C1074,R108,2026-06-21,處方藥,74223.0,0.35,1
C1074,R108,2026-07-17,醫療器材,73609.0,0.319,1
C1075,R113,2025-03-04,OTC,34496.0,0.272,1
C1075,R113,2025-05-12,個人護理,36508.0,0.385,0
C1075,R113,2025-06-24,營養補充品,37900.0,0.218,0
C1075,R113,2025-07-28,OTC,14551.0,0.273,1
C1075,R113,2025-09-03,個人護理,31777.0,0.176,1
C1075,R113,2025-10-03,處方藥,32741.0,0.279,0
C1075,R113,2025-10-26,營養補充品,20964.0,0.434,1
C1075,R113,2025-11-19,個人護理,40163.0,0.333,1
C1075,R113,2025-12-26,個人護理,25449.0,0.299,0
C1075,R113,2026-02-10,營養補充品,33538.0,0.406,0
C1075,R113,2026-03-20,處方藥,48553.0,0.268,1
C1075,R113,2026-04-23,OTC,26200.0,0.432,1
C1075,R113,2026-06-24,醫療器材,38455.0,0.246,0
C1076,R110,2025-04-13,處方藥,4115.0,0.433,1
C1076,R110,2025-07-25,醫療器材,2355.0,0.179,0
C1076,R110,2025-10-07,醫療器材,3780.0,0.339,1
C1076,R110,2025-11-28,OTC,2450.0,0.435,0
C1076,R110,2026-03-10,醫療器材,4133.0,0.42,1
C1076,R110,2026-06-18,處方藥,2719.0,0.37,1
C1077,R107,2025-02-23,處方藥,25110.0,0.32,1
C1077,R107,2026-01-13,處方藥,21990.0,0.218,1
C1077,R107,2026-03-10,處方藥,18673.0,0.213,1
C1077,R107,2026-06-16,營養補充品,6296.0,0.207,1
C1078,R101,2025-03-06,營養補充品,21911.0,0.399,1
C1078,R101,2025-03-22,處方藥,27155.0,0.246,0
C1078,R101,2025-04-28,OTC,22620.0,0.408,0
C1078,R101,2025-06-04,個人護理,33739.0,0.242,0
C1078,R101,2025-08-28,醫療器材,22594.0,0.24,0
C1078,R101,2025-09-25,醫療器材,32278.0,0.411,1
C1078,R101,2025-10-25,醫療器材,18526.0,0.177,1
C1078,R101,2025-11-17,OTC,45659.0,0.399,1
C1078,R101,2026-01-29,處方藥,23505.0,0.291,1
C1078,R101,2026-02-25,個人護理,36857.0,0.435,1
C1078,R101,2026-03-20,處方藥,21757.0,0.206,1
C1078,R101,2026-05-23,OTC,29383.0,0.349,0
C1078,R101,2026-06-30,OTC,34478.0,0.223,0
C1079,R107,2025-04-19,醫療器材,67229.0,0.394,1
C1079,R107,2025-06-15,OTC,72389.0,0.202,0
C1079,R107,2025-07-30,個人護理,35283.0,0.243,0
C1079,R107,2025-08-10,醫療器材,66935.0,0.217,0
C1079,R107,2026-01-26,醫療器材,47337.0,0.45,0
C1079,R107,2026-04-11,OTC,62457.0,0.343,0
C1079,R107,2026-05-13,OTC,74868.0,0.21,0
C1079,R107,2026-06-18,處方藥,61894.0,0.24,1
C1079,R107,2026-07-15,營養補充品,49632.0,0.354,0
C1080,R102,2025-06-17,個人護理,164988.0,0.397,0
C1080,R102,2025-07-15,醫療器材,90482.0,0.2,1
C1080,R102,2025-08-08,處方藥,129996.0,0.322,1
C1080,R102,2025-09-18,處方藥,146658.0,0.216,0
C1080,R102,2025-12-02,處方藥,157028.0,0.302,0
C1080,R102,2026-01-21,個人護理,264873.0,0.414,0
C1080,R102,2026-02-16,處方藥,143840.0,0.342,0
C1080,R102,2026-04-26,個人護理,86858.0,0.266,0
C1080,R102,2026-05-10,營養補充品,139975.0,0.367,1
C1080,R102,2026-06-20,營養補充品,40642.0,0.261,0
C1080,R102,2026-07-05,營養補充品,97956.0,0.309,1
C1081,R105,2025-03-02,處方藥,22999.0,0.28,0
C1081,R105,2025-05-05,醫療器材,22505.0,0.44,0
C1081,R105,2025-05-26,個人護理,24510.0,0.317,1
C1081,R105,2025-06-22,醫療器材,21632.0,0.405,0
C1081,R105,2025-10-02,營養補充品,29557.0,0.445,1
C1081,R105,2025-10-22,處方藥,17009.0,0.151,1
C1081,R105,2026-02-08,醫療器材,25697.0,0.367,1
C1081,R105,2026-04-03,OTC,19004.0,0.364,1
C1081,R105,2026-05-14,營養補充品,21009.0,0.254,0
C1082,R108,2025-03-01,個人護理,15844.0,0.166,0
C1082,R108,2025-04-01,營養補充品,13256.0,0.416,1
C1082,R108,2025-06-24,處方藥,21808.0,0.161,0
C1082,R108,2025-09-10,OTC,22882.0,0.173,0
C1082,R108,2025-10-18,個人護理,17347.0,0.289,0
C1082,R108,2025-12-08,個人護理,12716.0,0.357,0
C1083,R108,2025-04-06,處方藥,164549.0,0.399,1
C1083,R108,2025-04-29,個人護理,186959.0,0.286,0
C1083,R108,2025-06-12,營養補充品,106376.0,0.428,0
C1083,R108,2025-07-30,醫療器材,192514.0,0.214,0
C1083,R108,2025-09-13,營養補充品,163151.0,0.276,1
C1083,R108,2025-11-01,醫療器材,202832.0,0.399,0
C1083,R108,2025-11-18,OTC,284448.0,0.425,0
C1083,R108,2026-01-06,營養補充品,191035.0,0.191,0
C1083,R108,2026-02-27,營養補充品,116131.0,0.412,0
C1083,R108,2026-04-13,處方藥,53059.0,0.394,0
C1083,R108,2026-06-20,個人護理,109916.0,0.336,0
C1084,R108,2025-03-14,處方藥,73036.0,0.448,1
C1084,R108,2025-06-03,醫療器材,73932.0,0.438,0
C1084,R108,2025-09-29,OTC,97937.0,0.158,0
C1084,R108,2025-11-07,醫療器材,79504.0,0.45,0
C1084,R108,2025-12-25,個人護理,80684.0,0.299,0
C1084,R108,2026-02-24,處方藥,95268.0,0.224,1
C1084,R108,2026-06-11,營養補充品,101381.0,0.205,1
C1084,R108,2026-07-06,OTC,95277.0,0.166,1
C1085,R108,2025-02-23,醫療器材,23428.0,0.255,1
C1085,R108,2025-07-15,處方藥,17877.0,0.336,0
C1085,R108,2025-09-01,個人護理,8308.0,0.158,0
C1085,R108,2026-07-13,醫療器材,25727.0,0.413,0
C1086,R111,2025-04-11,醫療器材,25251.0,0.168,0
C1086,R111,2025-11-01,處方藥,30156.0,0.293,0
C1086,R111,2025-11-07,處方藥,29780.0,0.36,0
C1086,R111,2026-07-12,營養補充品,33749.0,0.191,0
C1087,R102,2025-04-28,OTC,22227.0,0.245,0
C1087,R102,2025-06-02,個人護理,21415.0,0.285,1
C1087,R102,2025-08-04,個人護理,22441.0,0.318,0
C1087,R102,2025-09-03,OTC,22394.0,0.155,0
C1087,R102,2025-11-10,OTC,18018.0,0.259,0
C1087,R102,2026-02-04,處方藥,22035.0,0.199,0
C1087,R102,2026-03-24,個人護理,19343.0,0.2,0
C1087,R102,2026-04-16,醫療器材,25293.0,0.434,1
C1087,R102,2026-07-16,OTC,23921.0,0.43,0
C1088,R101,2025-06-13,OTC,7091.0,0.23,0
C1088,R101,2025-07-08,醫療器材,10201.0,0.24,1
C1088,R101,2025-10-10,營養補充品,9268.0,0.405,0
C1088,R101,2026-02-24,營養補充品,7615.0,0.31,0
C1088,R101,2026-04-21,個人護理,1909.0,0.218,0
C1088,R101,2026-06-25,OTC,4700.0,0.153,0
C1089,R103,2025-02-11,營養補充品,3765.0,0.28,1
C1089,R103,2025-05-05,營養補充品,2440.0,0.435,1
C1089,R103,2025-05-08,處方藥,4270.0,0.346,0
C1089,R103,2025-07-13,個人護理,5394.0,0.298,1
C1089,R103,2025-08-27,OTC,6403.0,0.252,0
C1089,R103,2025-11-22,醫療器材,3142.0,0.229,0
C1089,R103,2025-12-12,醫療器材,3415.0,0.175,0
C1089,R103,2026-02-24,處方藥,5299.0,0.409,0
C1089,R103,2026-03-30,OTC,5235.0,0.345,0
C1089,R103,2026-07-27,OTC,1978.0,0.312,1
C1090,R105,2025-02-14,OTC,91815.0,0.156,1
C1090,R105,2025-05-14,醫療器材,50830.0,0.447,0
C1090,R105,2025-07-10,營養補充品,78320.0,0.329,0
C1090,R105,2025-08-20,營養補充品,72407.0,0.24,1
C1090,R105,2025-09-07,營養補充品,80667.0,0.234,0
C1090,R105,2025-11-02,個人護理,75172.0,0.365,0
C1090,R105,2026-04-28,OTC,28308.0,0.199,0
C1090,R105,2026-06-22,個人護理,30296.0,0.174,1
C1091,R102,2025-02-22,個人護理,19951.0,0.411,1
C1091,R102,2025-04-10,OTC,14752.0,0.447,1
C1091,R102,2025-07-18,醫療器材,12202.0,0.289,0
C1091,R102,2025-08-15,個人護理,15477.0,0.443,0
C1091,R102,2025-10-26,個人護理,16603.0,0.333,1
C1091,R102,2026-01-13,個人護理,12398.0,0.152,0
C1091,R102,2026-02-04,醫療器材,22757.0,0.255,0
C1091,R102,2026-05-24,個人護理,18175.0,0.231,0
C1091,R102,2026-07-05,OTC,9193.0,0.331,0
C1092,R117,2025-02-26,處方藥,15767.0,0.217,0
C1092,R117,2025-03-28,個人護理,10605.0,0.428,0
C1092,R117,2025-04-25,營養補充品,13359.0,0.33,1
C1092,R117,2025-06-03,個人護理,13991.0,0.401,0
C1092,R117,2025-06-13,OTC,11390.0,0.367,0
C1092,R117,2025-08-13,OTC,11907.0,0.388,1
C1092,R117,2025-10-02,個人護理,11410.0,0.306,0
C1092,R117,2026-01-04,營養補充品,8782.0,0.253,1
C1093,R102,2025-03-05,營養補充品,106087.0,0.317,0
C1093,R102,2025-03-29,處方藥,115586.0,0.346,1
C1093,R102,2025-04-11,醫療器材,106119.0,0.238,0
C1093,R102,2025-10-11,營養補充品,103277.0,0.171,1
C1093,R102,2025-11-26,處方藥,90547.0,0.365,0
C1093,R102,2025-12-10,營養補充品,66741.0,0.363,1
C1093,R102,2026-02-21,個人護理,96719.0,0.258,0
C1093,R102,2026-03-24,醫療器材,85911.0,0.164,1
C1093,R102,2026-04-18,營養補充品,95868.0,0.218,0
C1093,R102,2026-05-26,OTC,136440.0,0.402,1
C1093,R102,2026-06-24,醫療器材,135791.0,0.159,0
C1093,R102,2026-07-02,營養補充品,102583.0,0.24,0
C1094,R117,2025-02-14,個人護理,37379.0,0.154,1
C1094,R117,2025-04-24,營養補充品,31315.0,0.377,0
C1094,R117,2025-06-24,個人護理,45575.0,0.271,0
C1094,R117,2025-09-25,個人護理,38167.0,0.173,0
C1094,R117,2025-10-19,營養補充品,32788.0,0.252,0
C1094,R117,2026-01-26,處方藥,17058.0,0.191,0
C1094,R117,2026-05-31,個人護理,23550.0,0.266,1
C1095,R109,2025-04-30,個人護理,4770.0,0.295,0
C1095,R109,2025-05-11,處方藥,8323.0,0.332,1
C1095,R109,2025-09-18,處方藥,6989.0,0.253,0
C1095,R109,2025-11-23,處方藥,4038.0,0.335,1
C1095,R109,2025-12-21,營養補充品,6662.0,0.207,0
C1095,R109,2026-01-17,個人護理,4787.0,0.4,0
C1095,R109,2026-05-19,OTC,3158.0,0.366,0
C1096,R108,2025-02-16,OTC,35897.0,0.252,1
C1096,R108,2025-04-29,醫療器材,31730.0,0.262,0
C1096,R108,2025-05-23,處方藥,13348.0,0.239,0
C1096,R108,2025-06-14,處方藥,30430.0,0.274,0
C1096,R108,2025-07-12,處方藥,18042.0,0.186,0
C1096,R108,2025-08-12,OTC,18932.0,0.155,1
C1096,R108,2026-01-17,醫療器材,30613.0,0.385,0
C1096,R108,2026-04-22,OTC,26926.0,0.385,0
C1096,R108,2026-05-18,醫療器材,40991.0,0.24,0
C1096,R108,2026-06-16,營養補充品,37609.0,0.423,0
C1096,R108,2026-07-05,營養補充品,19515.0,0.364,0
C1097,R108,2025-03-25,個人護理,21312.0,0.21,1
C1097,R108,2025-07-04,OTC,17439.0,0.281,0
C1097,R108,2025-07-28,個人護理,13804.0,0.205,1
C1097,R108,2026-04-11,OTC,29321.0,0.224,0
C1098,R102,2025-03-02,OTC,70581.0,0.161,0
C1098,R102,2025-06-27,OTC,66483.0,0.276,1
C1098,R102,2025-07-20,醫療器材,65676.0,0.251,0
C1098,R102,2025-09-20,OTC,47639.0,0.189,0
C1098,R102,2026-02-26,個人護理,71609.0,0.3,1
C1098,R102,2026-05-09,個人護理,44544.0,0.414,0
C1098,R102,2026-07-30,OTC,46484.0,0.295,0
C1099,R111,2025-05-09,處方藥,10437.0,0.364,0
C1099,R111,2025-06-09,醫療器材,8947.0,0.168,0
C1099,R111,2025-08-29,個人護理,12889.0,0.159,1
C1099,R111,2025-11-10,OTC,12333.0,0.21,1
C1099,R111,2026-06-25,營養補充品,14739.0,0.297,1
C1100,R108,2025-03-30,營養補充品,14928.0,0.291,1
C1100,R108,2025-04-27,醫療器材,14277.0,0.413,1
C1100,R108,2025-05-16,個人護理,17582.0,0.423,0
C1100,R108,2025-07-04,營養補充品,19174.0,0.241,0
C1100,R108,2025-08-02,醫療器材,10054.0,0.368,1
C1100,R108,2025-09-17,OTC,16409.0,0.342,0
C1100,R108,2025-10-23,醫療器材,20494.0,0.357,0
C1100,R108,2025-12-21,處方藥,15616.0,0.223,1
C1100,R108,2026-03-21,處方藥,9946.0,0.244,0
C1100,R108,2026-04-06,OTC,6000.0,0.212,1
C1100,R108,2026-05-29,醫療器材,13802.0,0.343,1
C1101,R105,2025-02-12,營養補充品,109814.0,0.404,0
C1101,R105,2025-03-28,處方藥,140688.0,0.173,0
C1101,R105,2025-05-26,醫療器材,230711.0,0.176,0
C1101,R105,2025-06-15,處方藥,165266.0,0.444,1
C1101,R105,2025-08-22,營養補充品,122056.0,0.267,0
C1101,R105,2025-10-13,個人護理,93131.0,0.237,1
C1101,R105,2025-11-10,個人護理,120352.0,0.396,1
C1101,R105,2026-03-27,OTC,137591.0,0.295,0
C1101,R105,2026-04-22,營養補充品,144476.0,0.151,0
C1101,R105,2026-05-21,營養補充品,144591.0,0.281,0
C1101,R105,2026-07-26,營養補充品,81594.0,0.259,0
C1102,R102,2025-11-10,營養補充品,9773.0,0.163,1
C1102,R102,2025-12-25,個人護理,19190.0,0.296,1
C1102,R102,2026-01-11,醫療器材,14058.0,0.256,1
C1102,R102,2026-02-21,處方藥,15748.0,0.153,0
C1103,R105,2025-03-09,醫療器材,28524.0,0.395,1
C1103,R105,2026-01-29,營養補充品,28171.0,0.409,0
C1103,R105,2026-02-22,OTC,22636.0,0.433,1
C1103,R105,2026-04-16,醫療器材,24764.0,0.427,1
C1103,R105,2026-05-30,處方藥,44754.0,0.184,1
C1103,R105,2026-06-05,個人護理,26848.0,0.248,1
C1104,R114,2025-04-16,醫療器材,5800.0,0.45,1
C1104,R114,2025-05-14,醫療器材,5366.0,0.16,1
C1104,R114,2025-08-29,OTC,6788.0,0.177,1
C1104,R114,2025-11-29,醫療器材,4501.0,0.224,0
C1104,R114,2026-01-01,處方藥,6613.0,0.395,1
C1104,R114,2026-03-07,OTC,6628.0,0.216,0
C1105,R108,2025-05-05,營養補充品,49936.0,0.359,0
C1105,R108,2025-07-18,OTC,85765.0,0.199,1
C1105,R108,2025-09-28,醫療器材,58249.0,0.436,0
C1105,R108,2026-01-03,個人護理,76225.0,0.337,1
C1105,R108,2026-02-07,醫療器材,86970.0,0.387,0
C1105,R108,2026-04-13,營養補充品,79662.0,0.415,0
C1105,R108,2026-06-26,營養補充品,40431.0,0.447,0
C1106,R115,2025-03-01,營養補充品,11760.0,0.258,1
C1106,R115,2025-06-11,OTC,28582.0,0.328,1
C1106,R115,2025-09-20,處方藥,24995.0,0.341,0
C1106,R115,2025-11-22,營養補充品,28217.0,0.237,1
C1106,R115,2026-05-18,醫療器材,18828.0,0.403,0
C1106,R115,2026-07-20,醫療器材,17667.0,0.297,0
C1107,R105,2025-04-29,營養補充品,30003.0,0.305,0
C1107,R105,2025-08-29,個人護理,60369.0,0.347,0
C1107,R105,2025-09-27,OTC,44594.0,0.308,0
C1107,R105,2025-11-27,OTC,64212.0,0.229,0
C1107,R105,2025-12-24,處方藥,62078.0,0.198,0
C1107,R105,2026-01-21,處方藥,67935.0,0.163,1
C1107,R105,2026-03-27,醫療器材,37281.0,0.259,0
C1107,R105,2026-04-05,營養補充品,20795.0,0.389,0
C1108,R109,2025-02-11,個人護理,6200.0,0.169,1
C1108,R109,2025-03-09,處方藥,10223.0,0.449,1
C1108,R109,2026-01-28,OTC,6509.0,0.222,0
C1109,R107,2025-04-25,OTC,4246.0,0.381,0
C1109,R107,2025-06-22,醫療器材,2807.0,0.184,0
C1109,R107,2025-11-08,處方藥,3102.0,0.262,0
C1109,R107,2026-03-15,醫療器材,3013.0,0.413,1
C1109,R107,2026-06-12,醫療器材,1028.0,0.154,1
C1110,R107,2025-02-17,個人護理,37988.0,0.184,0
C1110,R107,2025-03-21,個人護理,35448.0,0.443,0
C1110,R107,2025-04-13,醫療器材,29385.0,0.201,0
C1110,R107,2025-10-01,個人護理,30380.0,0.441,0
C1110,R107,2025-10-12,處方藥,31545.0,0.427,0
C1110,R107,2025-11-16,個人護理,33044.0,0.403,0
C1110,R107,2026-01-25,OTC,21607.0,0.406,0
C1110,R107,2026-03-19,營養補充品,34546.0,0.311,1
C1110,R107,2026-05-26,醫療器材,42524.0,0.174,0
C1110,R107,2026-06-13,營養補充品,25270.0,0.306,0
C1110,R107,2026-07-24,營養補充品,33777.0,0.216,0
C1111,R102,2025-03-14,醫療器材,7284.0,0.301,0
C1111,R102,2025-06-04,OTC,14211.0,0.402,1
C1111,R102,2025-08-09,處方藥,15634.0,0.313,1
C1111,R102,2025-10-20,個人護理,18808.0,0.44,0
C1112,R110,2025-07-05,處方藥,23665.0,0.286,0
C1112,R110,2025-07-30,處方藥,24696.0,0.366,0
C1112,R110,2025-09-14,營養補充品,31933.0,0.167,0
C1112,R110,2025-11-02,醫療器材,26438.0,0.272,0
C1112,R110,2026-02-13,OTC,14128.0,0.298,1
C1112,R110,2026-06-16,醫療器材,38805.0,0.429,0
C1113,R105,2025-02-11,營養補充品,72718.0,0.188,0
C1113,R105,2025-05-04,個人護理,69186.0,0.424,1
C1113,R105,2025-05-28,營養補充品,68024.0,0.261,1
C1113,R105,2025-07-23,個人護理,86073.0,0.268,0
C1113,R105,2025-09-22,營養補充品,75315.0,0.397,1
C1113,R105,2026-02-03,OTC,30887.0,0.209,0
C1113,R105,2026-05-20,OTC,22843.0,0.199,1
C1113,R105,2026-07-25,OTC,28381.0,0.288,0
C1114,R105,2025-03-13,處方藥,2925.0,0.411,0
C1114,R105,2025-04-16,OTC,8653.0,0.397,0
C1114,R105,2025-07-19,營養補充品,5189.0,0.378,0
C1114,R105,2025-10-19,處方藥,7629.0,0.419,0
C1114,R105,2025-12-31,醫療器材,4524.0,0.272,0
C1114,R105,2026-01-15,個人護理,5427.0,0.365,1
C1114,R105,2026-05-25,OTC,6591.0,0.257,1
C1115,R108,2025-02-28,營養補充品,55902.0,0.185,0
C1115,R108,2025-06-14,醫療器材,69878.0,0.367,1
C1115,R108,2025-09-03,醫療器材,116511.0,0.383,1
C1115,R108,2025-09-19,OTC,106624.0,0.23,0
C1115,R108,2025-10-21,營養補充品,138449.0,0.33,0
C1115,R108,2025-11-21,個人護理,164780.0,0.366,1
C1115,R108,2025-12-13,處方藥,126752.0,0.21,0
C1115,R108,2026-01-03,醫療器材,154756.0,0.309,1
C1115,R108,2026-02-15,處方藥,183870.0,0.305,0
C1115,R108,2026-03-18,OTC,155039.0,0.221,0
C1116,R100,2025-06-10,處方藥,12429.0,0.357,0
C1116,R100,2025-08-11,OTC,6500.0,0.346,0
C1116,R100,2025-10-01,醫療器材,9955.0,0.184,0
C1116,R100,2025-11-26,營養補充品,10947.0,0.369,1
C1116,R100,2026-02-04,營養補充品,8700.0,0.238,0
C1116,R100,2026-06-26,個人護理,14481.0,0.24,0
C1117,R111,2026-02-10,醫療器材,42092.0,0.203,0
C1117,R111,2026-04-07,個人護理,52953.0,0.394,1
C1117,R111,2026-06-08,OTC,42400.0,0.236,1
C1118,R101,2025-02-12,個人護理,15637.0,0.238,0
C1118,R101,2025-04-06,OTC,15616.0,0.432,0
C1118,R101,2025-07-03,醫療器材,7555.0,0.401,1
C1118,R101,2025-07-26,處方藥,10183.0,0.234,0
C1118,R101,2025-09-16,處方藥,12555.0,0.279,0
C1118,R101,2026-06-24,醫療器材,4382.0,0.407,0
C1119,R113,2025-03-21,處方藥,11552.0,0.414,0
C1119,R113,2025-04-14,處方藥,11636.0,0.256,1
C1119,R113,2025-05-26,個人護理,7269.0,0.306,0
C1119,R113,2025-07-11,個人護理,17178.0,0.361,0
C1119,R113,2025-08-30,個人護理,15912.0,0.218,1
C1119,R113,2025-10-26,個人護理,11475.0,0.379,0
C1119,R113,2026-03-21,OTC,13422.0,0.238,0
C1119,R113,2026-04-24,OTC,7897.0,0.331,0
C1119,R113,2026-05-17,處方藥,10194.0,0.189,0
C1120,R108,2025-06-25,營養補充品,11043.0,0.267,1
C1120,R108,2025-12-04,營養補充品,12370.0,0.293,0
C1120,R108,2026-02-13,營養補充品,9333.0,0.395,0
C1120,R108,2026-04-11,OTC,4851.0,0.312,0
C1120,R108,2026-07-25,個人護理,6397.0,0.268,0
C1121,R112,2025-02-17,個人護理,55257.0,0.323,0
C1121,R112,2025-05-13,營養補充品,57585.0,0.34,0
C1121,R112,2025-06-26,營養補充品,64051.0,0.346,0
C1121,R112,2025-08-03,營養補充品,43023.0,0.31,1
C1121,R112,2025-08-13,個人護理,59991.0,0.295,0
C1121,R112,2025-09-21,營養補充品,39534.0,0.258,0
C1121,R112,2025-12-14,營養補充品,65946.0,0.367,0
C1121,R112,2026-02-08,OTC,55892.0,0.255,0
C1121,R112,2026-04-22,處方藥,78774.0,0.439,0
C1121,R112,2026-05-29,營養補充品,68688.0,0.195,1
C1122,R101,2025-03-10,個人護理,90127.0,0.249,0
C1122,R101,2025-05-12,醫療器材,107523.0,0.391,0
C1122,R101,2025-06-28,營養補充品,73206.0,0.422,1
C1122,R101,2025-09-06,處方藥,90048.0,0.356,1
C1122,R101,2025-10-21,OTC,90815.0,0.276,0
C1122,R101,2025-11-04,個人護理,64311.0,0.284,1
C1122,R101,2025-12-30,個人護理,87334.0,0.384,0
C1122,R101,2026-01-03,個人護理,60810.0,0.387,0
C1122,R101,2026-04-21,處方藥,54576.0,0.384,0
C1122,R101,2026-05-18,OTC,83291.0,0.181,0
C1122,R101,2026-06-26,營養補充品,125171.0,0.422,1
C1122,R101,2026-07-15,個人護理,89635.0,0.285,1
C1123,R100,2025-04-28,營養補充品,31870.0,0.22,0
C1123,R100,2025-08-07,個人護理,29374.0,0.25,0
C1123,R100,2025-09-15,個人護理,46191.0,0.368,0
C1123,R100,2025-10-26,處方藥,46229.0,0.358,0
C1123,R100,2025-12-26,OTC,34365.0,0.155,0
C1123,R100,2026-01-11,醫療器材,35612.0,0.232,0
C1123,R100,2026-03-26,營養補充品,34856.0,0.439,0
C1123,R100,2026-04-09,營養補充品,25665.0,0.395,1
C1123,R100,2026-07-28,個人護理,39323.0,0.202,0
C1124,R104,2025-03-31,處方藥,27468.0,0.41,0
C1124,R104,2025-07-13,醫療器材,28780.0,0.305,0
C1124,R104,2025-10-17,處方藥,19345.0,0.342,0
C1124,R104,2026-01-22,醫療器材,15875.0,0.254,1
C1124,R104,2026-04-25,個人護理,21562.0,0.311,0
C1124,R104,2026-05-19,OTC,19067.0,0.242,0
C1124,R104,2026-06-13,處方藥,14003.0,0.267,0
C1125,R102,2025-02-17,個人護理,26787.0,0.167,0
C1125,R102,2025-03-11,醫療器材,18764.0,0.221,0
C1125,R102,2025-08-21,OTC,29916.0,0.411,1
C1125,R102,2025-10-29,營養補充品,20241.0,0.276,1
C1125,R102,2025-11-15,個人護理,20966.0,0.255,0
C1125,R102,2026-03-19,OTC,22777.0,0.215,0
C1125,R102,2026-04-17,個人護理,27917.0,0.224,1
C1126,R109,2025-03-07,醫療器材,48397.0,0.232,1
C1126,R109,2025-04-21,醫療器材,45462.0,0.199,0
C1126,R109,2025-06-12,個人護理,64950.0,0.237,0
C1126,R109,2025-08-14,個人護理,50423.0,0.445,1
C1126,R109,2025-12-14,處方藥,52460.0,0.157,0
C1126,R109,2026-01-29,個人護理,56325.0,0.377,0
C1126,R109,2026-04-01,營養補充品,34902.0,0.351,1
C1126,R109,2026-05-08,營養補充品,63815.0,0.403,0
C1126,R109,2026-06-16,醫療器材,64257.0,0.154,1
C1126,R109,2026-07-08,處方藥,39652.0,0.337,0
C1127,R103,2025-04-27,營養補充品,57962.0,0.379,0
C1127,R103,2025-05-22,營養補充品,62276.0,0.416,1
C1127,R103,2025-07-29,營養補充品,75112.0,0.232,0
C1127,R103,2025-09-03,醫療器材,74192.0,0.229,1
C1127,R103,2025-09-24,處方藥,69260.0,0.361,0
C1128,R116,2025-03-28,個人護理,53203.0,0.175,1
C1128,R116,2025-06-18,OTC,48103.0,0.426,1
C1128,R116,2025-07-25,營養補充品,48610.0,0.263,0
C1128,R116,2025-09-05,處方藥,35077.0,0.329,0
C1128,R116,2025-10-08,OTC,31570.0,0.154,0
C1128,R116,2025-11-21,個人護理,59284.0,0.287,1
C1128,R116,2026-01-18,處方藥,57980.0,0.276,0
C1128,R116,2026-02-05,營養補充品,47647.0,0.33,1
C1128,R116,2026-04-14,個人護理,48734.0,0.29,0
C1128,R116,2026-06-26,營養補充品,58251.0,0.395,0
C1129,R105,2025-04-06,OTC,73291.0,0.373,0
C1129,R105,2025-04-30,醫療器材,57572.0,0.421,0
C1129,R105,2025-05-29,個人護理,134482.0,0.333,1
C1129,R105,2025-06-30,處方藥,90863.0,0.328,0
C1129,R105,2025-08-14,營養補充品,108322.0,0.382,0
C1129,R105,2025-09-13,營養補充品,127181.0,0.391,0
C1129,R105,2025-10-15,處方藥,96173.0,0.272,1
C1129,R105,2025-11-23,OTC,126224.0,0.206,0
C1129,R105,2026-01-01,OTC,67742.0,0.172,1
C1129,R105,2026-04-08,OTC,104566.0,0.193,1
C1129,R105,2026-05-26,OTC,93289.0,0.173,0
C1130,R116,2025-05-14,處方藥,11606.0,0.332,0
C1130,R116,2025-08-17,個人護理,25186.0,0.182,1
C1130,R116,2025-12-04,營養補充品,16055.0,0.436,0
C1130,R116,2026-01-18,營養補充品,9132.0,0.264,0
C1130,R116,2026-04-12,處方藥,10436.0,0.283,0
C1130,R116,2026-05-21,處方藥,5983.0,0.393,0
C1130,R116,2026-07-02,營養補充品,7747.0,0.372,0
C1131,R102,2025-02-19,OTC,26629.0,0.44,1
C1131,R102,2025-11-11,營養補充品,23608.0,0.42,0
C1131,R102,2025-12-30,個人護理,19400.0,0.169,0
C1131,R102,2026-06-03,個人護理,26490.0,0.426,0
C1132,R105,2025-06-12,醫療器材,53283.0,0.368,1
C1132,R105,2025-07-08,處方藥,41656.0,0.185,1
C1132,R105,2025-08-19,OTC,55191.0,0.226,1
C1132,R105,2025-10-13,營養補充品,53647.0,0.345,1
C1132,R105,2025-11-06,營養補充品,54954.0,0.219,1
C1132,R105,2025-12-28,OTC,46657.0,0.397,0
C1132,R105,2026-01-07,營養補充品,49497.0,0.293,0
C1132,R105,2026-02-26,醫療器材,55529.0,0.318,0
C1132,R105,2026-07-17,處方藥,39731.0,0.416,0
C1133,R117,2025-04-15,OTC,57659.0,0.312,1
C1133,R117,2025-05-16,營養補充品,103702.0,0.388,0
C1133,R117,2025-10-03,OTC,81216.0,0.293,0
C1133,R117,2025-10-08,處方藥,45562.0,0.322,0
C1133,R117,2025-12-29,處方藥,80767.0,0.225,0
C1133,R117,2026-01-21,處方藥,46196.0,0.39,1
C1133,R117,2026-05-26,醫療器材,68649.0,0.28,0
C1133,R117,2026-07-02,處方藥,51798.0,0.228,1
C1134,R107,2025-02-26,個人護理,29615.0,0.328,0
C1134,R107,2025-03-26,OTC,63018.0,0.404,0
C1134,R107,2025-05-11,OTC,54316.0,0.395,0
C1134,R107,2025-06-28,營養補充品,24278.0,0.177,1
C1134,R107,2025-08-04,個人護理,47572.0,0.309,1
C1134,R107,2025-09-02,OTC,42027.0,0.236,0
C1134,R107,2025-09-15,個人護理,52631.0,0.377,0
C1134,R107,2026-01-26,處方藥,46004.0,0.178,0
C1134,R107,2026-04-06,OTC,8745.0,0.258,0
C1134,R107,2026-05-07,營養補充品,36395.0,0.232,1
C1134,R107,2026-06-26,OTC,28301.0,0.414,1
C1135,R115,2025-03-13,個人護理,5946.0,0.23,0
C1135,R115,2025-04-18,醫療器材,8314.0,0.281,0
C1135,R115,2025-06-24,醫療器材,5880.0,0.411,0
C1135,R115,2025-08-19,處方藥,3375.0,0.158,0
C1135,R115,2025-09-05,OTC,6893.0,0.175,1
C1136,R102,2025-04-17,OTC,37961.0,0.361,0
C1136,R102,2025-05-15,OTC,35860.0,0.259,1
C1136,R102,2025-06-21,個人護理,19957.0,0.152,1
C1136,R102,2025-08-16,個人護理,17838.0,0.412,0
C1136,R102,2025-11-25,處方藥,48894.0,0.335,0
C1136,R102,2026-06-09,營養補充品,23469.0,0.294,1
C1137,R117,2025-02-21,處方藥,13095.0,0.445,1
C1137,R117,2025-03-15,OTC,14885.0,0.238,0
C1137,R117,2025-04-08,處方藥,12614.0,0.202,0
C1137,R117,2025-05-10,營養補充品,12724.0,0.364,0
C1137,R117,2025-07-07,醫療器材,18143.0,0.331,0
C1137,R117,2025-10-19,營養補充品,9707.0,0.312,1
C1137,R117,2025-11-08,營養補充品,13892.0,0.397,0
C1137,R117,2026-01-23,處方藥,12896.0,0.166,1
C1137,R117,2026-03-28,OTC,19748.0,0.409,0
C1137,R117,2026-04-19,處方藥,15604.0,0.395,1
C1137,R117,2026-05-19,個人護理,12232.0,0.364,1
C1137,R117,2026-07-14,處方藥,12754.0,0.215,0
C1138,R116,2025-03-01,處方藥,2159.0,0.177,0
C1138,R116,2025-03-10,個人護理,3163.0,0.435,0
C1138,R116,2025-04-17,處方藥,5914.0,0.292,0
C1138,R116,2025-07-09,處方藥,5886.0,0.252,0
C1138,R116,2025-08-20,營養補充品,3357.0,0.337,0
C1138,R116,2026-03-14,OTC,4162.0,0.249,0
C1138,R116,2026-06-12,處方藥,1049.0,0.313,0
C1138,R116,2026-07-02,個人護理,1591.0,0.395,1
C1139,R105,2025-03-07,個人護理,13779.0,0.351,1
C1139,R105,2025-03-20,OTC,12069.0,0.194,1
C1139,R105,2025-08-15,處方藥,17714.0,0.413,0
C1139,R105,2026-01-23,處方藥,10964.0,0.265,0
C1139,R105,2026-03-15,OTC,11271.0,0.381,1
C1139,R105,2026-04-04,個人護理,6949.0,0.318,0
C1139,R105,2026-05-18,OTC,5589.0,0.153,1
C1139,R105,2026-07-29,醫療器材,6766.0,0.358,1
C1140,R104,2025-04-09,醫療器材,265444.0,0.31,0
C1140,R104,2025-06-26,醫療器材,198716.0,0.447,0
C1140,R104,2025-07-18,醫療器材,254561.0,0.432,0
C1140,R104,2025-09-29,營養補充品,145878.0,0.186,0
C1140,R104,2025-10-27,醫療器材,170680.0,0.405,0
C1140,R104,2025-11-07,個人護理,239384.0,0.234,0
C1140,R104,2025-12-10,營養補充品,223018.0,0.398,1
C1140,R104,2026-05-20,OTC,47696.0,0.287,1
C1140,R104,2026-06-28,個人護理,43900.0,0.357,0
C1141,R111,2025-04-11,醫療器材,20103.0,0.336,0
C1141,R111,2025-09-28,個人護理,30818.0,0.221,1
C1141,R111,2025-10-28,處方藥,14044.0,0.441,1
C1141,R111,2025-11-17,個人護理,27339.0,0.287,0
C1141,R111,2026-02-18,處方藥,16580.0,0.412,1
C1141,R111,2026-03-23,OTC,21005.0,0.189,1
C1141,R111,2026-04-11,營養補充品,20687.0,0.362,0
C1141,R111,2026-06-18,營養補充品,22404.0,0.198,1
C1142,R108,2025-02-15,OTC,256390.0,0.212,0
C1142,R108,2025-03-23,OTC,196001.0,0.422,0
C1142,R108,2025-04-13,營養補充品,208649.0,0.387,0
C1142,R108,2025-05-08,營養補充品,58794.0,0.328,1
C1142,R108,2025-07-08,營養補充品,169641.0,0.213,0
C1142,R108,2025-09-07,個人護理,158100.0,0.221,0
C1142,R108,2025-11-21,處方藥,191660.0,0.228,0
C1142,R108,2026-02-15,OTC,173264.0,0.156,0
C1142,R108,2026-03-12,醫療器材,124899.0,0.302,0
C1142,R108,2026-05-25,個人護理,199770.0,0.256,0
C1142,R108,2026-07-07,處方藥,212224.0,0.198,0
C1143,R105,2025-02-12,個人護理,5189.0,0.157,0
C1143,R105,2025-05-17,個人護理,8822.0,0.208,1
C1143,R105,2025-06-22,營養補充品,10264.0,0.387,1
C1143,R105,2025-07-20,營養補充品,8681.0,0.261,0
C1143,R105,2025-08-15,營養補充品,4632.0,0.426,0
C1143,R105,2025-10-10,個人護理,11219.0,0.228,1
C1143,R105,2025-12-08,營養補充品,10871.0,0.318,0
C1143,R105,2026-01-03,OTC,6068.0,0.372,0
C1143,R105,2026-03-02,營養補充品,6898.0,0.244,0
C1143,R105,2026-04-23,個人護理,13063.0,0.441,0
C1143,R105,2026-05-29,營養補充品,9890.0,0.246,0
C1143,R105,2026-06-27,醫療器材,10353.0,0.261,0
C1144,R105,2025-04-08,OTC,19561.0,0.361,0
C1144,R105,2025-11-19,醫療器材,19689.0,0.426,0
C1144,R105,2026-03-16,個人護理,18882.0,0.211,0
C1145,R103,2025-02-12,營養補充品,25695.0,0.435,0
C1145,R103,2025-04-04,個人護理,41979.0,0.201,0
C1145,R103,2025-04-14,醫療器材,47864.0,0.355,1
C1145,R103,2025-06-18,個人護理,49833.0,0.275,1
C1145,R103,2025-08-16,OTC,59085.0,0.161,1
C1145,R103,2025-09-06,處方藥,67095.0,0.206,0
C1145,R103,2025-10-31,醫療器材,41897.0,0.293,0
C1145,R103,2025-11-26,個人護理,28792.0,0.201,1
C1145,R103,2026-01-31,醫療器材,38477.0,0.283,0
C1145,R103,2026-05-01,個人護理,46398.0,0.438,0
C1145,R103,2026-05-05,處方藥,38859.0,0.183,1
C1145,R103,2026-06-14,個人護理,58479.0,0.344,0
C1146,R100,2025-05-20,處方藥,36816.0,0.233,0
C1146,R100,2025-08-28,醫療器材,37007.0,0.17,1
C1146,R100,2025-10-13,處方藥,35175.0,0.219,0
C1146,R100,2025-11-25,營養補充品,38621.0,0.295,0
C1146,R100,2026-03-16,個人護理,39857.0,0.346,0
C1146,R100,2026-04-06,OTC,38054.0,0.219,0
C1146,R100,2026-06-27,OTC,44477.0,0.268,1
C1146,R100,2026-07-28,OTC,45672.0,0.172,1
C1147,R102,2025-06-29,個人護理,12974.0,0.224,0
C1147,R102,2025-09-01,個人護理,10325.0,0.338,0
C1147,R102,2025-10-26,個人護理,15931.0,0.183,0
C1147,R102,2026-03-28,個人護理,15409.0,0.185,1
C1147,R102,2026-07-03,個人護理,11847.0,0.348,0
C1148,R110,2025-03-20,OTC,46687.0,0.418,1
C1148,R110,2025-05-23,營養補充品,44044.0,0.27,1
C1148,R110,2025-06-21,OTC,48730.0,0.35,0
C1148,R110,2025-08-28,處方藥,73738.0,0.304,0
C1148,R110,2025-10-02,營養補充品,50178.0,0.244,0
C1148,R110,2026-01-01,醫療器材,57071.0,0.382,0
C1148,R110,2026-01-11,個人護理,42884.0,0.344,0
C1148,R110,2026-02-22,個人護理,30356.0,0.442,1
C1148,R110,2026-03-20,個人護理,38717.0,0.192,0
C1148,R110,2026-05-10,醫療器材,70935.0,0.197,0
C1148,R110,2026-06-13,醫療器材,70574.0,0.445,0
C1148,R110,2026-07-21,個人護理,61733.0,0.179,0
C1149,R106,2025-02-08,OTC,29060.0,0.2,0
C1149,R106,2025-03-29,營養補充品,18864.0,0.196,0
C1149,R106,2025-04-28,醫療器材,13162.0,0.207,1
C1149,R106,2025-05-30,處方藥,17911.0,0.243,0
C1149,R106,2025-11-10,OTC,15917.0,0.202,1
C1149,R106,2026-01-08,處方藥,26512.0,0.208,1
C1149,R106,2026-03-16,營養補充品,11695.0,0.263,0
C1149,R106,2026-04-29,醫療器材,19177.0,0.249,1
C1149,R106,2026-05-11,處方藥,20603.0,0.343,1
C1149,R106,2026-06-16,個人護理,17939.0,0.164,0
C1150,R102,2025-02-24,醫療器材,56328.0,0.289,1
C1150,R102,2025-09-10,處方藥,42327.0,0.241,1
C1150,R102,2025-10-25,個人護理,54292.0,0.363,1
C1150,R102,2026-02-17,醫療器材,72648.0,0.326,0
C1150,R102,2026-07-15,處方藥,81348.0,0.347,1
C1151,R110,2025-02-17,個人護理,6499.0,0.356,1
C1151,R110,2026-03-04,醫療器材,7417.0,0.24,0
C1152,R108,2025-03-03,處方藥,15357.0,0.245,0
C1152,R108,2025-04-26,OTC,49190.0,0.22,0
C1152,R108,2025-06-13,處方藥,38517.0,0.197,0
C1152,R108,2025-08-17,處方藥,42128.0,0.314,0
C1152,R108,2025-11-17,營養補充品,39289.0,0.394,0
C1152,R108,2026-01-17,醫療器材,21790.0,0.363,1
C1152,R108,2026-03-29,醫療器材,35293.0,0.412,1
C1152,R108,2026-05-17,醫療器材,28365.0,0.437,0
C1152,R108,2026-06-28,醫療器材,41470.0,0.329,0
C1152,R108,2026-07-24,個人護理,24017.0,0.28,1
C1153,R108,2025-07-04,個人護理,17587.0,0.219,0
C1153,R108,2025-12-17,處方藥,12902.0,0.295,0
C1153,R108,2026-01-10,醫療器材,11459.0,0.29,1
C1153,R108,2026-05-30,營養補充品,14254.0,0.358,0
C1154,R100,2025-02-13,個人護理,42860.0,0.313,1
C1154,R100,2025-03-26,個人護理,50274.0,0.275,0
C1154,R100,2025-04-12,營養補充品,38685.0,0.319,0
C1154,R100,2025-08-01,個人護理,51724.0,0.262,1
C1154,R100,2025-09-08,OTC,51749.0,0.262,0
C1154,R100,2025-11-13,OTC,52208.0,0.202,1
C1154,R100,2026-01-06,營養補充品,25548.0,0.218,0
C1154,R100,2026-02-11,OTC,40746.0,0.206,1
C1154,R100,2026-03-08,醫療器材,34055.0,0.346,0
C1154,R100,2026-05-21,營養補充品,40667.0,0.394,0
C1154,R100,2026-06-20,個人護理,27357.0,0.181,0
C1155,R116,2025-03-27,營養補充品,21679.0,0.42,1
C1155,R116,2025-05-28,OTC,25484.0,0.185,1
C1155,R116,2026-03-30,個人護理,20986.0,0.208,1
C1155,R116,2026-06-05,醫療器材,22717.0,0.364,1
C1156,R108,2025-02-16,處方藥,26523.0,0.418,0
C1156,R108,2025-03-28,處方藥,22123.0,0.167,0
C1156,R108,2025-05-02,處方藥,29342.0,0.212,0
C1156,R108,2025-06-27,醫療器材,37866.0,0.154,1
C1156,R108,2025-11-20,OTC,30289.0,0.181,0
C1156,R108,2026-01-04,OTC,24626.0,0.394,1
C1156,R108,2026-04-29,OTC,28523.0,0.342,0
C1156,R108,2026-06-21,醫療器材,29212.0,0.345,0
C1156,R108,2026-07-17,營養補充品,28055.0,0.295,0
C1157,R107,2025-02-14,個人護理,56141.0,0.428,1
C1157,R107,2025-04-04,個人護理,55425.0,0.439,0
C1157,R107,2025-04-28,個人護理,72345.0,0.307,0
C1157,R107,2025-05-08,處方藥,91652.0,0.158,0
C1157,R107,2025-07-26,營養補充品,52313.0,0.248,0
C1157,R107,2025-09-21,OTC,43667.0,0.319,1
C1157,R107,2025-10-20,個人護理,55567.0,0.198,0
C1157,R107,2026-03-15,營養補充品,59996.0,0.383,0
C1157,R107,2026-05-07,營養補充品,50041.0,0.249,1
C1158,R112,2025-02-09,OTC,6145.0,0.328,1
C1158,R112,2025-04-10,醫療器材,9988.0,0.237,1
C1158,R112,2025-08-03,營養補充品,7764.0,0.302,0
C1158,R112,2025-10-23,醫療器材,8273.0,0.278,0
C1158,R112,2026-05-15,處方藥,9415.0,0.267,0
C1158,R112,2026-06-18,營養補充品,6963.0,0.228,0
C1158,R112,2026-07-12,處方藥,14029.0,0.242,0
C1159,R113,2025-02-11,處方藥,9622.0,0.233,0
C1159,R113,2025-05-30,醫療器材,28700.0,0.414,0
C1159,R113,2025-06-27,處方藥,25341.0,0.39,0
C1159,R113,2025-09-05,處方藥,21746.0,0.414,0
C1159,R113,2025-11-10,營養補充品,16364.0,0.174,0
C1159,R113,2026-01-01,個人護理,14619.0,0.353,0
C1159,R113,2026-01-09,營養補充品,22161.0,0.39,0
C1159,R113,2026-03-18,個人護理,30836.0,0.385,1
C1160,R111,2025-02-21,個人護理,45774.0,0.186,0
C1160,R111,2025-03-29,醫療器材,61773.0,0.162,0
C1160,R111,2025-07-03,醫療器材,33709.0,0.288,1
C1160,R111,2025-07-13,營養補充品,35396.0,0.168,0
C1160,R111,2025-08-19,處方藥,47922.0,0.305,1
C1160,R111,2025-11-21,處方藥,44259.0,0.321,1
C1160,R111,2026-01-06,營養補充品,55144.0,0.374,0
C1160,R111,2026-03-23,處方藥,26968.0,0.322,1
C1160,R111,2026-04-20,OTC,40915.0,0.401,0
C1160,R111,2026-05-14,營養補充品,39329.0,0.34,0
C1161,R102,2025-02-09,醫療器材,56210.0,0.161,1
C1161,R102,2025-03-29,處方藥,85756.0,0.294,1
C1161,R102,2025-05-18,處方藥,38572.0,0.385,0
C1161,R102,2025-06-14,醫療器材,49388.0,0.278,0
C1161,R102,2025-07-26,OTC,57332.0,0.157,1
C1161,R102,2025-08-20,醫療器材,82415.0,0.356,1
C1161,R102,2025-10-08,OTC,62073.0,0.319,0
C1161,R102,2026-03-16,醫療器材,84335.0,0.412,1
C1161,R102,2026-05-03,醫療器材,54807.0,0.4,0
C1161,R102,2026-07-14,醫療器材,72481.0,0.299,1
C1162,R101,2025-04-27,OTC,5498.0,0.313,0
C1162,R101,2025-07-05,處方藥,7779.0,0.242,0
C1162,R101,2025-10-30,個人護理,9293.0,0.268,1
C1162,R101,2025-12-29,OTC,5002.0,0.248,0
C1162,R101,2026-03-01,醫療器材,7593.0,0.427,0
C1162,R101,2026-04-26,醫療器材,7199.0,0.303,1
C1162,R101,2026-05-03,營養補充品,6236.0,0.336,1
C1162,R101,2026-07-06,OTC,8657.0,0.431,1
C1163,R114,2025-03-03,處方藥,96829.0,0.394,0
C1163,R114,2025-06-08,處方藥,77618.0,0.252,0
C1163,R114,2025-08-16,醫療器材,81025.0,0.352,0
C1163,R114,2025-10-23,OTC,62377.0,0.153,0
C1163,R114,2026-01-30,個人護理,51018.0,0.401,0
C1163,R114,2026-03-24,營養補充品,85508.0,0.294,1
C1163,R114,2026-05-24,營養補充品,59820.0,0.349,0
C1163,R114,2026-06-09,醫療器材,40657.0,0.246,0
C1163,R114,2026-07-07,處方藥,28288.0,0.447,0
C1164,R100,2025-05-03,營養補充品,54191.0,0.436,1
C1164,R100,2025-05-21,營養補充品,93018.0,0.449,0
C1164,R100,2025-06-22,個人護理,71038.0,0.403,0
C1164,R100,2025-09-06,營養補充品,76860.0,0.378,1
C1164,R100,2025-10-23,處方藥,78071.0,0.276,1
C1164,R100,2025-12-29,OTC,72563.0,0.314,0
C1164,R100,2026-03-08,OTC,89941.0,0.286,0
C1164,R100,2026-04-11,醫療器材,69142.0,0.241,0
C1164,R100,2026-05-19,營養補充品,62113.0,0.25,0
C1164,R100,2026-06-11,個人護理,93553.0,0.394,0
C1165,R108,2025-02-09,營養補充品,75001.0,0.288,0
C1165,R108,2025-03-21,營養補充品,64806.0,0.254,1
C1165,R108,2025-06-28,營養補充品,106370.0,0.417,0
C1165,R108,2025-07-11,營養補充品,75180.0,0.313,0
C1165,R108,2025-09-20,醫療器材,62533.0,0.177,0
C1165,R108,2025-10-24,醫療器材,53220.0,0.43,0
C1165,R108,2025-11-07,營養補充品,68766.0,0.297,0
C1165,R108,2026-03-11,個人護理,90509.0,0.406,0
C1165,R108,2026-04-05,處方藥,86928.0,0.339,0
C1165,R108,2026-06-22,OTC,69213.0,0.408,1
C1165,R108,2026-07-18,OTC,79558.0,0.28,1
C1166,R100,2025-02-14,OTC,5343.0,0.342,1
C1166,R100,2025-09-29,個人護理,4162.0,0.427,0
C1166,R100,2025-10-12,處方藥,4625.0,0.408,1
C1166,R100,2026-01-01,OTC,4125.0,0.34,0
C1166,R100,2026-01-17,醫療器材,3426.0,0.348,1
C1166,R100,2026-07-07,處方藥,3592.0,0.319,1
C1167,R108,2025-05-24,OTC,16763.0,0.392,0
C1167,R108,2025-09-01,醫療器材,15440.0,0.213,0
C1167,R108,2025-10-01,營養補充品,14933.0,0.262,0
C1167,R108,2025-12-24,營養補充品,12923.0,0.299,0
C1167,R108,2026-02-09,個人護理,8363.0,0.173,1
C1167,R108,2026-06-23,個人護理,15731.0,0.314,0
C1168,R108,2025-03-18,OTC,111141.0,0.423,0
C1168,R108,2025-07-21,醫療器材,51307.0,0.42,1
C1168,R108,2025-12-01,OTC,123660.0,0.418,0
C1168,R108,2026-02-28,醫療器材,126269.0,0.153,0
C1169,R114,2025-04-19,醫療器材,20422.0,0.428,0
C1169,R114,2025-07-13,營養補充品,15132.0,0.308,1
C1169,R114,2025-09-20,醫療器材,8086.0,0.252,0
C1169,R114,2025-11-24,營養補充品,20126.0,0.282,0
C1169,R114,2026-04-29,處方藥,11256.0,0.246,0
C1169,R114,2026-05-18,處方藥,6233.0,0.278,0
C1169,R114,2026-06-15,營養補充品,9426.0,0.407,0
C1169,R114,2026-07-24,醫療器材,9238.0,0.445,0
C1170,R108,2025-04-01,處方藥,7625.0,0.154,0
C1170,R108,2025-04-12,OTC,5485.0,0.243,0
C1170,R108,2025-06-18,OTC,5779.0,0.362,1
C1170,R108,2025-08-17,個人護理,4999.0,0.313,1
C1170,R108,2025-10-19,個人護理,6355.0,0.261,0
C1170,R108,2026-01-09,醫療器材,2173.0,0.225,0
C1170,R108,2026-02-16,營養補充品,5625.0,0.345,0
C1170,R108,2026-03-31,個人護理,3237.0,0.314,1
C1171,R102,2025-04-28,營養補充品,12611.0,0.255,1
C1171,R102,2025-09-19,OTC,13210.0,0.439,0
C1171,R102,2025-11-30,營養補充品,12188.0,0.404,0
C1171,R102,2026-04-18,營養補充品,2418.0,0.23,1
C1171,R102,2026-06-29,OTC,10399.0,0.254,1
C1172,R103,2025-02-25,OTC,13530.0,0.31,0
C1172,R103,2025-03-30,個人護理,12001.0,0.279,1
C1172,R103,2025-06-21,醫療器材,15731.0,0.255,0
C1172,R103,2025-09-03,OTC,7842.0,0.164,0
C1172,R103,2026-01-19,醫療器材,8264.0,0.417,1
C1172,R103,2026-03-07,OTC,4078.0,0.274,0
C1172,R103,2026-05-01,個人護理,7320.0,0.392,1
C1172,R103,2026-05-29,營養補充品,9656.0,0.368,0
C1172,R103,2026-06-21,營養補充品,14794.0,0.3,1
C1173,R105,2025-02-28,OTC,84811.0,0.294,1
C1173,R105,2025-03-17,個人護理,53361.0,0.189,0
C1173,R105,2025-04-18,處方藥,80317.0,0.426,0
C1173,R105,2025-05-11,OTC,63991.0,0.192,0
C1173,R105,2025-07-04,營養補充品,56329.0,0.208,1
C1173,R105,2025-08-21,處方藥,93754.0,0.398,0
C1173,R105,2026-03-25,處方藥,57708.0,0.368,0
C1174,R112,2025-02-26,個人護理,14673.0,0.322,0
C1174,R112,2025-05-03,OTC,17224.0,0.278,0
C1174,R112,2025-05-19,OTC,18397.0,0.368,1
C1174,R112,2025-06-25,醫療器材,11693.0,0.232,0
C1174,R112,2025-07-25,個人護理,17141.0,0.441,0
C1174,R112,2025-09-19,個人護理,15969.0,0.332,1
C1174,R112,2025-10-20,處方藥,25535.0,0.333,0
C1174,R112,2025-12-15,醫療器材,23778.0,0.38,0
C1174,R112,2026-01-17,OTC,20850.0,0.274,1
C1174,R112,2026-02-13,醫療器材,25437.0,0.296,1
C1174,R112,2026-06-20,OTC,31353.0,0.2,0
C1174,R112,2026-07-27,OTC,17176.0,0.419,0
C1175,R103,2025-02-12,醫療器材,5437.0,0.168,0
C1175,R103,2025-04-03,營養補充品,10757.0,0.16,0
C1175,R103,2025-07-03,個人護理,5664.0,0.231,0
C1175,R103,2025-07-22,個人護理,8383.0,0.184,0
C1175,R103,2026-02-19,個人護理,6464.0,0.299,1
C1175,R103,2026-03-19,個人護理,7664.0,0.155,0
C1175,R103,2026-05-18,OTC,833.0,0.269,0
C1176,R101,2025-02-19,營養補充品,98088.0,0.207,0
C1176,R101,2025-06-09,營養補充品,149000.0,0.438,0
C1176,R101,2025-07-20,醫療器材,121385.0,0.334,0
C1176,R101,2025-08-19,OTC,100364.0,0.213,0
C1176,R101,2025-09-19,OTC,69907.0,0.268,0
C1176,R101,2026-03-24,個人護理,161675.0,0.428,0
C1176,R101,2026-05-23,營養補充品,101423.0,0.353,0
C1177,R117,2025-03-13,處方藥,15704.0,0.346,1
C1177,R117,2025-05-03,OTC,20742.0,0.296,1
C1177,R117,2025-05-23,處方藥,13186.0,0.151,0
C1177,R117,2025-09-22,個人護理,15986.0,0.245,0
C1177,R117,2026-02-23,OTC,22944.0,0.42,0
C1177,R117,2026-05-17,個人護理,23109.0,0.204,0
C1178,R114,2025-05-20,營養補充品,110584.0,0.186,0
C1178,R114,2025-11-20,OTC,69504.0,0.206,0
C1178,R114,2025-12-09,OTC,69925.0,0.407,0
C1178,R114,2026-02-18,處方藥,78990.0,0.256,0
C1178,R114,2026-04-23,個人護理,31122.0,0.358,0
C1178,R114,2026-05-04,個人護理,59692.0,0.293,1
C1178,R114,2026-06-02,處方藥,23665.0,0.312,1
C1179,R108,2025-02-07,醫療器材,12804.0,0.155,0
C1179,R108,2025-07-05,處方藥,10249.0,0.215,1
C1179,R108,2025-08-27,營養補充品,17608.0,0.206,1
C1179,R108,2025-09-18,OTC,14920.0,0.173,1
C1179,R108,2026-01-18,營養補充品,14372.0,0.384,1
C1179,R108,2026-07-07,OTC,15871.0,0.399,1
C1180,R102,2025-05-25,營養補充品,4264.0,0.223,0
C1180,R102,2026-03-04,營養補充品,4856.0,0.297,0
C1180,R102,2026-06-26,個人護理,3627.0,0.342,0
C1181,R102,2025-04-26,處方藥,40703.0,0.341,0
C1181,R102,2025-06-05,OTC,70597.0,0.333,0
C1181,R102,2025-07-20,個人護理,49237.0,0.389,0
C1181,R102,2025-08-09,個人護理,38679.0,0.371,0
C1181,R102,2025-09-14,營養補充品,32711.0,0.343,1
C1181,R102,2025-11-18,醫療器材,65501.0,0.342,0
C1181,R102,2026-05-12,營養補充品,87556.0,0.215,1
C1181,R102,2026-06-29,醫療器材,44034.0,0.237,0
C1182,R116,2025-02-11,醫療器材,16241.0,0.391,1
C1182,R116,2025-03-19,醫療器材,11947.0,0.333,1
C1182,R116,2025-05-14,OTC,15021.0,0.3,0
C1182,R116,2025-06-25,OTC,15389.0,0.331,0
C1182,R116,2025-07-11,OTC,9237.0,0.425,0
C1182,R116,2025-08-25,處方藥,13862.0,0.43,0
C1182,R116,2025-09-24,處方藥,14337.0,0.197,1
C1182,R116,2025-11-29,醫療器材,16131.0,0.437,0
C1182,R116,2026-01-20,營養補充品,13409.0,0.318,0
C1182,R116,2026-06-07,OTC,3303.0,0.233,0
C1183,R116,2025-03-19,醫療器材,33839.0,0.298,0
C1183,R116,2025-04-27,個人護理,47368.0,0.294,0
C1183,R116,2025-07-28,營養補充品,41177.0,0.434,1
C1183,R116,2025-08-21,營養補充品,34589.0,0.358,0
C1183,R116,2025-11-25,處方藥,21380.0,0.41,0
C1183,R116,2025-12-05,OTC,46628.0,0.228,0
C1183,R116,2026-01-06,營養補充品,27749.0,0.389,0
C1183,R116,2026-02-08,營養補充品,33318.0,0.442,0
C1183,R116,2026-05-21,處方藥,12979.0,0.323,0
C1184,R105,2025-04-19,OTC,11729.0,0.38,0
C1184,R105,2025-05-08,醫療器材,12292.0,0.235,0
C1184,R105,2025-07-20,處方藥,10919.0,0.175,1
C1184,R105,2026-03-31,處方藥,8527.0,0.171,0
C1184,R105,2026-04-24,營養補充品,7587.0,0.153,1
C1185,R103,2025-03-11,營養補充品,6560.0,0.278,0
C1185,R103,2025-05-31,醫療器材,8111.0,0.261,0
C1185,R103,2025-06-30,醫療器材,6768.0,0.245,0
C1185,R103,2025-07-26,個人護理,10069.0,0.441,1
C1185,R103,2026-03-21,個人護理,7227.0,0.192,1
C1185,R103,2026-04-28,營養補充品,6278.0,0.355,0
C1185,R103,2026-07-12,個人護理,7320.0,0.205,0
C1186,R111,2025-02-08,個人護理,26816.0,0.35,1
C1186,R111,2025-05-26,個人護理,22673.0,0.368,0
C1186,R111,2025-06-22,醫療器材,26256.0,0.379,0
C1186,R111,2026-03-01,個人護理,27025.0,0.202,0
C1186,R111,2026-03-28,處方藥,23703.0,0.228,0
C1186,R111,2026-05-15,營養補充品,19255.0,0.256,0
C1186,R111,2026-06-16,個人護理,14503.0,0.323,0
C1187,R111,2025-03-13,個人護理,9106.0,0.242,0
C1187,R111,2025-04-25,醫療器材,5664.0,0.222,0
C1187,R111,2025-10-10,醫療器材,11013.0,0.287,0
C1187,R111,2026-01-13,營養補充品,5311.0,0.4,0
C1187,R111,2026-06-26,醫療器材,4525.0,0.336,0
C1188,R110,2025-04-01,OTC,5757.0,0.185,1
C1188,R110,2025-05-20,醫療器材,4749.0,0.254,0
C1188,R110,2025-08-23,OTC,9513.0,0.31,0
C1188,R110,2025-12-29,OTC,6380.0,0.247,1
C1188,R110,2026-06-22,個人護理,1606.0,0.446,1
C1189,R102,2025-02-17,營養補充品,178838.0,0.388,1
C1189,R102,2025-07-02,醫療器材,108095.0,0.174,0
C1189,R102,2025-07-18,處方藥,125407.0,0.384,1
C1189,R102,2025-08-18,OTC,105505.0,0.16,0
C1189,R102,2025-09-16,醫療器材,131192.0,0.178,0
C1189,R102,2025-12-04,個人護理,141221.0,0.189,0
C1189,R102,2026-04-24,個人護理,134539.0,0.158,1
C1189,R102,2026-06-06,OTC,117305.0,0.285,0
C1190,R115,2025-03-25,OTC,28645.0,0.274,0
C1190,R115,2025-05-02,醫療器材,56260.0,0.219,0
C1190,R115,2025-05-12,處方藥,43650.0,0.194,0
C1190,R115,2025-06-12,營養補充品,26797.0,0.172,0
C1190,R115,2025-08-25,處方藥,52931.0,0.261,0
C1190,R115,2025-10-03,個人護理,43946.0,0.373,0
C1190,R115,2025-12-26,OTC,68714.0,0.215,1
C1190,R115,2026-03-26,醫療器材,41451.0,0.209,0
C1190,R115,2026-04-09,個人護理,20690.0,0.439,1
C1190,R115,2026-07-09,個人護理,26165.0,0.392,0
C1191,R109,2025-04-28,醫療器材,14431.0,0.385,1
C1191,R109,2025-05-10,OTC,15234.0,0.34,0
C1191,R109,2025-07-19,個人護理,18912.0,0.247,0
C1191,R109,2025-08-13,營養補充品,17866.0,0.327,0
C1191,R109,2025-10-29,處方藥,12369.0,0.182,1
C1191,R109,2026-02-18,醫療器材,15922.0,0.43,0
C1192,R108,2025-07-30,OTC,54552.0,0.273,0
C1192,R108,2025-09-23,營養補充品,46107.0,0.176,1
C1192,R108,2025-10-19,OTC,25085.0,0.369,0
C1192,R108,2025-11-16,OTC,36345.0,0.35,0
C1192,R108,2025-12-21,營養補充品,42397.0,0.427,0
C1192,R108,2026-06-16,醫療器材,30634.0,0.364,0
C1192,R108,2026-07-07,醫療器材,35012.0,0.372,0
C1193,R110,2025-02-24,醫療器材,2741.0,0.289,1
C1193,R110,2025-04-30,OTC,4643.0,0.42,1
C1193,R110,2025-05-31,營養補充品,4538.0,0.415,0
C1193,R110,2025-07-17,營養補充品,4568.0,0.34,0
C1193,R110,2025-08-09,營養補充品,3086.0,0.274,0
C1193,R110,2025-09-20,個人護理,5838.0,0.39,1
C1193,R110,2025-12-08,個人護理,7249.0,0.276,0
C1193,R110,2026-02-06,個人護理,5795.0,0.358,0
C1193,R110,2026-07-23,OTC,3773.0,0.368,0
C1194,R105,2025-04-25,個人護理,81854.0,0.407,0
C1194,R105,2025-05-18,個人護理,71217.0,0.232,0
C1194,R105,2026-02-18,營養補充品,83280.0,0.175,1
C1194,R105,2026-03-17,處方藥,84257.0,0.355,0
C1194,R105,2026-06-06,個人護理,25145.0,0.152,1
C1194,R105,2026-07-06,營養補充品,40581.0,0.367,1
C1195,R116,2025-07-15,OTC,19620.0,0.179,1
C1195,R116,2025-09-30,醫療器材,22940.0,0.346,1
C1195,R116,2025-12-25,OTC,20280.0,0.238,0
C1195,R116,2026-03-21,OTC,24317.0,0.303,1
C1195,R116,2026-05-19,個人護理,34549.0,0.285,0
C1196,R111,2025-04-28,OTC,4991.0,0.406,1
C1196,R111,2025-10-25,營養補充品,4817.0,0.428,0
C1196,R111,2025-12-12,醫療器材,5677.0,0.184,0
C1196,R111,2026-01-14,營養補充品,4614.0,0.236,0
C1196,R111,2026-02-13,營養補充品,6230.0,0.171,0
C1196,R111,2026-04-17,OTC,3837.0,0.365,1
C1196,R111,2026-06-05,OTC,3138.0,0.17,0
C1197,R104,2025-07-03,醫療器材,7252.0,0.257,0
C1197,R104,2025-08-27,OTC,7911.0,0.28,1
C1197,R104,2025-09-08,醫療器材,5177.0,0.427,1
C1197,R104,2025-10-22,處方藥,8715.0,0.342,0
C1197,R104,2025-12-18,處方藥,8561.0,0.205,1
C1197,R104,2026-03-19,營養補充品,7616.0,0.361,1
C1197,R104,2026-04-20,營養補充品,3732.0,0.332,0
C1198,R111,2025-03-07,醫療器材,31658.0,0.397,1
C1198,R111,2025-06-19,OTC,23501.0,0.212,0
C1198,R111,2025-10-09,OTC,16980.0,0.266,0
C1198,R111,2025-12-17,OTC,26277.0,0.262,1
C1198,R111,2026-06-13,OTC,38406.0,0.231,0
C1199,R103,2025-02-11,個人護理,51599.0,0.17,0
C1199,R103,2025-03-24,處方藥,47963.0,0.346,0
C1199,R103,2025-05-10,營養補充品,40585.0,0.151,1
C1199,R103,2025-06-19,處方藥,57521.0,0.388,1
C1199,R103,2025-11-13,OTC,36890.0,0.195,0
C1199,R103,2026-01-09,營養補充品,56022.0,0.281,0
C1199,R103,2026-02-06,醫療器材,55247.0,0.218,0
C1199,R103,2026-03-04,營養補充品,60025.0,0.324,0
C1199,R103,2026-04-26,醫療器材,58387.0,0.36,0
C1199,R103,2026-06-08,個人護理,39751.0,0.231,0
C1199,R103,2026-07-24,個人護理,56618.0,0.306,1
C1200,R115,2025-05-08,醫療器材,21515.0,0.195,1
C1200,R115,2025-06-26,OTC,21533.0,0.345,0
C1200,R115,2025-07-12,處方藥,15806.0,0.388,0
C1200,R115,2025-09-14,營養補充品,24007.0,0.227,0
C1200,R115,2025-10-06,OTC,21244.0,0.343,0
C1200,R115,2025-12-31,處方藥,12351.0,0.343,1
C1200,R115,2026-02-24,營養補充品,27811.0,0.416,0
C1200,R115,2026-04-01,OTC,21397.0,0.168,0
C1200,R115,2026-04-26,處方藥,21078.0,0.402,0
C1200,R115,2026-05-31,醫療器材,26062.0,0.389,0
C1201,R100,2025-02-15,處方藥,109357.0,0.235,0
C1201,R100,2025-03-12,個人護理,173579.0,0.187,1
C1201,R100,2025-04-11,OTC,151937.0,0.306,0
C1201,R100,2025-05-21,個人護理,137226.0,0.404,0
C1201,R100,2025-07-16,個人護理,147888.0,0.221,0
C1201,R100,2025-08-20,處方藥,136067.0,0.184,0
C1201,R100,2025-09-19,個人護理,179963.0,0.228,0
C1201,R100,2025-11-14,OTC,134799.0,0.324,0
C1201,R100,2025-12-04,個人護理,177876.0,0.221,1
C1201,R100,2026-01-17,OTC,131383.0,0.342,0
C1201,R100,2026-03-23,處方藥,130647.0,0.307,1
C1201,R100,2026-04-19,處方藥,126553.0,0.24,0
C1201,R100,2026-05-03,個人護理,147776.0,0.233,1
C1202,R111,2025-03-01,個人護理,50109.0,0.413,0
C1202,R111,2025-04-09,營養補充品,118402.0,0.277,1
C1202,R111,2025-06-28,OTC,97455.0,0.32,0
C1202,R111,2025-07-15,處方藥,100944.0,0.282,0
C1202,R111,2025-09-13,OTC,98034.0,0.384,0
C1202,R111,2025-10-23,處方藥,80100.0,0.402,0
C1202,R111,2025-11-15,個人護理,96359.0,0.251,0
C1202,R111,2025-12-14,營養補充品,153790.0,0.434,1
C1202,R111,2026-01-11,醫療器材,117247.0,0.191,1
C1202,R111,2026-03-26,處方藥,155452.0,0.302,0
C1202,R111,2026-04-13,OTC,94786.0,0.188,0
C1202,R111,2026-06-23,醫療器材,127532.0,0.398,0
C1203,R108,2025-02-25,營養補充品,31987.0,0.326,0
C1203,R108,2025-03-31,處方藥,24695.0,0.272,0
C1203,R108,2025-05-29,處方藥,35807.0,0.236,0
C1203,R108,2025-07-21,營養補充品,32609.0,0.345,0
C1203,R108,2025-09-18,處方藥,40981.0,0.43,0
C1203,R108,2026-01-31,個人護理,40808.0,0.282,0
C1203,R108,2026-02-21,個人護理,37641.0,0.307,1
C1203,R108,2026-03-21,處方藥,30284.0,0.448,1
C1203,R108,2026-05-10,個人護理,24519.0,0.156,1
C1203,R108,2026-07-19,醫療器材,22787.0,0.244,0
C1204,R117,2025-05-24,個人護理,4335.0,0.263,1
C1204,R117,2025-08-25,營養補充品,4770.0,0.423,0
C1204,R117,2025-10-12,個人護理,3832.0,0.386,0
C1204,R117,2025-11-17,個人護理,4618.0,0.224,0
C1204,R117,2025-12-09,醫療器材,3364.0,0.412,1
C1204,R117,2026-04-18,處方藥,5010.0,0.266,0
C1204,R117,2026-05-09,營養補充品,2047.0,0.299,0
C1204,R117,2026-06-02,處方藥,6317.0,0.206,0
C1204,R117,2026-07-26,營養補充品,3727.0,0.39,0
C1205,R108,2025-03-05,個人護理,170378.0,0.414,0
C1205,R108,2025-06-19,營養補充品,155337.0,0.22,1
C1205,R108,2025-07-17,個人護理,174453.0,0.163,1
C1205,R108,2025-08-27,營養補充品,137364.0,0.323,0
C1205,R108,2025-10-16,OTC,173463.0,0.345,0
C1205,R108,2026-01-25,個人護理,132010.0,0.436,0
C1206,R115,2025-02-20,處方藥,29811.0,0.18,0
C1206,R115,2025-04-09,營養補充品,26619.0,0.423,0
C1206,R115,2025-05-30,OTC,27404.0,0.32,0
C1206,R115,2025-06-07,營養補充品,18997.0,0.389,1
C1206,R115,2025-08-26,OTC,25508.0,0.221,1
C1206,R115,2025-12-21,OTC,23894.0,0.346,1
C1206,R115,2026-05-16,處方藥,6526.0,0.332,1
C1206,R115,2026-06-19,個人護理,6898.0,0.387,0
C1206,R115,2026-07-23,營養補充品,11710.0,0.2,0
C1207,R115,2025-02-11,醫療器材,36279.0,0.253,0
C1207,R115,2025-05-18,處方藥,50408.0,0.401,0
C1207,R115,2025-08-02,個人護理,25461.0,0.34,0
C1207,R115,2025-08-10,醫療器材,44270.0,0.3,0
C1207,R115,2025-09-18,OTC,45355.0,0.432,0
C1207,R115,2025-11-28,個人護理,44771.0,0.172,0
C1207,R115,2026-01-06,處方藥,45823.0,0.323,0
C1207,R115,2026-04-21,個人護理,52830.0,0.413,0
C1207,R115,2026-05-11,個人護理,56721.0,0.356,0
C1208,R107,2025-03-23,OTC,8989.0,0.183,0
C1208,R107,2025-04-21,OTC,4976.0,0.391,1
C1208,R107,2025-06-21,OTC,13487.0,0.306,1
C1208,R107,2025-08-17,OTC,7792.0,0.252,1
C1208,R107,2025-09-21,營養補充品,10681.0,0.205,0
C1208,R107,2025-12-21,個人護理,10847.0,0.233,0
C1208,R107,2026-03-27,營養補充品,8613.0,0.365,0
C1208,R107,2026-04-22,OTC,9796.0,0.341,1
C1208,R107,2026-07-30,OTC,8512.0,0.232,1
C1209,R102,2025-02-22,營養補充品,11024.0,0.226,0
C1209,R102,2025-06-02,醫療器材,12539.0,0.407,0
C1209,R102,2025-08-08,OTC,8749.0,0.296,0
C1209,R102,2025-10-08,醫療器材,10490.0,0.313,1
C1209,R102,2025-11-05,醫療器材,15081.0,0.229,0
C1209,R102,2026-01-12,個人護理,7894.0,0.235,1
C1209,R102,2026-02-04,個人護理,12571.0,0.387,1
C1209,R102,2026-03-25,處方藥,10514.0,0.333,0
C1209,R102,2026-04-14,處方藥,14789.0,0.235,1
C1209,R102,2026-06-23,處方藥,7057.0,0.41,0
C1209,R102,2026-07-24,處方藥,11060.0,0.191,1
C1210,R107,2025-03-19,處方藥,20773.0,0.448,0
C1210,R107,2025-04-10,OTC,8769.0,0.165,0
C1210,R107,2025-08-27,營養補充品,21276.0,0.177,1
C1210,R107,2026-02-09,個人護理,26378.0,0.195,0
C1210,R107,2026-06-23,醫療器材,15352.0,0.427,0
C1211,R109,2025-02-17,醫療器材,31077.0,0.31,0
C1211,R109,2025-04-11,OTC,16440.0,0.379,1
C1211,R109,2025-05-19,營養補充品,29042.0,0.228,0
C1211,R109,2025-08-16,個人護理,19370.0,0.281,0
C1211,R109,2025-12-28,OTC,18961.0,0.278,0
C1211,R109,2026-02-15,OTC,24716.0,0.392,0
C1211,R109,2026-05-31,處方藥,21773.0,0.297,0
C1211,R109,2026-06-20,營養補充品,38251.0,0.345,1
C1211,R109,2026-07-10,處方藥,27802.0,0.337,0
C1212,R104,2025-02-13,OTC,52764.0,0.284,0
C1212,R104,2025-03-22,處方藥,45988.0,0.177,1
C1212,R104,2025-04-15,處方藥,59471.0,0.332,0
C1212,R104,2025-07-15,營養補充品,49623.0,0.438,0
C1212,R104,2025-09-03,個人護理,44075.0,0.33,1
C1212,R104,2026-01-20,醫療器材,61636.0,0.21,0
C1212,R104,2026-02-12,處方藥,65345.0,0.349,0
C1212,R104,2026-04-23,醫療器材,35620.0,0.189,0
C1212,R104,2026-05-11,處方藥,43079.0,0.333,0
C1213,R108,2025-07-19,醫療器材,11154.0,0.273,0
C1213,R108,2025-09-18,營養補充品,18269.0,0.384,1
C1213,R108,2025-10-31,營養補充品,18909.0,0.36,0
C1214,R108,2025-05-02,OTC,54725.0,0.184,0
C1214,R108,2025-07-22,處方藥,61426.0,0.358,0
C1214,R108,2025-10-27,營養補充品,85049.0,0.177,1
C1214,R108,2025-12-02,醫療器材,68141.0,0.166,1
C1214,R108,2026-02-04,營養補充品,63706.0,0.362,0
C1214,R108,2026-03-17,個人護理,95478.0,0.422,0
C1214,R108,2026-05-03,醫療器材,85924.0,0.208,0
C1214,R108,2026-06-05,營養補充品,26862.0,0.266,0
C1215,R100,2025-02-19,個人護理,194576.0,0.252,0
C1215,R100,2025-03-26,個人護理,215094.0,0.179,1
C1215,R100,2025-06-27,OTC,173594.0,0.169,1
C1215,R100,2025-08-03,處方藥,209106.0,0.34,0
C1215,R100,2025-09-23,處方藥,201560.0,0.28,0
C1215,R100,2025-12-04,營養補充品,203109.0,0.428,0
C1215,R100,2026-02-11,個人護理,132266.0,0.224,0
C1215,R100,2026-03-19,OTC,224764.0,0.33,1
C1215,R100,2026-04-26,OTC,194311.0,0.408,0
C1215,R100,2026-06-06,醫療器材,194895.0,0.367,0
C1215,R100,2026-07-11,營養補充品,226965.0,0.185,1
C1216,R101,2025-03-02,個人護理,49410.0,0.403,0
C1216,R101,2025-08-03,營養補充品,49734.0,0.167,1
C1216,R101,2025-09-03,OTC,59389.0,0.448,0
C1216,R101,2025-10-26,OTC,40718.0,0.251,0
C1216,R101,2026-01-09,個人護理,21161.0,0.334,0
C1216,R101,2026-02-11,處方藥,45675.0,0.319,0
C1217,R113,2025-03-20,OTC,24038.0,0.22,0
C1217,R113,2025-05-15,營養補充品,44909.0,0.416,1
C1217,R113,2025-07-21,營養補充品,32780.0,0.23,0
C1217,R113,2025-10-11,處方藥,25851.0,0.154,0
C1217,R113,2025-12-30,醫療器材,43866.0,0.26,1
C1218,R107,2025-05-27,處方藥,18643.0,0.25,1
C1218,R107,2025-10-02,處方藥,18240.0,0.184,0
C1218,R107,2025-11-24,醫療器材,17147.0,0.159,1
C1218,R107,2025-12-19,醫療器材,14544.0,0.151,0
C1218,R107,2026-02-14,OTC,11981.0,0.331,1
C1218,R107,2026-07-11,個人護理,10538.0,0.289,0
C1219,R108,2025-03-07,醫療器材,13448.0,0.267,1
C1219,R108,2025-05-01,處方藥,11448.0,0.181,0
C1219,R108,2025-08-15,OTC,17019.0,0.407,1
C1219,R108,2025-11-10,個人護理,23680.0,0.242,1
C1219,R108,2026-02-10,OTC,19772.0,0.383,1
C1219,R108,2026-04-17,處方藥,16636.0,0.265,0
C1219,R108,2026-06-16,處方藥,8491.0,0.159,0
C1220,R105,2025-06-03,處方藥,11871.0,0.172,0
C1220,R105,2025-07-29,個人護理,8016.0,0.179,0
C1220,R105,2025-10-07,OTC,7980.0,0.442,0
C1220,R105,2026-01-07,個人護理,10259.0,0.294,0
C1220,R105,2026-04-22,醫療器材,5159.0,0.166,0
C1220,R105,2026-06-22,OTC,10055.0,0.191,1
C1221,R107,2025-03-10,處方藥,51144.0,0.215,0
C1221,R107,2025-05-14,OTC,49778.0,0.302,1
C1221,R107,2025-08-22,OTC,49964.0,0.373,0
C1221,R107,2025-11-08,處方藥,26274.0,0.408,0
C1221,R107,2026-03-09,醫療器材,46784.0,0.421,0
C1221,R107,2026-04-11,醫療器材,42146.0,0.433,0
C1221,R107,2026-06-05,OTC,60022.0,0.263,0
C1222,R106,2025-04-03,OTC,36697.0,0.376,0
C1222,R106,2025-04-23,營養補充品,30792.0,0.192,0
C1222,R106,2025-06-07,處方藥,47037.0,0.403,0
C1222,R106,2025-07-14,醫療器材,33141.0,0.339,0
C1222,R106,2025-10-13,營養補充品,41080.0,0.214,0
C1222,R106,2025-11-04,處方藥,44086.0,0.42,0
C1222,R106,2025-12-07,營養補充品,40033.0,0.397,1
C1222,R106,2026-01-09,OTC,45961.0,0.263,0
C1222,R106,2026-02-25,個人護理,32720.0,0.226,0
C1222,R106,2026-04-27,個人護理,39694.0,0.262,0
C1222,R106,2026-06-16,個人護理,32853.0,0.194,0
C1223,R102,2025-04-10,個人護理,17530.0,0.414,0
C1223,R102,2025-06-08,處方藥,14172.0,0.332,0
C1223,R102,2025-07-30,醫療器材,20401.0,0.311,0
C1223,R102,2025-09-09,處方藥,12762.0,0.399,0
C1223,R102,2025-12-26,醫療器材,23211.0,0.333,0
C1223,R102,2026-05-16,營養補充品,19175.0,0.34,1
C1224,R107,2025-02-25,個人護理,107424.0,0.336,0
C1224,R107,2025-04-03,OTC,112644.0,0.357,0
C1224,R107,2025-04-13,個人護理,157478.0,0.389,0
C1224,R107,2025-06-26,處方藥,108064.0,0.438,0
C1224,R107,2025-07-19,處方藥,137633.0,0.281,0
C1224,R107,2025-08-20,營養補充品,122814.0,0.416,0
C1224,R107,2025-09-15,醫療器材,176339.0,0.292,1
C1224,R107,2026-01-23,OTC,103546.0,0.155,0
C1224,R107,2026-04-24,處方藥,82368.0,0.393,0
C1224,R107,2026-05-27,OTC,22586.0,0.289,0
C1224,R107,2026-06-17,醫療器材,155741.0,0.405,1
C1224,R107,2026-07-06,個人護理,128242.0,0.205,0
C1225,R103,2025-12-06,醫療器材,25337.0,0.316,0
C1225,R103,2026-01-11,營養補充品,25372.0,0.399,1
C1225,R103,2026-02-12,營養補充品,22189.0,0.3,0
C1225,R103,2026-03-13,營養補充品,24753.0,0.416,0
C1225,R103,2026-04-24,OTC,13550.0,0.25,1
C1225,R103,2026-05-16,OTC,5471.0,0.164,0
C1226,R112,2025-05-02,個人護理,12768.0,0.323,0
C1226,R112,2025-07-02,OTC,16516.0,0.207,0
C1226,R112,2025-10-19,營養補充品,13426.0,0.373,0
C1226,R112,2026-04-19,處方藥,6754.0,0.427,0
C1226,R112,2026-05-17,OTC,9141.0,0.416,1
C1227,R116,2025-02-28,OTC,18830.0,0.344,1
C1227,R116,2025-05-20,個人護理,20481.0,0.282,0
C1227,R116,2025-06-14,處方藥,21442.0,0.185,1
C1227,R116,2025-07-29,醫療器材,19232.0,0.284,0
C1227,R116,2025-11-11,醫療器材,30530.0,0.429,0
C1227,R116,2025-12-20,處方藥,17770.0,0.249,1
C1227,R116,2026-01-20,處方藥,18418.0,0.315,1
C1227,R116,2026-02-18,OTC,17371.0,0.378,1
C1227,R116,2026-03-26,OTC,14749.0,0.342,0
C1227,R116,2026-05-01,醫療器材,27922.0,0.165,0
C1228,R111,2025-03-11,營養補充品,67972.0,0.288,1
C1228,R111,2025-04-22,處方藥,70587.0,0.427,1
C1228,R111,2025-06-22,營養補充品,69248.0,0.176,0
C1228,R111,2026-02-03,營養補充品,86276.0,0.371,1
C1228,R111,2026-03-21,個人護理,71497.0,0.347,0
C1228,R111,2026-05-27,個人護理,31992.0,0.436,0
C1229,R102,2025-02-13,個人護理,13861.0,0.295,0
C1229,R102,2025-05-20,處方藥,13439.0,0.287,0
C1229,R102,2025-06-10,醫療器材,7838.0,0.378,1
C1229,R102,2025-07-28,醫療器材,14388.0,0.338,0
C1229,R102,2025-08-30,醫療器材,12104.0,0.373,0
C1229,R102,2025-09-22,營養補充品,5308.0,0.274,0
C1229,R102,2025-10-19,醫療器材,8784.0,0.179,0
C1229,R102,2025-12-19,個人護理,13707.0,0.335,1
C1229,R102,2026-01-12,個人護理,12765.0,0.286,1
C1229,R102,2026-03-08,OTC,8113.0,0.39,0
C1230,R117,2025-03-05,處方藥,11715.0,0.268,0
C1230,R117,2025-05-20,個人護理,20548.0,0.318,0
C1230,R117,2025-08-17,醫療器材,12398.0,0.194,0
C1230,R117,2025-10-25,醫療器材,14997.0,0.419,0
C1230,R117,2025-12-06,OTC,12110.0,0.346,1
C1230,R117,2026-01-26,營養補充品,9732.0,0.159,0
C1230,R117,2026-02-04,處方藥,15675.0,0.234,1
C1230,R117,2026-03-04,營養補充品,13100.0,0.384,0
C1230,R117,2026-04-20,OTC,11295.0,0.421,1
C1230,R117,2026-05-05,個人護理,14465.0,0.157,0
C1230,R117,2026-07-26,醫療器材,14633.0,0.308,0
C1231,R114,2025-02-12,OTC,98913.0,0.401,0
C1231,R114,2025-03-18,醫療器材,110319.0,0.294,0
C1231,R114,2025-05-03,個人護理,181425.0,0.246,1
C1231,R114,2025-06-29,處方藥,168215.0,0.348,1
C1231,R114,2025-07-08,醫療器材,69895.0,0.386,0
C1231,R114,2025-08-17,處方藥,131379.0,0.255,1
C1231,R114,2025-11-07,醫療器材,134585.0,0.335,1
C1231,R114,2025-12-22,營養補充品,138409.0,0.326,0
C1231,R114,2026-04-27,醫療器材,194407.0,0.436,0
C1231,R114,2026-05-07,營養補充品,103451.0,0.268,0
C1232,R111,2025-03-11,醫療器材,137788.0,0.19,0
C1232,R111,2025-06-24,醫療器材,193390.0,0.446,1
C1232,R111,2025-08-04,醫療器材,164455.0,0.195,1
C1232,R111,2025-09-21,處方藥,129990.0,0.214,0
C1232,R111,2025-10-30,OTC,136335.0,0.365,0
C1232,R111,2025-11-25,醫療器材,115146.0,0.241,1
C1232,R111,2026-02-06,處方藥,114659.0,0.195,0
C1232,R111,2026-04-01,醫療器材,153889.0,0.415,0
C1232,R111,2026-06-26,營養補充品,115827.0,0.189,0
C1232,R111,2026-07-09,個人護理,114462.0,0.374,1
C1233,R105,2025-02-14,營養補充品,42667.0,0.307,0
C1233,R105,2025-03-21,營養補充品,41929.0,0.151,0
C1233,R105,2025-04-22,個人護理,37874.0,0.321,1
C1233,R105,2025-05-13,OTC,29060.0,0.432,1
C1233,R105,2025-07-17,OTC,32706.0,0.293,0
C1233,R105,2025-08-21,營養補充品,32460.0,0.342,0
C1233,R105,2025-09-15,處方藥,22992.0,0.344,1
C1233,R105,2025-11-15,醫療器材,26290.0,0.257,0
C1233,R105,2025-12-08,營養補充品,30091.0,0.284,0
C1233,R105,2026-01-15,OTC,21804.0,0.282,0
C1233,R105,2026-04-14,處方藥,18728.0,0.367,0
C1233,R105,2026-05-27,處方藥,12204.0,0.212,0
C1234,R110,2025-02-20,醫療器材,189544.0,0.181,1
C1234,R110,2025-04-13,個人護理,81596.0,0.339,1
C1234,R110,2025-06-03,OTC,184686.0,0.199,1
C1234,R110,2025-06-24,醫療器材,232633.0,0.154,0
C1234,R110,2025-07-20,OTC,159906.0,0.301,0
C1234,R110,2025-08-20,處方藥,193418.0,0.325,0
C1234,R110,2025-09-25,醫療器材,201492.0,0.243,1
C1234,R110,2025-10-06,OTC,150698.0,0.189,0
C1234,R110,2025-11-13,營養補充品,114023.0,0.419,0
C1234,R110,2025-12-14,醫療器材,127553.0,0.209,1
C1234,R110,2026-01-18,個人護理,77962.0,0.426,0
C1234,R110,2026-03-04,營養補充品,229725.0,0.394,1
C1234,R110,2026-05-26,營養補充品,60717.0,0.427,0
C1234,R110,2026-06-19,OTC,103588.0,0.382,0
C1234,R110,2026-07-13,營養補充品,46819.0,0.327,0
C1235,R106,2025-05-09,處方藥,12069.0,0.438,0
C1235,R106,2025-11-13,營養補充品,9770.0,0.274,0
C1235,R106,2026-06-19,處方藥,7618.0,0.372,0
C1236,R106,2025-03-10,OTC,215637.0,0.33,0
C1236,R106,2025-05-08,處方藥,203551.0,0.427,0
C1236,R106,2025-07-30,處方藥,155177.0,0.333,1
C1236,R106,2025-08-06,醫療器材,127991.0,0.384,1
C1236,R106,2025-09-10,OTC,101992.0,0.363,0
C1236,R106,2025-10-23,醫療器材,180201.0,0.311,0
C1236,R106,2025-12-30,醫療器材,116892.0,0.426,0
C1236,R106,2026-01-10,個人護理,100293.0,0.38,0
C1236,R106,2026-04-27,營養補充品,111674.0,0.337,0
C1236,R106,2026-06-09,營養補充品,125112.0,0.408,1
C1236,R106,2026-07-17,處方藥,133940.0,0.33,1
C1237,R108,2025-05-02,處方藥,48044.0,0.256,1
C1237,R108,2025-05-17,醫療器材,22260.0,0.41,0
C1237,R108,2025-06-24,個人護理,47295.0,0.184,0
C1237,R108,2025-09-03,營養補充品,45406.0,0.244,0
C1237,R108,2025-09-22,OTC,62293.0,0.151,1
C1237,R108,2026-01-23,醫療器材,52656.0,0.222,0
C1238,R102,2025-06-09,醫療器材,4380.0,0.16,0
C1238,R102,2025-08-17,處方藥,3818.0,0.151,0
C1238,R102,2025-09-27,醫療器材,2531.0,0.381,1
C1238,R102,2025-10-06,處方藥,4579.0,0.352,0
C1238,R102,2026-01-06,處方藥,2629.0,0.314,0
C1238,R102,2026-02-04,個人護理,2612.0,0.429,0
C1238,R102,2026-06-12,個人護理,815.0,0.44,0
C1239,R113,2025-02-20,處方藥,2428.0,0.255,1
C1239,R113,2025-05-05,個人護理,2147.0,0.399,0
C1239,R113,2025-09-26,處方藥,2486.0,0.437,0
C1239,R113,2025-10-10,醫療器材,3034.0,0.295,1
C1239,R113,2026-04-03,醫療器材,1273.0,0.393,1
C1240,R103,2025-04-14,處方藥,30271.0,0.393,0
C1240,R103,2025-05-15,醫療器材,14684.0,0.424,1
C1240,R103,2025-06-15,個人護理,25685.0,0.154,1
C1240,R103,2025-08-24,醫療器材,29621.0,0.213,0
C1240,R103,2026-02-23,醫療器材,23324.0,0.392,1
C1240,R103,2026-03-05,處方藥,21728.0,0.403,1
C1240,R103,2026-04-10,個人護理,22915.0,0.367,1
C1240,R103,2026-06-24,營養補充品,13056.0,0.431,1
C1240,R103,2026-07-06,醫療器材,18837.0,0.165,0
C1241,R105,2025-05-06,營養補充品,12698.0,0.297,1
C1241,R105,2025-05-20,醫療器材,14601.0,0.259,0
C1241,R105,2025-06-22,醫療器材,12861.0,0.441,0
C1241,R105,2025-08-30,處方藥,19359.0,0.432,0
C1241,R105,2026-01-07,個人護理,9320.0,0.19,0
C1242,R100,2025-02-19,OTC,59288.0,0.259,0
C1242,R100,2025-03-24,營養補充品,68867.0,0.373,0
C1242,R100,2025-04-28,醫療器材,85579.0,0.256,0
C1242,R100,2025-05-20,醫療器材,155458.0,0.286,0
C1242,R100,2025-06-08,OTC,102992.0,0.373,1
C1242,R100,2025-07-16,個人護理,154555.0,0.228,0
C1242,R100,2025-10-26,營養補充品,92932.0,0.271,0
C1242,R100,2025-11-27,處方藥,83941.0,0.163,0
C1242,R100,2025-12-30,處方藥,102939.0,0.236,0
C1242,R100,2026-03-15,OTC,120611.0,0.398,0
C1242,R100,2026-04-24,營養補充品,23424.0,0.389,1
C1242,R100,2026-05-21,營養補充品,47927.0,0.168,0
C1242,R100,2026-07-24,處方藥,64320.0,0.224,1
C1243,R114,2025-08-10,個人護理,7890.0,0.363,0
C1243,R114,2026-05-20,醫療器材,6849.0,0.153,1
C1243,R114,2026-06-27,處方藥,4596.0,0.169,0
C1244,R107,2025-02-21,營養補充品,8354.0,0.433,0
C1244,R107,2025-03-18,營養補充品,16517.0,0.38,0
C1244,R107,2025-06-04,OTC,11959.0,0.291,1
C1244,R107,2025-08-24,處方藥,11366.0,0.446,0
C1244,R107,2025-11-15,處方藥,16201.0,0.379,0
C1244,R107,2025-12-22,醫療器材,15624.0,0.192,0
C1244,R107,2026-02-28,處方藥,19486.0,0.363,0
C1244,R107,2026-04-26,OTC,17829.0,0.237,0
C1245,R113,2025-12-12,處方藥,13868.0,0.386,0
C1245,R113,2026-04-10,OTC,19305.0,0.445,0
C1246,R106,2025-03-29,個人護理,18383.0,0.211,0
C1246,R106,2025-04-29,營養補充品,15071.0,0.23,0
C1246,R106,2025-05-26,個人護理,23944.0,0.425,0
C1246,R106,2025-09-14,OTC,9652.0,0.405,1
C1246,R106,2026-03-02,處方藥,20164.0,0.19,0
C1246,R106,2026-04-15,OTC,4422.0,0.195,0
C1246,R106,2026-06-03,醫療器材,7062.0,0.403,0
C1247,R111,2025-04-09,營養補充品,43892.0,0.201,0
C1247,R111,2025-07-28,醫療器材,67580.0,0.224,0
C1247,R111,2025-08-07,OTC,62552.0,0.319,0
C1247,R111,2025-09-25,處方藥,50319.0,0.437,0
C1247,R111,2025-10-11,醫療器材,27446.0,0.316,1
C1247,R111,2026-01-03,醫療器材,85415.0,0.19,0
C1247,R111,2026-02-16,個人護理,51936.0,0.326,0
C1247,R111,2026-03-05,處方藥,23749.0,0.168,0
C1247,R111,2026-05-07,OTC,69484.0,0.173,1
C1247,R111,2026-06-25,處方藥,57974.0,0.264,0
C1248,R108,2025-07-07,營養補充品,8057.0,0.177,0
C1248,R108,2026-01-04,醫療器材,13835.0,0.158,0
C1248,R108,2026-02-22,處方藥,11822.0,0.342,0
C1248,R108,2026-07-11,處方藥,8117.0,0.322,1
C1249,R110,2025-02-20,個人護理,18826.0,0.441,0
C1249,R110,2025-03-28,營養補充品,24581.0,0.244,0
C1249,R110,2025-05-06,處方藥,22743.0,0.334,0
C1249,R110,2025-08-29,處方藥,27447.0,0.3,0
C1249,R110,2025-09-06,個人護理,18564.0,0.37,1
C1249,R110,2025-11-02,營養補充品,12378.0,0.265,0
C1249,R110,2025-11-05,處方藥,32481.0,0.236,0
C1249,R110,2026-04-12,OTC,22407.0,0.242,1
C1249,R110,2026-07-04,醫療器材,27240.0,0.42,0
C1250,R109,2025-03-25,處方藥,146272.0,0.387,0
C1250,R109,2025-05-27,處方藥,183170.0,0.304,1
C1250,R109,2025-06-24,個人護理,223722.0,0.153,0
C1250,R109,2025-08-16,個人護理,148325.0,0.19,1
C1250,R109,2025-09-11,醫療器材,206591.0,0.339,0
C1250,R109,2025-11-30,營養補充品,191934.0,0.431,1
C1250,R109,2026-01-16,OTC,112637.0,0.384,1
C1250,R109,2026-03-02,OTC,150862.0,0.153,1
C1250,R109,2026-06-13,醫療器材,180538.0,0.436,0
C1251,R101,2025-03-28,個人護理,19047.0,0.377,0
C1251,R101,2025-07-10,個人護理,29165.0,0.367,0
C1251,R101,2025-08-06,OTC,31173.0,0.36,0
C1251,R101,2025-09-12,營養補充品,22785.0,0.25,1
C1251,R101,2025-12-05,個人護理,42458.0,0.24,0
C1251,R101,2026-01-25,營養補充品,35267.0,0.322,1
C1251,R101,2026-06-17,OTC,18517.0,0.333,0
C1251,R101,2026-07-12,營養補充品,13686.0,0.382,1
C1252,R116,2025-02-09,處方藥,49552.0,0.255,1
C1252,R116,2025-04-26,個人護理,30457.0,0.39,0
C1252,R116,2025-05-19,處方藥,46504.0,0.352,0
C1252,R116,2025-06-21,個人護理,48714.0,0.363,0
C1252,R116,2025-07-23,醫療器材,42749.0,0.196,1
C1252,R116,2025-08-16,營養補充品,69444.0,0.432,0
C1252,R116,2026-01-25,醫療器材,53982.0,0.416,0
C1252,R116,2026-02-26,醫療器材,32684.0,0.16,0
C1252,R116,2026-03-05,處方藥,39215.0,0.202,0
C1252,R116,2026-05-10,個人護理,44836.0,0.397,1
C1253,R116,2025-05-30,醫療器材,3597.0,0.252,0
C1253,R116,2025-07-11,營養補充品,4210.0,0.449,0
C1253,R116,2025-12-01,處方藥,1916.0,0.222,0
C1253,R116,2026-02-04,醫療器材,2751.0,0.23,0
C1253,R116,2026-04-13,處方藥,2861.0,0.16,0
C1253,R116,2026-06-06,營養補充品,3991.0,0.268,0
C1254,R112,2025-07-28,醫療器材,12720.0,0.194,0
C1254,R112,2025-11-22,營養補充品,11019.0,0.434,0
C1254,R112,2026-01-06,處方藥,8988.0,0.257,0
C1254,R112,2026-03-05,個人護理,7683.0,0.198,1
C1254,R112,2026-05-24,醫療器材,7203.0,0.37,0
C1255,R109,2025-02-24,醫療器材,13536.0,0.275,0
C1255,R109,2025-03-25,醫療器材,27229.0,0.274,0
C1255,R109,2025-05-03,營養補充品,29454.0,0.355,1
C1255,R109,2025-05-20,OTC,18448.0,0.319,1
C1255,R109,2025-09-30,OTC,16073.0,0.262,0
C1255,R109,2025-10-05,醫療器材,29711.0,0.287,1
C1255,R109,2026-01-03,處方藥,27322.0,0.248,1
C1255,R109,2026-03-29,個人護理,25491.0,0.31,0
C1255,R109,2026-04-11,營養補充品,28714.0,0.234,0
C1256,R104,2025-06-05,處方藥,18732.0,0.157,1
C1256,R104,2025-08-10,醫療器材,14155.0,0.259,0
C1256,R104,2025-10-01,營養補充品,13779.0,0.261,0
C1256,R104,2026-03-13,處方藥,7253.0,0.165,1
C1256,R104,2026-05-14,營養補充品,18654.0,0.392,0
C1257,R104,2025-02-19,醫療器材,192004.0,0.195,1
C1257,R104,2025-03-22,處方藥,223770.0,0.411,1
C1257,R104,2025-05-22,OTC,176117.0,0.234,0
C1257,R104,2025-08-17,處方藥,148593.0,0.195,0
C1257,R104,2026-01-03,個人護理,171137.0,0.202,1
C1257,R104,2026-02-18,醫療器材,98073.0,0.418,0
C1257,R104,2026-03-19,處方藥,147772.0,0.367,0
C1257,R104,2026-04-25,醫療器材,210104.0,0.441,0
C1258,R107,2025-02-09,OTC,79269.0,0.29,0
C1258,R107,2025-03-23,醫療器材,157893.0,0.28,0
C1258,R107,2025-04-21,個人護理,255747.0,0.239,0
C1258,R107,2025-06-10,處方藥,200869.0,0.171,0
C1258,R107,2025-09-15,營養補充品,117215.0,0.323,0
C1258,R107,2025-11-12,營養補充品,150359.0,0.418,1
C1258,R107,2025-12-17,營養補充品,211488.0,0.377,0
C1258,R107,2026-01-15,醫療器材,177282.0,0.267,0
C1258,R107,2026-02-04,處方藥,123415.0,0.301,1
C1258,R107,2026-03-23,處方藥,165858.0,0.408,1
C1258,R107,2026-07-18,處方藥,219672.0,0.2,0
C1259,R100,2025-02-26,營養補充品,3765.0,0.332,0
C1259,R100,2025-03-22,營養補充品,6938.0,0.294,0
C1259,R100,2025-04-27,個人護理,7057.0,0.406,0
C1259,R100,2025-06-24,個人護理,5261.0,0.235,1
C1259,R100,2025-08-28,營養補充品,6158.0,0.397,0
C1259,R100,2025-11-21,營養補充品,6160.0,0.202,0
C1259,R100,2025-12-14,醫療器材,8126.0,0.27,1
C1259,R100,2026-05-17,營養補充品,1871.0,0.448,1
C1259,R100,2026-07-19,醫療器材,3206.0,0.268,0
C1260,R116,2025-03-03,醫療器材,63323.0,0.189,1
C1260,R116,2025-05-25,個人護理,44337.0,0.187,1
C1260,R116,2025-06-09,處方藥,36723.0,0.329,1
C1260,R116,2025-07-23,醫療器材,39693.0,0.416,0
C1260,R116,2025-08-24,營養補充品,64983.0,0.176,0
C1260,R116,2025-10-20,醫療器材,39315.0,0.404,1
C1260,R116,2025-11-16,醫療器材,53250.0,0.224,0
C1260,R116,2025-12-05,處方藥,45454.0,0.197,0
C1260,R116,2026-03-15,個人護理,30922.0,0.34,0
C1260,R116,2026-05-22,營養補充品,65318.0,0.203,0
C1260,R116,2026-06-22,營養補充品,51836.0,0.241,0
C1260,R116,2026-07-19,醫療器材,52651.0,0.307,0
C1261,R111,2025-03-02,處方藥,11179.0,0.447,0
C1261,R111,2025-04-05,個人護理,17309.0,0.206,1
C1261,R111,2025-10-26,營養補充品,27074.0,0.419,0
C1261,R111,2026-02-13,營養補充品,27632.0,0.3,0
C1261,R111,2026-06-18,營養補充品,17766.0,0.181,1
C1261,R111,2026-07-21,處方藥,20356.0,0.235,0
C1262,R107,2025-06-05,處方藥,24007.0,0.19,0
C1262,R107,2025-12-31,處方藥,24890.0,0.304,1
C1262,R107,2026-01-16,營養補充品,27277.0,0.23,0
C1262,R107,2026-04-25,個人護理,22217.0,0.199,1
C1262,R107,2026-05-19,醫療器材,22011.0,0.23,0
C1263,R101,2025-02-21,個人護理,203883.0,0.184,0
C1263,R101,2025-05-04,個人護理,129349.0,0.354,0
C1263,R101,2025-05-25,OTC,192249.0,0.292,0
C1263,R101,2025-09-30,處方藥,78712.0,0.172,0
C1263,R101,2025-11-27,處方藥,139172.0,0.391,1
C1263,R101,2025-12-18,營養補充品,46955.0,0.266,0
C1263,R101,2026-01-03,處方藥,85296.0,0.194,0
C1263,R101,2026-04-09,處方藥,173843.0,0.34,1
C1264,R104,2025-05-01,OTC,18265.0,0.394,0
C1264,R104,2025-05-14,OTC,13990.0,0.444,1
C1264,R104,2025-06-07,營養補充品,13420.0,0.4,1
C1264,R104,2025-10-23,醫療器材,24462.0,0.181,0
C1264,R104,2026-01-25,營養補充品,18070.0,0.239,0
C1264,R104,2026-06-24,OTC,11078.0,0.344,0
C1265,R101,2025-04-18,處方藥,24471.0,0.213,0
C1265,R101,2025-05-17,OTC,18378.0,0.307,0
C1265,R101,2025-08-23,個人護理,11590.0,0.3,1
C1265,R101,2025-11-28,醫療器材,27109.0,0.165,0
C1265,R101,2026-01-16,個人護理,21829.0,0.438,0
C1265,R101,2026-04-14,個人護理,7596.0,0.186,1
C1265,R101,2026-05-27,醫療器材,1360.0,0.369,1
C1266,R107,2025-11-11,營養補充品,7884.0,0.436,0
C1266,R107,2026-03-04,營養補充品,9282.0,0.385,0
C1266,R107,2026-05-06,營養補充品,5388.0,0.427,0
C1267,R109,2025-11-18,營養補充品,16561.0,0.39,0
C1267,R109,2026-02-12,個人護理,19483.0,0.339,1
C1267,R109,2026-03-11,處方藥,11388.0,0.448,0
C1267,R109,2026-04-04,處方藥,16976.0,0.318,0
C1267,R109,2026-07-09,營養補充品,14375.0,0.273,1
C1268,R107,2025-07-26,OTC,16493.0,0.368,0
C1268,R107,2025-08-31,OTC,16137.0,0.443,0
C1268,R107,2025-09-06,營養補充品,17091.0,0.326,0
C1268,R107,2025-10-08,營養補充品,18201.0,0.343,1
C1268,R107,2026-02-03,OTC,13939.0,0.409,0
C1268,R107,2026-05-19,醫療器材,5847.0,0.362,0
C1269,R101,2025-03-15,處方藥,27800.0,0.287,0
C1269,R101,2025-07-25,OTC,31131.0,0.204,1
C1269,R101,2025-08-31,處方藥,10976.0,0.167,0
C1269,R101,2025-12-22,醫療器材,18565.0,0.166,0
C1269,R101,2026-07-25,醫療器材,31061.0,0.348,0
C1270,R108,2025-02-25,OTC,13541.0,0.315,0
C1270,R108,2025-04-15,處方藥,12977.0,0.362,0
C1270,R108,2025-05-23,個人護理,8150.0,0.265,0
C1270,R108,2025-06-17,營養補充品,12915.0,0.262,1
C1270,R108,2025-07-27,營養補充品,11877.0,0.424,0
C1270,R108,2025-11-04,醫療器材,9994.0,0.403,1
C1270,R108,2026-07-07,個人護理,10907.0,0.204,0
C1271,R104,2025-03-11,處方藥,9808.0,0.214,0
C1271,R104,2025-05-25,醫療器材,5075.0,0.384,0
C1271,R104,2025-09-22,醫療器材,7920.0,0.438,0
C1271,R104,2025-11-11,營養補充品,6433.0,0.403,0
C1271,R104,2026-07-08,醫療器材,4251.0,0.175,0
C1272,R116,2025-11-16,營養補充品,8338.0,0.335,1
C1272,R116,2026-05-29,OTC,8522.0,0.182,1
C1272,R116,2026-07-14,OTC,9863.0,0.425,1
C1273,R102,2025-03-17,個人護理,12101.0,0.221,0
C1273,R102,2025-04-27,營養補充品,13868.0,0.382,0
C1273,R102,2025-05-23,醫療器材,18061.0,0.22,0
C1273,R102,2025-06-30,處方藥,14355.0,0.154,1
C1273,R102,2025-08-20,營養補充品,14711.0,0.394,0
C1273,R102,2025-12-11,處方藥,14582.0,0.306,0
C1273,R102,2026-02-04,OTC,12961.0,0.371,0
C1273,R102,2026-03-12,醫療器材,14890.0,0.281,0
C1273,R102,2026-05-28,OTC,24152.0,0.403,1
C1273,R102,2026-06-06,處方藥,12866.0,0.296,0
C1273,R102,2026-07-03,醫療器材,17487.0,0.375,0
C1274,R109,2025-03-18,醫療器材,6988.0,0.361,1
C1274,R109,2025-04-25,醫療器材,6561.0,0.446,0
C1274,R109,2025-06-02,OTC,7928.0,0.431,0
C1274,R109,2025-12-11,個人護理,4161.0,0.338,1
C1274,R109,2026-06-10,營養補充品,10089.0,0.222,0
C1274,R109,2026-07-11,個人護理,8177.0,0.431,1
C1275,R101,2025-03-03,OTC,117061.0,0.349,0
C1275,R101,2025-04-01,營養補充品,118379.0,0.342,1
C1275,R101,2025-05-30,營養補充品,86642.0,0.218,0
C1275,R101,2025-07-07,處方藥,98467.0,0.22,1
C1275,R101,2025-09-05,處方藥,127095.0,0.247,0
C1275,R101,2026-01-24,營養補充品,119250.0,0.214,0
C1275,R101,2026-03-28,營養補充品,125731.0,0.425,0
C1275,R101,2026-04-25,營養補充品,27441.0,0.161,0
C1276,R110,2025-02-28,OTC,4556.0,0.2,0
C1276,R110,2025-03-16,醫療器材,5847.0,0.238,0
C1276,R110,2025-05-24,營養補充品,5927.0,0.337,0
C1276,R110,2025-06-23,營養補充品,5454.0,0.322,0
C1276,R110,2026-01-01,OTC,5956.0,0.251,1
C1276,R110,2026-01-09,醫療器材,5147.0,0.263,1
C1276,R110,2026-02-05,醫療器材,4990.0,0.157,0
C1276,R110,2026-04-28,處方藥,4326.0,0.388,1
C1276,R110,2026-05-03,處方藥,4600.0,0.338,0
C1276,R110,2026-07-02,處方藥,4619.0,0.365,0
C1277,R109,2025-03-10,處方藥,13294.0,0.235,0
C1277,R109,2025-05-22,OTC,21338.0,0.216,1
C1277,R109,2025-10-01,處方藥,34604.0,0.275,1
C1277,R109,2025-11-09,處方藥,20665.0,0.202,1
C1277,R109,2026-02-28,醫療器材,24690.0,0.428,0
C1277,R109,2026-04-22,OTC,15248.0,0.25,0
C1277,R109,2026-06-04,OTC,13827.0,0.321,1
C1278,R110,2025-03-20,個人護理,111302.0,0.248,1
C1278,R110,2025-06-08,處方藥,90908.0,0.349,0
C1278,R110,2025-07-28,處方藥,92171.0,0.299,1
C1278,R110,2025-09-07,營養補充品,96981.0,0.25,1
C1278,R110,2025-12-15,營養補充品,68322.0,0.21,0
C1278,R110,2026-02-27,OTC,74855.0,0.314,1
C1278,R110,2026-03-27,營養補充品,105817.0,0.265,0
C1278,R110,2026-05-10,醫療器材,82168.0,0.383,1
C1278,R110,2026-06-08,醫療器材,81051.0,0.215,0
C1278,R110,2026-07-06,個人護理,49408.0,0.313,1
C1279,R107,2025-03-05,醫療器材,34432.0,0.429,1
C1279,R107,2025-03-09,個人護理,33549.0,0.278,0
C1279,R107,2025-09-16,個人護理,17452.0,0.369,1
C1279,R107,2025-12-27,營養補充品,27664.0,0.349,0
C1279,R107,2026-03-25,處方藥,21421.0,0.34,1
C1279,R107,2026-07-25,處方藥,16947.0,0.163,1
C1280,R112,2025-08-10,個人護理,5018.0,0.218,1
C1280,R112,2025-09-24,處方藥,5448.0,0.307,0
C1280,R112,2025-10-29,OTC,4905.0,0.368,1
C1280,R112,2025-12-13,OTC,5360.0,0.323,1
C1280,R112,2026-01-26,營養補充品,4747.0,0.331,1
C1280,R112,2026-05-20,營養補充品,4497.0,0.216,0
C1280,R112,2026-07-27,OTC,3179.0,0.243,1
C1281,R107,2025-02-17,營養補充品,63124.0,0.199,0
C1281,R107,2025-05-17,營養補充品,73643.0,0.31,0
C1281,R107,2025-07-12,營養補充品,87735.0,0.158,0
C1281,R107,2025-08-28,處方藥,61387.0,0.165,1
C1281,R107,2025-09-09,處方藥,104585.0,0.417,0
C1281,R107,2025-11-09,處方藥,57847.0,0.175,0
C1281,R107,2026-04-11,營養補充品,75665.0,0.198,0
C1281,R107,2026-05-19,營養補充品,82572.0,0.4,0
C1281,R107,2026-06-28,OTC,26398.0,0.396,1
C1282,R113,2025-02-12,OTC,6058.0,0.299,1
C1282,R113,2025-04-28,處方藥,5871.0,0.162,0
C1282,R113,2025-08-01,醫療器材,4291.0,0.269,1
C1282,R113,2025-08-31,處方藥,2861.0,0.441,1
C1282,R113,2025-12-17,營養補充品,5474.0,0.172,0
C1282,R113,2026-02-08,個人護理,6230.0,0.445,0
C1282,R113,2026-07-26,處方藥,1814.0,0.266,0
C1283,R108,2025-02-22,營養補充品,19797.0,0.444,0
C1283,R108,2025-04-08,處方藥,14088.0,0.422,1
C1283,R108,2025-05-10,醫療器材,12449.0,0.312,0
C1283,R108,2025-06-17,個人護理,13801.0,0.352,0
C1283,R108,2025-08-06,營養補充品,14839.0,0.239,0
C1283,R108,2025-10-02,處方藥,16177.0,0.374,1
C1283,R108,2025-11-24,處方藥,11718.0,0.32,0
C1283,R108,2026-01-08,營養補充品,12781.0,0.186,0
C1283,R108,2026-02-28,醫療器材,12251.0,0.27,1
C1283,R108,2026-03-22,個人護理,14243.0,0.212,0
C1283,R108,2026-04-23,個人護理,14506.0,0.319,1
C1283,R108,2026-07-23,醫療器材,15965.0,0.353,1
C1284,R108,2025-04-14,個人護理,75850.0,0.196,0
C1284,R108,2025-05-08,個人護理,54299.0,0.164,1
C1284,R108,2025-08-21,個人護理,87201.0,0.365,0
C1284,R108,2025-09-06,OTC,80460.0,0.33,1
C1284,R108,2025-11-20,個人護理,84049.0,0.265,1
C1284,R108,2025-12-04,個人護理,64289.0,0.44,0
C1284,R108,2026-01-28,處方藥,78236.0,0.307,1
C1284,R108,2026-02-13,醫療器材,55730.0,0.348,1
C1284,R108,2026-03-25,處方藥,46809.0,0.257,1
C1284,R108,2026-04-13,醫療器材,97845.0,0.313,1
C1284,R108,2026-06-07,處方藥,55451.0,0.319,1
C1284,R108,2026-07-21,醫療器材,103155.0,0.238,1
C1285,R105,2025-05-18,個人護理,18734.0,0.329,0
C1285,R105,2025-06-11,處方藥,14201.0,0.214,0
C1285,R105,2025-07-25,醫療器材,11915.0,0.215,0
C1285,R105,2025-12-29,OTC,15690.0,0.291,1
C1285,R105,2026-03-02,醫療器材,10555.0,0.353,1
C1285,R105,2026-06-25,營養補充品,5344.0,0.382,1
C1285,R105,2026-07-12,OTC,14833.0,0.305,1
C1286,R110,2025-03-29,營養補充品,17782.0,0.325,1
C1286,R110,2025-04-08,醫療器材,21837.0,0.205,0
C1286,R110,2025-06-15,醫療器材,12856.0,0.349,0
C1286,R110,2025-08-07,營養補充品,7339.0,0.243,1
C1286,R110,2025-10-28,OTC,13491.0,0.334,0
C1287,R113,2025-02-18,個人護理,16124.0,0.296,0
C1287,R113,2025-06-16,醫療器材,15918.0,0.214,1
C1287,R113,2025-07-27,OTC,11171.0,0.292,0
C1287,R113,2025-09-08,個人護理,15362.0,0.302,0
C1287,R113,2025-12-29,個人護理,17178.0,0.207,1
C1287,R113,2026-06-07,OTC,14963.0,0.207,0
C1288,R106,2025-05-31,醫療器材,3872.0,0.317,1
C1288,R106,2025-06-26,醫療器材,4378.0,0.328,0
C1288,R106,2026-01-09,個人護理,5293.0,0.28,0
C1288,R106,2026-04-26,處方藥,8259.0,0.397,0
C1288,R106,2026-05-13,醫療器材,5951.0,0.287,0
C1288,R106,2026-06-05,醫療器材,4670.0,0.398,0
C1289,R100,2025-04-23,個人護理,121453.0,0.225,0
C1289,R100,2025-06-20,個人護理,80547.0,0.435,0
C1289,R100,2025-07-17,個人護理,79500.0,0.443,0
C1289,R100,2025-08-10,醫療器材,79418.0,0.433,1
C1289,R100,2025-09-07,營養補充品,102150.0,0.257,1
C1289,R100,2025-12-29,個人護理,84216.0,0.275,1
C1289,R100,2026-01-23,個人護理,59011.0,0.176,0
C1289,R100,2026-03-21,營養補充品,98621.0,0.274,1
C1289,R100,2026-04-25,個人護理,128707.0,0.366,1
C1289,R100,2026-07-23,營養補充品,63556.0,0.368,0
C1290,R117,2025-07-19,OTC,21079.0,0.309,0
C1290,R117,2025-09-19,OTC,19843.0,0.241,0
C1290,R117,2026-02-09,醫療器材,35741.0,0.434,1
C1290,R117,2026-03-26,醫療器材,26168.0,0.164,1
C1290,R117,2026-04-15,OTC,6162.0,0.307,0
C1290,R117,2026-05-28,處方藥,11043.0,0.269,0
C1290,R117,2026-07-26,醫療器材,20314.0,0.236,1
C1291,R117,2025-02-27,醫療器材,7145.0,0.272,1
C1291,R117,2025-05-11,營養補充品,5200.0,0.284,0
C1291,R117,2025-11-09,處方藥,3878.0,0.253,1
C1291,R117,2026-02-17,個人護理,6499.0,0.371,0
C1291,R117,2026-03-29,個人護理,3548.0,0.259,0
C1291,R117,2026-04-30,醫療器材,6798.0,0.44,0
C1291,R117,2026-05-09,營養補充品,5988.0,0.352,0
C1291,R117,2026-06-28,OTC,6598.0,0.227,0
C1291,R117,2026-07-25,營養補充品,6407.0,0.38,0
C1292,R112,2025-05-03,醫療器材,163559.0,0.201,1
C1292,R112,2025-05-17,OTC,143493.0,0.173,1
C1292,R112,2025-06-20,醫療器材,76472.0,0.207,1
C1292,R112,2025-08-18,OTC,176223.0,0.224,0
C1292,R112,2025-10-15,個人護理,116841.0,0.429,0
C1292,R112,2025-12-16,OTC,141856.0,0.155,1
C1292,R112,2026-02-02,個人護理,121990.0,0.196,0
C1292,R112,2026-03-13,個人護理,112385.0,0.332,1
C1292,R112,2026-04-06,個人護理,156478.0,0.347,0
C1292,R112,2026-05-17,處方藥,159181.0,0.222,0
C1293,R108,2025-02-26,OTC,57835.0,0.429,0
C1293,R108,2025-03-25,醫療器材,43272.0,0.245,0
C1293,R108,2025-04-17,營養補充品,40110.0,0.158,1
C1293,R108,2025-05-28,醫療器材,34416.0,0.262,1
C1293,R108,2025-06-11,營養補充品,37892.0,0.154,1
C1293,R108,2025-08-07,個人護理,34779.0,0.236,1
C1293,R108,2025-09-13,營養補充品,56119.0,0.362,0
C1293,R108,2026-01-01,處方藥,67275.0,0.358,1
C1293,R108,2026-01-05,醫療器材,52768.0,0.307,1
C1293,R108,2026-02-07,個人護理,46690.0,0.218,1
C1293,R108,2026-04-21,OTC,23534.0,0.245,1
C1294,R107,2025-03-10,個人護理,81639.0,0.199,0
C1294,R107,2025-05-04,OTC,59889.0,0.322,0
C1294,R107,2025-08-04,營養補充品,81639.0,0.429,1
C1294,R107,2025-09-30,處方藥,85404.0,0.264,0
C1294,R107,2026-03-06,醫療器材,53817.0,0.235,1
C1294,R107,2026-04-16,OTC,83399.0,0.218,0
C1294,R107,2026-05-21,個人護理,60621.0,0.443,1
C1294,R107,2026-06-28,營養補充品,94817.0,0.317,0
C1295,R102,2025-09-03,營養補充品,27572.0,0.446,0
C1295,R102,2026-07-21,OTC,7680.0,0.324,0
C1296,R112,2025-06-26,處方藥,80619.0,0.381,1
C1296,R112,2025-07-11,處方藥,66861.0,0.318,0
C1296,R112,2025-11-19,醫療器材,29789.0,0.237,0
C1296,R112,2026-01-19,個人護理,84520.0,0.435,1
C1296,R112,2026-04-26,OTC,65122.0,0.203,0
C1296,R112,2026-05-25,醫療器材,61735.0,0.367,0
C1297,R108,2025-02-22,OTC,37570.0,0.405,0
C1297,R108,2025-04-27,醫療器材,40577.0,0.371,0
C1297,R108,2025-06-03,個人護理,28835.0,0.319,0
C1297,R108,2025-06-13,處方藥,35054.0,0.267,1
C1297,R108,2025-07-15,醫療器材,25552.0,0.361,0
C1297,R108,2025-08-22,處方藥,31148.0,0.156,0
C1297,R108,2025-09-06,營養補充品,41687.0,0.188,0
C1297,R108,2025-10-20,個人護理,34040.0,0.204,0
C1297,R108,2026-02-11,個人護理,38615.0,0.237,1
C1297,R108,2026-04-04,營養補充品,37801.0,0.444,1
C1297,R108,2026-05-23,OTC,24977.0,0.15,1
C1297,R108,2026-07-24,醫療器材,49251.0,0.178,0
C1298,R114,2025-03-14,OTC,15202.0,0.398,1
C1298,R114,2025-04-18,營養補充品,17170.0,0.365,0
C1298,R114,2025-06-19,處方藥,15598.0,0.205,0
C1298,R114,2025-09-27,營養補充品,16710.0,0.208,0
C1298,R114,2025-12-17,個人護理,14719.0,0.296,0
C1298,R114,2026-05-08,OTC,23555.0,0.352,0
C1298,R114,2026-06-17,個人護理,17283.0,0.256,1
C1298,R114,2026-07-21,營養補充品,21321.0,0.199,1
C1299,R112,2025-08-01,營養補充品,19819.0,0.411,0
C1299,R112,2025-09-02,OTC,20620.0,0.227,0
C1299,R112,2025-10-11,個人護理,26527.0,0.426,0
C1299,R112,2025-11-15,個人護理,22975.0,0.347,0
C1299,R112,2026-03-31,OTC,22195.0,0.31,0
C1299,R112,2026-04-18,營養補充品,19889.0,0.208,0
C1299,R112,2026-05-29,處方藥,19948.0,0.192,1
C1299,R112,2026-06-06,醫療器材,18031.0,0.199,1
C1300,R106,2025-06-26,個人護理,31246.0,0.202,0
C1300,R106,2025-07-18,個人護理,33892.0,0.423,0
C1300,R106,2025-09-23,營養補充品,34017.0,0.213,0
C1300,R106,2025-10-25,個人護理,31597.0,0.342,1
C1300,R106,2026-01-12,處方藥,35617.0,0.32,1
C1300,R106,2026-02-06,醫療器材,29841.0,0.321,0
C1300,R106,2026-05-27,個人護理,43377.0,0.406,0
C1300,R106,2026-07-19,營養補充品,20281.0,0.354,1
C1301,R113,2025-02-20,OTC,129312.0,0.227,1
C1301,R113,2025-04-06,OTC,41156.0,0.201,0
C1301,R113,2025-04-22,處方藥,58998.0,0.298,1
C1301,R113,2025-05-23,醫療器材,95836.0,0.167,0
C1301,R113,2025-07-18,營養補充品,66050.0,0.209,1
C1301,R113,2025-09-11,營養補充品,110907.0,0.399,0
C1301,R113,2025-11-01,個人護理,72439.0,0.282,1
C1301,R113,2025-11-16,OTC,13268.0,0.427,1
C1301,R113,2026-01-15,個人護理,89024.0,0.365,0
C1301,R113,2026-02-24,營養補充品,95593.0,0.359,1
C1301,R113,2026-03-14,醫療器材,87746.0,0.369,1
C1301,R113,2026-04-29,個人護理,40787.0,0.341,0
C1302,R111,2025-03-03,處方藥,97848.0,0.448,1
C1302,R111,2025-04-17,醫療器材,94626.0,0.312,0
C1302,R111,2025-05-20,OTC,116103.0,0.421,0
C1302,R111,2025-08-25,OTC,142014.0,0.415,0
C1302,R111,2025-09-09,OTC,124655.0,0.304,0
C1302,R111,2025-10-11,OTC,144010.0,0.299,0
C1302,R111,2025-11-16,醫療器材,124473.0,0.237,0
C1302,R111,2025-12-10,醫療器材,161252.0,0.319,1
C1302,R111,2026-01-10,醫療器材,181083.0,0.335,0
C1302,R111,2026-02-11,營養補充品,32013.0,0.325,0
C1302,R111,2026-05-22,OTC,97998.0,0.448,0
C1302,R111,2026-07-26,醫療器材,104589.0,0.204,1
C1303,R102,2025-06-01,個人護理,29162.0,0.42,0
C1303,R102,2025-09-05,營養補充品,24494.0,0.302,0
C1303,R102,2025-10-27,醫療器材,17751.0,0.283,0
C1303,R102,2025-11-04,處方藥,22388.0,0.188,0
C1303,R102,2025-12-20,OTC,12040.0,0.183,0
C1303,R102,2026-02-20,處方藥,28245.0,0.433,0
C1303,R102,2026-07-10,OTC,27098.0,0.157,0
C1304,R109,2025-04-19,醫療器材,81840.0,0.355,0
C1304,R109,2025-12-19,營養補充品,84426.0,0.405,0
C1304,R109,2026-01-31,處方藥,103526.0,0.331,1
C1304,R109,2026-04-30,營養補充品,36914.0,0.256,1
C1304,R109,2026-06-30,處方藥,38803.0,0.424,0
C1304,R109,2026-07-30,營養補充品,67418.0,0.254,0
C1305,R111,2025-03-30,營養補充品,43225.0,0.307,0
C1305,R111,2025-04-23,個人護理,16415.0,0.169,0
C1305,R111,2025-06-03,OTC,29947.0,0.348,0
C1305,R111,2025-06-10,個人護理,22844.0,0.227,0
C1305,R111,2025-08-15,醫療器材,28756.0,0.367,1
C1305,R111,2025-10-11,營養補充品,24464.0,0.348,1
C1305,R111,2025-11-07,營養補充品,43145.0,0.304,1
C1305,R111,2026-01-30,OTC,31251.0,0.355,0
C1305,R111,2026-02-09,處方藥,21896.0,0.394,0
C1305,R111,2026-03-06,營養補充品,22523.0,0.204,1
C1305,R111,2026-04-04,處方藥,28666.0,0.243,0
C1305,R111,2026-07-14,個人護理,30021.0,0.344,1
C1306,R112,2025-05-12,處方藥,23910.0,0.299,1
C1306,R112,2025-10-01,醫療器材,24217.0,0.315,0
C1306,R112,2025-10-24,醫療器材,15711.0,0.354,0
C1306,R112,2025-12-16,醫療器材,31779.0,0.424,1
C1306,R112,2026-01-28,個人護理,23694.0,0.22,1
C1306,R112,2026-05-21,個人護理,33144.0,0.273,0
C1306,R112,2026-06-13,營養補充品,27829.0,0.417,1
C1306,R112,2026-07-13,醫療器材,28738.0,0.399,1
C1307,R108,2025-03-01,處方藥,230315.0,0.405,1
C1307,R108,2025-03-26,醫療器材,172509.0,0.208,1
C1307,R108,2025-04-30,個人護理,208169.0,0.304,0
C1307,R108,2025-06-10,醫療器材,219762.0,0.386,1
C1307,R108,2025-08-12,醫療器材,144162.0,0.306,0
C1307,R108,2025-09-28,OTC,208496.0,0.336,1
C1307,R108,2025-10-23,醫療器材,313562.0,0.303,1
C1307,R108,2025-11-20,處方藥,272155.0,0.291,0
C1307,R108,2026-01-04,OTC,128201.0,0.305,0
C1307,R108,2026-02-13,OTC,198314.0,0.441,1
C1307,R108,2026-03-14,OTC,146900.0,0.33,0
C1307,R108,2026-06-19,醫療器材,168081.0,0.205,0
C1308,R101,2025-03-22,OTC,70021.0,0.227,0
C1308,R101,2025-05-18,醫療器材,52694.0,0.152,1
C1308,R101,2025-06-20,醫療器材,82448.0,0.422,0
C1308,R101,2025-07-23,營養補充品,55977.0,0.439,1
C1308,R101,2025-10-10,營養補充品,55106.0,0.378,0
C1308,R101,2025-11-14,處方藥,81575.0,0.257,0
C1308,R101,2026-05-19,營養補充品,44470.0,0.427,0
C1308,R101,2026-06-04,處方藥,58929.0,0.355,1
C1308,R101,2026-07-07,個人護理,74253.0,0.338,1
C1309,R107,2025-04-05,營養補充品,21930.0,0.428,0
C1309,R107,2025-05-09,OTC,16436.0,0.421,0
C1309,R107,2025-06-15,營養補充品,25245.0,0.408,0
C1309,R107,2025-08-28,OTC,30007.0,0.197,0
C1309,R107,2025-09-25,醫療器材,24983.0,0.393,1
C1309,R107,2025-11-28,OTC,22631.0,0.38,0
C1309,R107,2025-12-09,處方藥,22703.0,0.356,0
C1309,R107,2026-01-24,處方藥,20291.0,0.429,0
C1309,R107,2026-06-20,個人護理,23469.0,0.389,0
C1309,R107,2026-07-23,處方藥,21521.0,0.256,1
C1310,R110,2025-06-13,個人護理,27923.0,0.327,0
C1310,R110,2025-09-06,OTC,22994.0,0.266,0
C1310,R110,2025-11-26,營養補充品,18376.0,0.404,0
C1310,R110,2025-12-26,醫療器材,20158.0,0.265,1
C1310,R110,2026-02-26,個人護理,16004.0,0.382,0
C1310,R110,2026-03-17,個人護理,25619.0,0.413,0
C1310,R110,2026-06-28,醫療器材,25751.0,0.232,1
C1311,R108,2025-02-07,處方藥,15822.0,0.267,1
C1311,R108,2025-04-11,醫療器材,20636.0,0.248,1
C1311,R108,2025-07-29,處方藥,13397.0,0.236,1
C1311,R108,2025-11-16,醫療器材,16994.0,0.439,1
C1311,R108,2025-12-22,個人護理,23205.0,0.406,1
C1311,R108,2026-01-15,個人護理,25687.0,0.21,0
C1312,R114,2025-02-13,處方藥,57986.0,0.389,0
C1312,R114,2025-04-21,個人護理,40728.0,0.243,0
C1312,R114,2025-05-13,醫療器材,53166.0,0.36,0
C1312,R114,2025-06-20,處方藥,37197.0,0.322,0
C1312,R114,2025-07-20,個人護理,61643.0,0.325,0
C1312,R114,2025-10-02,個人護理,58043.0,0.186,1
C1312,R114,2025-11-01,OTC,62183.0,0.239,1
C1312,R114,2025-12-29,營養補充品,38572.0,0.352,0
C1312,R114,2026-03-24,醫療器材,65151.0,0.38,0
C1312,R114,2026-04-08,個人護理,36959.0,0.295,1
C1312,R114,2026-07-29,OTC,36948.0,0.421,0
C1313,R108,2025-02-26,處方藥,4147.0,0.431,0
C1313,R108,2025-04-14,醫療器材,5021.0,0.417,0
C1313,R108,2025-06-03,OTC,5671.0,0.43,1
C1313,R108,2025-06-16,醫療器材,3493.0,0.223,1
C1313,R108,2025-07-11,醫療器材,5352.0,0.415,0
C1313,R108,2025-09-08,個人護理,7953.0,0.278,0
C1314,R109,2025-03-02,個人護理,33514.0,0.162,1
C1314,R109,2025-04-23,個人護理,28863.0,0.204,0
C1314,R109,2025-05-15,OTC,46311.0,0.315,0
C1314,R109,2026-01-30,個人護理,36688.0,0.391,0
C1314,R109,2026-06-24,醫療器材,18760.0,0.151,0
C1314,R109,2026-07-23,營養補充品,30034.0,0.343,0
C1315,R100,2025-03-05,OTC,63201.0,0.334,0
C1315,R100,2025-06-03,個人護理,34929.0,0.424,1
C1315,R100,2025-07-01,醫療器材,70475.0,0.407,1
C1315,R100,2025-09-24,個人護理,29667.0,0.337,1
C1315,R100,2025-10-05,OTC,86692.0,0.226,1
C1315,R100,2025-11-06,處方藥,39910.0,0.256,1
C1315,R100,2025-12-07,醫療器材,53779.0,0.153,1
C1315,R100,2026-01-23,醫療器材,81036.0,0.449,0
C1315,R100,2026-03-10,OTC,55205.0,0.274,0
C1315,R100,2026-05-15,營養補充品,47085.0,0.273,1
C1316,R107,2025-05-05,處方藥,75420.0,0.267,1
C1316,R107,2025-06-29,醫療器材,97291.0,0.254,1
C1316,R107,2025-12-11,OTC,52571.0,0.299,1
C1316,R107,2026-01-14,醫療器材,50469.0,0.385,1
C1316,R107,2026-04-24,個人護理,62426.0,0.276,0
C1316,R107,2026-06-16,處方藥,68659.0,0.434,0
C1316,R107,2026-07-20,個人護理,86892.0,0.274,0
C1317,R100,2025-02-21,處方藥,17501.0,0.207,0
C1317,R100,2025-04-02,處方藥,23452.0,0.231,0
C1317,R100,2025-04-30,OTC,17620.0,0.18,1
C1317,R100,2025-07-25,營養補充品,15977.0,0.414,0
C1317,R100,2025-08-15,OTC,15826.0,0.231,1
C1317,R100,2025-11-22,個人護理,17465.0,0.195,0
C1317,R100,2025-12-28,個人護理,17124.0,0.366,0
C1317,R100,2026-02-11,OTC,16989.0,0.205,0
C1317,R100,2026-05-14,處方藥,26385.0,0.242,0
C1317,R100,2026-07-07,個人護理,17599.0,0.206,1
C1318,R108,2025-02-07,處方藥,162684.0,0.325,0
C1318,R108,2025-07-26,處方藥,187088.0,0.282,0
C1318,R108,2025-10-12,處方藥,160245.0,0.196,1
C1318,R108,2026-01-23,醫療器材,132350.0,0.322,1
C1318,R108,2026-03-04,醫療器材,125600.0,0.234,0
C1318,R108,2026-05-01,個人護理,126711.0,0.212,0
C1318,R108,2026-05-20,OTC,121736.0,0.183,0
C1319,R111,2025-03-02,處方藥,188333.0,0.333,0
C1319,R111,2025-05-22,營養補充品,99999.0,0.326,1
C1319,R111,2025-07-10,處方藥,81675.0,0.226,0
C1319,R111,2025-10-14,OTC,141817.0,0.241,0
C1319,R111,2025-12-31,醫療器材,113404.0,0.175,1
C1319,R111,2026-03-23,營養補充品,117821.0,0.376,0
C1319,R111,2026-06-23,營養補充品,86610.0,0.377,0
C1319,R111,2026-07-07,醫療器材,123517.0,0.428,0
C1320,R108,2025-02-18,營養補充品,53006.0,0.434,0
C1320,R108,2025-04-17,個人護理,87457.0,0.324,0
C1320,R108,2025-07-28,營養補充品,65581.0,0.154,0
C1320,R108,2025-08-11,處方藥,94931.0,0.365,1
C1320,R108,2025-09-13,營養補充品,75129.0,0.216,1
C1320,R108,2025-10-09,醫療器材,71048.0,0.321,0
C1320,R108,2025-12-08,OTC,58807.0,0.385,0
C1320,R108,2026-01-03,處方藥,80675.0,0.296,0
C1320,R108,2026-02-21,醫療器材,90026.0,0.32,1
C1320,R108,2026-03-19,處方藥,76173.0,0.437,0
C1320,R108,2026-04-10,個人護理,88858.0,0.327,1
C1320,R108,2026-05-21,處方藥,71120.0,0.301,1
C1320,R108,2026-07-21,處方藥,47680.0,0.153,1
C1321,R103,2025-03-29,營養補充品,83618.0,0.356,0
C1321,R103,2025-05-14,營養補充品,81548.0,0.422,1
C1321,R103,2025-07-25,OTC,78872.0,0.313,0
C1321,R103,2025-08-07,處方藥,96581.0,0.245,0
C1321,R103,2025-09-16,個人護理,95235.0,0.373,1
C1321,R103,2025-11-23,醫療器材,115767.0,0.195,1
C1321,R103,2025-12-30,OTC,128239.0,0.378,1
C1321,R103,2026-01-21,處方藥,61544.0,0.303,0
C1321,R103,2026-03-02,處方藥,113726.0,0.347,1
C1321,R103,2026-03-05,處方藥,89840.0,0.275,0
C1321,R103,2026-04-09,處方藥,57562.0,0.251,0
C1322,R109,2025-03-05,醫療器材,60181.0,0.25,1
C1322,R109,2025-04-08,OTC,100845.0,0.323,1
C1322,R109,2025-06-18,醫療器材,66151.0,0.27,1
C1322,R109,2025-07-28,營養補充品,99912.0,0.447,1
C1322,R109,2025-12-31,營養補充品,85023.0,0.267,0
C1322,R109,2026-02-02,處方藥,97073.0,0.189,0
C1322,R109,2026-03-27,處方藥,51059.0,0.437,0
C1322,R109,2026-06-07,處方藥,98542.0,0.431,0
C1323,R106,2025-02-11,醫療器材,29188.0,0.433,0
C1323,R106,2025-05-21,醫療器材,36552.0,0.229,0
C1323,R106,2025-07-24,個人護理,29466.0,0.256,0
C1323,R106,2025-09-03,處方藥,33522.0,0.276,0
C1323,R106,2025-12-16,個人護理,25324.0,0.255,0
C1323,R106,2026-04-26,醫療器材,15707.0,0.433,0
C1324,R108,2025-02-09,營養補充品,72954.0,0.327,1
C1324,R108,2025-04-27,醫療器材,94549.0,0.429,0
C1324,R108,2025-05-15,個人護理,127969.0,0.272,0
C1324,R108,2025-08-31,OTC,83082.0,0.425,1
C1324,R108,2026-01-10,OTC,84200.0,0.241,1
C1324,R108,2026-03-16,個人護理,87365.0,0.261,0
C1324,R108,2026-04-15,處方藥,79114.0,0.164,0
C1324,R108,2026-07-05,營養補充品,82291.0,0.413,0
C1325,R106,2025-03-13,處方藥,16248.0,0.432,1
C1325,R106,2025-04-15,醫療器材,10159.0,0.281,0
C1325,R106,2025-10-16,OTC,18439.0,0.261,0
C1325,R106,2025-11-15,個人護理,12378.0,0.224,1
C1325,R106,2025-12-24,個人護理,14554.0,0.339,0
C1325,R106,2026-01-17,OTC,7991.0,0.17,0
C1325,R106,2026-04-07,處方藥,18622.0,0.267,0
C1325,R106,2026-05-11,營養補充品,18874.0,0.37,1
C1325,R106,2026-07-14,營養補充品,16937.0,0.419,0
C1326,R100,2025-05-24,處方藥,18242.0,0.38,0
C1326,R100,2025-09-23,個人護理,14947.0,0.279,0
C1326,R100,2025-11-01,營養補充品,14896.0,0.362,0
C1326,R100,2026-03-20,個人護理,13752.0,0.297,0
C1326,R100,2026-05-31,OTC,12072.0,0.426,1
C1326,R100,2026-07-18,OTC,16774.0,0.227,1
C1327,R103,2025-03-24,OTC,20506.0,0.407,0
C1327,R103,2025-06-15,營養補充品,6431.0,0.206,0
C1327,R103,2025-07-18,個人護理,16682.0,0.347,0
C1327,R103,2025-08-13,營養補充品,22148.0,0.298,0
C1327,R103,2026-02-15,處方藥,18699.0,0.298,1
C1327,R103,2026-05-21,處方藥,24471.0,0.278,0
C1327,R103,2026-06-04,個人護理,9548.0,0.272,0
C1327,R103,2026-07-16,個人護理,13130.0,0.368,1
C1328,R108,2025-02-07,個人護理,58873.0,0.413,1
C1328,R108,2025-04-01,OTC,43260.0,0.177,0
C1328,R108,2025-04-26,處方藥,89238.0,0.358,1
C1328,R108,2025-06-11,OTC,37431.0,0.181,0
C1328,R108,2025-07-15,營養補充品,66377.0,0.363,1
C1328,R108,2025-08-25,OTC,64716.0,0.426,0
C1328,R108,2025-09-13,OTC,46690.0,0.351,1
C1328,R108,2025-10-17,營養補充品,64193.0,0.352,1
C1328,R108,2025-11-26,處方藥,63796.0,0.442,1
C1328,R108,2026-03-14,處方藥,37115.0,0.188,0
C1328,R108,2026-06-06,個人護理,40617.0,0.354,1
C1329,R103,2025-02-27,OTC,207188.0,0.158,0
C1329,R103,2025-05-30,OTC,167945.0,0.415,1
C1329,R103,2025-06-07,醫療器材,137579.0,0.258,0
C1329,R103,2025-08-03,處方藥,141011.0,0.216,0
C1329,R103,2025-08-10,個人護理,77988.0,0.432,0
C1329,R103,2025-10-29,個人護理,139871.0,0.331,0
C1329,R103,2026-01-25,個人護理,99236.0,0.297,0
C1329,R103,2026-03-02,營養補充品,96471.0,0.364,0
C1329,R103,2026-03-12,OTC,114904.0,0.192,0
C1329,R103,2026-06-21,個人護理,82461.0,0.377,0
C1329,R103,2026-07-19,處方藥,108081.0,0.159,0
C1330,R102,2025-02-19,醫療器材,83424.0,0.445,0
C1330,R102,2025-05-24,醫療器材,74102.0,0.351,0
C1330,R102,2025-08-17,個人護理,41580.0,0.29,0
C1330,R102,2025-09-28,營養補充品,58119.0,0.258,1
C1330,R102,2025-10-06,營養補充品,80877.0,0.265,0
C1330,R102,2025-11-18,醫療器材,80911.0,0.425,0
C1330,R102,2026-01-28,醫療器材,52145.0,0.37,0
C1330,R102,2026-03-24,OTC,48332.0,0.293,0
C1330,R102,2026-04-12,OTC,48506.0,0.338,1
C1330,R102,2026-07-10,OTC,46842.0,0.178,0
C1331,R115,2025-02-15,處方藥,27195.0,0.213,0
C1331,R115,2025-03-24,個人護理,17852.0,0.353,0
C1331,R115,2025-04-08,營養補充品,36226.0,0.381,0
C1331,R115,2025-06-19,營養補充品,38052.0,0.22,0
C1331,R115,2025-08-06,個人護理,25191.0,0.212,1
C1331,R115,2025-11-21,個人護理,26503.0,0.391,0
C1331,R115,2026-02-12,個人護理,21124.0,0.384,0
C1331,R115,2026-06-27,OTC,26282.0,0.426,0
C1332,R100,2025-04-03,處方藥,91979.0,0.292,1
C1332,R100,2025-08-23,個人護理,96996.0,0.181,1
C1332,R100,2025-09-08,處方藥,95842.0,0.398,0
C1332,R100,2025-10-06,處方藥,123139.0,0.309,0
C1332,R100,2025-11-14,醫療器材,76489.0,0.217,0
C1332,R100,2026-03-16,OTC,79188.0,0.175,1
C1332,R100,2026-04-14,處方藥,65013.0,0.303,0
C1332,R100,2026-06-04,營養補充品,44372.0,0.267,0
C1332,R100,2026-07-26,OTC,42392.0,0.208,1
C1333,R115,2025-07-05,醫療器材,8324.0,0.397,1
C1333,R115,2025-08-22,醫療器材,9936.0,0.322,0
C1333,R115,2025-09-20,OTC,9804.0,0.312,0
C1333,R115,2025-12-28,營養補充品,9603.0,0.311,0
C1333,R115,2026-02-14,個人護理,6887.0,0.418,1
C1333,R115,2026-03-27,OTC,7204.0,0.422,0
C1333,R115,2026-04-08,營養補充品,9642.0,0.306,0
C1334,R106,2025-02-22,營養補充品,42344.0,0.257,1
C1334,R106,2025-03-18,個人護理,42340.0,0.184,0
C1334,R106,2025-05-12,營養補充品,27840.0,0.426,0
C1334,R106,2025-07-10,處方藥,36349.0,0.19,1
C1334,R106,2025-09-26,醫療器材,23396.0,0.273,0
C1334,R106,2025-11-17,個人護理,60976.0,0.221,1
C1334,R106,2025-12-17,OTC,39419.0,0.401,1
C1334,R106,2026-02-23,處方藥,36449.0,0.36,0
C1334,R106,2026-03-17,醫療器材,20871.0,0.4,1
C1334,R106,2026-05-05,醫療器材,51437.0,0.36,1
C1334,R106,2026-06-10,OTC,29319.0,0.229,0
C1334,R106,2026-07-05,個人護理,29186.0,0.337,1
C1335,R116,2025-06-15,醫療器材,6536.0,0.184,1
C1335,R116,2025-08-20,營養補充品,5684.0,0.202,1
C1335,R116,2025-09-09,個人護理,5451.0,0.265,0
C1335,R116,2025-10-12,營養補充品,4724.0,0.22,0
C1335,R116,2025-12-06,OTC,4287.0,0.194,1
C1335,R116,2026-01-30,營養補充品,3211.0,0.233,0
C1335,R116,2026-04-28,處方藥,8022.0,0.353,1
C1336,R113,2025-04-08,個人護理,10882.0,0.265,1
C1336,R113,2025-06-12,個人護理,11686.0,0.379,0
C1336,R113,2025-08-02,處方藥,13208.0,0.283,0
C1336,R113,2025-10-22,營養補充品,6877.0,0.324,0
C1336,R113,2026-01-15,OTC,10269.0,0.24,1
C1336,R113,2026-02-25,處方藥,9190.0,0.32,0
C1336,R113,2026-04-23,處方藥,12674.0,0.374,0
C1336,R113,2026-06-11,處方藥,7469.0,0.235,0
C1337,R110,2025-07-15,營養補充品,147058.0,0.276,0
C1337,R110,2025-10-10,醫療器材,117949.0,0.356,0
C1337,R110,2026-01-31,個人護理,195091.0,0.439,1
C1337,R110,2026-05-23,醫療器材,121857.0,0.434,0
C1338,R107,2025-02-08,處方藥,45434.0,0.387,1
C1338,R107,2025-04-25,OTC,38579.0,0.338,0
C1338,R107,2025-06-03,營養補充品,36889.0,0.395,0
C1338,R107,2025-06-14,醫療器材,50579.0,0.41,0
C1338,R107,2025-09-24,個人護理,47514.0,0.269,0
C1338,R107,2026-01-14,醫療器材,38339.0,0.333,1
C1338,R107,2026-02-20,醫療器材,24402.0,0.253,1
C1338,R107,2026-03-16,個人護理,45856.0,0.419,0
C1338,R107,2026-05-04,個人護理,46002.0,0.353,0
C1339,R117,2025-07-12,個人護理,38554.0,0.157,0
C1339,R117,2025-09-05,處方藥,35222.0,0.161,1
C1339,R117,2025-11-01,處方藥,41658.0,0.26,1
C1339,R117,2025-11-13,營養補充品,22928.0,0.447,1
C1339,R117,2026-02-25,醫療器材,27279.0,0.265,0
C1339,R117,2026-03-22,OTC,36043.0,0.291,0
C1339,R117,2026-04-13,個人護理,26730.0,0.276,0
C1339,R117,2026-06-15,處方藥,33598.0,0.239,1
C1340,R116,2025-06-08,處方藥,19707.0,0.187,1
C1340,R116,2025-07-18,營養補充品,24137.0,0.439,1
C1340,R116,2025-12-21,營養補充品,22556.0,0.168,0
C1340,R116,2026-01-29,醫療器材,34143.0,0.226,1
C1340,R116,2026-02-25,處方藥,18516.0,0.18,1
C1340,R116,2026-03-05,營養補充品,19111.0,0.397,0
C1341,R106,2025-02-09,處方藥,6658.0,0.403,0
C1341,R106,2025-04-06,營養補充品,6258.0,0.258,0
C1341,R106,2025-04-11,個人護理,5685.0,0.286,0
C1341,R106,2025-07-07,個人護理,6631.0,0.182,0
C1341,R106,2025-08-24,處方藥,5956.0,0.341,0
C1341,R106,2025-10-15,處方藥,4564.0,0.363,0
C1341,R106,2026-05-27,處方藥,4370.0,0.247,1
C1341,R106,2026-06-06,OTC,4387.0,0.168,0
C1342,R104,2025-02-18,醫療器材,214977.0,0.249,0
C1342,R104,2025-03-11,營養補充品,178873.0,0.216,0
C1342,R104,2025-06-19,營養補充品,141523.0,0.263,0
C1342,R104,2025-07-16,處方藥,226619.0,0.221,0
C1342,R104,2025-09-26,營養補充品,217410.0,0.386,0
C1342,R104,2025-11-23,OTC,165188.0,0.189,0
C1342,R104,2025-12-27,個人護理,237042.0,0.262,0
C1342,R104,2026-01-28,醫療器材,138044.0,0.312,1
C1342,R104,2026-02-13,個人護理,255946.0,0.269,1
C1342,R104,2026-03-21,醫療器材,159236.0,0.358,0
C1342,R104,2026-04-18,OTC,173034.0,0.339,0
C1342,R104,2026-05-12,處方藥,199967.0,0.343,0
C1342,R104,2026-06-26,OTC,168648.0,0.367,1
C1342,R104,2026-07-30,OTC,218206.0,0.151,1
C1343,R107,2025-05-12,處方藥,11933.0,0.257,0
C1343,R107,2025-06-15,OTC,19298.0,0.38,1
C1343,R107,2025-09-23,OTC,29617.0,0.266,0
C1343,R107,2025-10-18,個人護理,11798.0,0.426,1
C1343,R107,2025-11-06,個人護理,15142.0,0.338,0
C1343,R107,2026-01-08,OTC,12975.0,0.234,1
C1343,R107,2026-02-13,醫療器材,13262.0,0.193,1
C1343,R107,2026-06-11,個人護理,21313.0,0.421,0
C1344,R117,2025-03-16,營養補充品,126292.0,0.436,1
C1344,R117,2025-07-25,醫療器材,131871.0,0.169,1
C1344,R117,2025-08-24,醫療器材,218951.0,0.16,1
C1344,R117,2025-09-10,營養補充品,129277.0,0.33,0
C1344,R117,2025-11-08,個人護理,151085.0,0.237,0
C1344,R117,2025-12-31,個人護理,81142.0,0.187,1
C1344,R117,2026-01-20,醫療器材,114740.0,0.211,0
C1344,R117,2026-03-20,營養補充品,62687.0,0.2,0
C1345,R100,2025-03-17,營養補充品,52144.0,0.301,1
C1345,R100,2025-04-28,醫療器材,77252.0,0.313,0
C1345,R100,2025-08-16,OTC,68934.0,0.201,1
C1345,R100,2025-09-05,個人護理,54755.0,0.363,0
C1345,R100,2025-12-22,處方藥,76949.0,0.424,1
C1345,R100,2026-02-24,醫療器材,59508.0,0.186,1
C1345,R100,2026-04-10,個人護理,42464.0,0.243,1
C1346,R102,2025-04-19,醫療器材,269732.0,0.297,0
C1346,R102,2025-06-15,處方藥,208303.0,0.381,1
C1346,R102,2025-07-16,醫療器材,231431.0,0.228,1
C1346,R102,2025-09-17,個人護理,143215.0,0.234,1
C1346,R102,2025-10-29,處方藥,178703.0,0.448,1
C1346,R102,2025-11-15,個人護理,166161.0,0.447,0
C1346,R102,2026-02-04,個人護理,184219.0,0.164,0
C1346,R102,2026-05-27,OTC,213947.0,0.249,1
C1346,R102,2026-07-09,個人護理,189202.0,0.236,0
C1347,R105,2025-10-02,營養補充品,58180.0,0.257,0
C1347,R105,2026-02-17,OTC,56702.0,0.365,1
C1347,R105,2026-03-19,個人護理,53534.0,0.317,1
C1347,R105,2026-05-03,營養補充品,55574.0,0.255,0
C1347,R105,2026-07-26,OTC,42312.0,0.33,0
C1348,R107,2025-06-16,OTC,17500.0,0.225,1
C1348,R107,2025-07-12,OTC,21651.0,0.232,0
C1348,R107,2025-10-24,醫療器材,17132.0,0.255,1
C1348,R107,2025-11-17,個人護理,21223.0,0.364,1
C1348,R107,2026-04-11,處方藥,17735.0,0.432,1
C1348,R107,2026-06-12,OTC,16631.0,0.345,0
C1349,R114,2025-06-15,OTC,14240.0,0.283,0
C1349,R114,2026-02-09,醫療器材,17414.0,0.311,1
C1349,R114,2026-05-25,個人護理,3928.0,0.419,0
C1349,R114,2026-06-09,醫療器材,5933.0,0.418,0
C1349,R114,2026-07-10,處方藥,12651.0,0.356,1
C1350,R108,2025-02-22,OTC,2387.0,0.395,0
C1350,R108,2025-06-17,營養補充品,3527.0,0.435,0
C1350,R108,2025-07-16,個人護理,2272.0,0.397,1
C1350,R108,2026-02-19,OTC,2883.0,0.449,0
C1350,R108,2026-06-14,處方藥,2347.0,0.388,0
C1351,R116,2025-02-21,OTC,43400.0,0.351,1
C1351,R116,2025-03-30,處方藥,42334.0,0.364,0
C1351,R116,2025-08-22,處方藥,72507.0,0.223,0
C1351,R116,2025-10-23,營養補充品,52574.0,0.369,0
C1351,R116,2025-11-11,醫療器材,66693.0,0.448,0
C1351,R116,2026-01-11,營養補充品,73387.0,0.219,0
C1351,R116,2026-04-28,OTC,13866.0,0.207,1
C1351,R116,2026-05-31,醫療器材,32995.0,0.345,1
C1351,R116,2026-06-29,處方藥,48254.0,0.185,1
C1352,R101,2025-04-04,醫療器材,5033.0,0.331,0
C1352,R101,2026-04-11,OTC,5913.0,0.382,0
C1353,R105,2025-03-02,營養補充品,18236.0,0.326,1
C1353,R105,2025-03-25,OTC,28572.0,0.395,0
C1353,R105,2025-05-13,個人護理,16350.0,0.203,0
C1353,R105,2025-07-30,營養補充品,26295.0,0.247,0
C1353,R105,2025-10-11,醫療器材,23822.0,0.324,1
C1353,R105,2026-02-16,OTC,20901.0,0.42,0
C1353,R105,2026-05-15,處方藥,34525.0,0.424,0
C1353,R105,2026-06-28,營養補充品,28561.0,0.418,0
C1353,R105,2026-07-05,OTC,27082.0,0.415,0
C1354,R107,2025-04-23,個人護理,86897.0,0.369,0
C1354,R107,2025-05-23,OTC,25185.0,0.445,0
C1354,R107,2025-07-10,OTC,69745.0,0.199,0
C1354,R107,2025-09-08,處方藥,65141.0,0.186,1
C1354,R107,2025-10-30,營養補充品,75873.0,0.277,0
C1354,R107,2025-11-24,OTC,74408.0,0.292,0
C1354,R107,2026-01-04,OTC,58703.0,0.304,0
C1354,R107,2026-02-10,個人護理,49339.0,0.344,1
C1354,R107,2026-03-17,營養補充品,38829.0,0.258,0
C1354,R107,2026-07-18,營養補充品,75331.0,0.263,0
C1355,R111,2025-03-13,OTC,11480.0,0.153,0
C1355,R111,2025-06-03,OTC,10100.0,0.365,0
C1355,R111,2025-07-30,個人護理,10175.0,0.262,0
C1355,R111,2025-08-12,OTC,14795.0,0.262,1
C1355,R111,2025-09-05,OTC,11501.0,0.201,0
C1355,R111,2026-02-17,營養補充品,11813.0,0.45,0
C1355,R111,2026-04-20,醫療器材,17061.0,0.381,0
C1356,R116,2025-02-26,處方藥,22266.0,0.154,0
C1356,R116,2025-04-05,醫療器材,26899.0,0.302,0
C1356,R116,2025-08-04,醫療器材,23642.0,0.326,0
C1356,R116,2025-08-20,個人護理,14875.0,0.26,1
C1356,R116,2025-11-05,個人護理,25410.0,0.269,1
C1356,R116,2026-02-17,OTC,29113.0,0.427,1
C1356,R116,2026-05-22,OTC,6417.0,0.247,0
C1357,R106,2025-03-05,處方藥,25692.0,0.186,0
C1357,R106,2025-04-03,個人護理,32457.0,0.279,1
C1357,R106,2025-05-02,醫療器材,30466.0,0.363,1
C1357,R106,2025-09-03,OTC,27384.0,0.307,0
C1357,R106,2025-11-12,OTC,43352.0,0.383,1
C1357,R106,2026-02-15,醫療器材,48322.0,0.157,0
C1357,R106,2026-05-09,處方藥,30255.0,0.153,1
C1357,R106,2026-06-18,個人護理,24578.0,0.429,0
C1358,R104,2025-02-14,醫療器材,321544.0,0.324,1
C1358,R104,2025-03-21,個人護理,204034.0,0.385,1
C1358,R104,2025-07-01,OTC,238370.0,0.294,0
C1358,R104,2025-09-05,醫療器材,159922.0,0.171,0
C1358,R104,2026-01-10,醫療器材,135420.0,0.4,0
C1358,R104,2026-05-12,個人護理,56316.0,0.339,0
C1358,R104,2026-07-30,醫療器材,89883.0,0.163,0
C1359,R106,2025-02-10,營養補充品,43211.0,0.305,1
C1359,R106,2025-04-02,OTC,39006.0,0.313,0
C1359,R106,2025-08-07,營養補充品,54848.0,0.42,1
C1359,R106,2025-10-03,醫療器材,38683.0,0.215,0
C1359,R106,2025-10-16,OTC,13038.0,0.293,0
C1359,R106,2025-11-19,OTC,43791.0,0.338,0
C1359,R106,2026-02-03,OTC,39161.0,0.407,0
C1359,R106,2026-03-25,營養補充品,44771.0,0.381,1
C1359,R106,2026-04-08,醫療器材,46095.0,0.446,0
C1360,R108,2025-03-20,營養補充品,93799.0,0.311,0
C1360,R108,2025-04-19,OTC,154794.0,0.388,0
C1360,R108,2025-05-08,個人護理,190582.0,0.224,0
C1360,R108,2025-07-02,個人護理,168378.0,0.213,0
C1360,R108,2025-07-08,處方藥,118537.0,0.365,1
C1360,R108,2025-08-26,醫療器材,173694.0,0.266,1
C1360,R108,2025-11-22,營養補充品,90712.0,0.335,1
C1360,R108,2026-03-26,OTC,133400.0,0.191,0
C1360,R108,2026-04-25,處方藥,124333.0,0.321,0
C1361,R104,2025-02-12,OTC,78535.0,0.373,0
C1361,R104,2025-04-09,個人護理,101875.0,0.436,0
C1361,R104,2025-06-24,醫療器材,61963.0,0.403,0
C1361,R104,2025-07-14,個人護理,98477.0,0.381,0
C1361,R104,2025-09-22,處方藥,88297.0,0.162,0
C1361,R104,2025-10-07,OTC,55813.0,0.32,1
C1361,R104,2025-12-10,醫療器材,35291.0,0.359,0
C1361,R104,2026-01-30,個人護理,105608.0,0.315,1
C1361,R104,2026-04-14,處方藥,64375.0,0.294,0
C1361,R104,2026-06-28,OTC,63804.0,0.152,0
C1362,R108,2025-02-22,處方藥,32124.0,0.425,1
C1362,R108,2025-04-02,處方藥,17269.0,0.285,0
C1362,R108,2025-04-18,OTC,17707.0,0.256,1
C1362,R108,2025-05-25,營養補充品,11052.0,0.178,0
C1362,R108,2025-09-21,個人護理,20156.0,0.207,1
C1362,R108,2026-04-29,處方藥,18218.0,0.278,1
C1362,R108,2026-07-17,營養補充品,21584.0,0.417,0
C1363,R111,2025-02-17,營養補充品,179473.0,0.209,0
C1363,R111,2025-03-18,醫療器材,175909.0,0.423,0
C1363,R111,2025-06-03,醫療器材,107953.0,0.153,1
C1363,R111,2025-07-08,醫療器材,187618.0,0.417,0
C1363,R111,2026-02-20,營養補充品,186615.0,0.425,0
C1363,R111,2026-05-29,個人護理,279292.0,0.284,0
C1364,R108,2025-03-26,處方藥,68357.0,0.233,0
C1364,R108,2025-04-24,處方藥,65695.0,0.417,1
C1364,R108,2025-05-27,OTC,52584.0,0.279,1
C1364,R108,2025-06-17,醫療器材,97857.0,0.382,1
C1364,R108,2025-10-05,醫療器材,81178.0,0.4,0
C1364,R108,2026-03-17,OTC,120064.0,0.403,0
C1364,R108,2026-06-12,醫療器材,23963.0,0.324,0
C1365,R112,2025-02-19,處方藥,38125.0,0.166,0
C1365,R112,2025-08-21,醫療器材,34691.0,0.3,0
C1365,R112,2025-09-13,處方藥,45664.0,0.339,0
C1365,R112,2025-10-29,醫療器材,46834.0,0.354,0
C1365,R112,2026-01-10,個人護理,47992.0,0.358,0
C1366,R108,2025-03-26,醫療器材,77932.0,0.431,1
C1366,R108,2025-07-24,營養補充品,50357.0,0.379,0
C1366,R108,2025-09-24,處方藥,71935.0,0.236,1
C1366,R108,2025-10-13,醫療器材,93462.0,0.226,1
C1366,R108,2025-12-10,處方藥,56542.0,0.17,0
C1366,R108,2026-01-31,醫療器材,28815.0,0.441,1
C1366,R108,2026-02-08,個人護理,52303.0,0.18,1
C1366,R108,2026-03-27,OTC,83295.0,0.293,1
C1366,R108,2026-04-12,處方藥,64537.0,0.166,0
C1366,R108,2026-05-03,OTC,115194.0,0.401,1
C1366,R108,2026-06-04,營養補充品,114240.0,0.151,0
C1366,R108,2026-07-07,處方藥,68036.0,0.322,1
C1367,R105,2025-05-01,處方藥,35497.0,0.211,1
C1367,R105,2025-05-11,醫療器材,35885.0,0.35,0
C1367,R105,2025-10-23,營養補充品,43005.0,0.179,0
C1367,R105,2025-11-08,個人護理,44451.0,0.237,1
C1367,R105,2025-12-15,個人護理,43528.0,0.27,0
C1367,R105,2026-01-07,處方藥,55112.0,0.402,0
C1367,R105,2026-02-02,醫療器材,40168.0,0.313,0
C1367,R105,2026-05-21,個人護理,17071.0,0.152,0
C1367,R105,2026-07-19,個人護理,16028.0,0.247,0
C1368,R105,2025-03-18,個人護理,14623.0,0.196,0
C1368,R105,2025-04-09,處方藥,19424.0,0.22,1
C1368,R105,2025-05-08,醫療器材,17724.0,0.252,1
C1368,R105,2025-08-02,個人護理,16170.0,0.351,0
C1368,R105,2025-08-08,營養補充品,18670.0,0.396,1
C1368,R105,2025-09-27,個人護理,9645.0,0.364,0
C1368,R105,2025-10-14,處方藥,19351.0,0.303,1
C1368,R105,2025-11-13,營養補充品,10178.0,0.361,0
C1368,R105,2026-02-10,處方藥,10508.0,0.373,0
C1368,R105,2026-05-23,營養補充品,8684.0,0.35,0
C1368,R105,2026-07-03,個人護理,14086.0,0.433,1
C1369,R107,2025-03-21,處方藥,160565.0,0.296,0
C1369,R107,2025-09-06,營養補充品,169068.0,0.183,0
C1369,R107,2025-10-24,個人護理,190265.0,0.229,0
C1369,R107,2025-12-14,營養補充品,157399.0,0.291,0
C1369,R107,2026-01-23,處方藥,134438.0,0.353,1
C1369,R107,2026-02-26,處方藥,140228.0,0.431,0
C1369,R107,2026-06-22,個人護理,159077.0,0.198,0
C1370,R103,2025-05-27,營養補充品,21621.0,0.248,1
C1370,R103,2025-08-06,OTC,23656.0,0.311,0
C1370,R103,2026-02-07,個人護理,20249.0,0.36,0
C1370,R103,2026-03-27,OTC,17673.0,0.446,1
C1370,R103,2026-06-23,處方藥,19289.0,0.403,0
C1371,R113,2025-03-29,OTC,22562.0,0.401,1
C1371,R113,2025-05-31,OTC,7937.0,0.414,0
C1371,R113,2025-08-04,處方藥,20483.0,0.194,1
C1371,R113,2025-08-19,個人護理,17698.0,0.393,0
C1371,R113,2025-12-20,營養補充品,15686.0,0.179,1
C1372,R115,2025-02-19,個人護理,13111.0,0.226,1
C1372,R115,2025-08-10,OTC,10152.0,0.41,0
C1372,R115,2025-10-03,醫療器材,12191.0,0.402,1
C1372,R115,2025-11-23,個人護理,14936.0,0.384,0
C1372,R115,2026-03-04,營養補充品,10147.0,0.367,0
C1373,R110,2025-03-11,醫療器材,15686.0,0.248,0
C1373,R110,2025-05-23,營養補充品,22248.0,0.25,0
C1373,R110,2025-07-05,OTC,20908.0,0.238,1
C1373,R110,2025-09-17,個人護理,15065.0,0.208,0
C1373,R110,2026-04-05,個人護理,5778.0,0.435,0
C1373,R110,2026-05-18,OTC,11216.0,0.444,0
C1373,R110,2026-07-24,個人護理,10190.0,0.405,0
C1374,R111,2025-03-30,營養補充品,54191.0,0.321,0
C1374,R111,2025-06-05,個人護理,75380.0,0.249,1
C1374,R111,2025-06-12,營養補充品,59064.0,0.392,1
C1374,R111,2025-09-19,個人護理,85406.0,0.234,0
C1374,R111,2025-11-16,營養補充品,66593.0,0.249,1
C1374,R111,2026-05-14,OTC,74205.0,0.261,0
C1374,R111,2026-06-20,OTC,68441.0,0.233,0
C1375,R112,2025-02-10,醫療器材,125219.0,0.27,0
C1375,R112,2025-03-20,OTC,143708.0,0.246,0
C1375,R112,2025-05-06,OTC,107551.0,0.296,0
C1375,R112,2025-10-30,處方藥,121675.0,0.363,0
C1375,R112,2026-02-23,個人護理,239425.0,0.238,1
C1375,R112,2026-03-18,OTC,155013.0,0.246,0
C1375,R112,2026-05-30,OTC,129895.0,0.358,0
C1375,R112,2026-06-14,處方藥,90922.0,0.33,0
C1376,R117,2025-03-26,醫療器材,5897.0,0.183,1
C1376,R117,2025-07-04,醫療器材,9469.0,0.219,1
C1376,R117,2025-12-12,營養補充品,9925.0,0.233,0
C1376,R117,2026-01-27,個人護理,12386.0,0.305,0
C1376,R117,2026-05-28,營養補充品,4027.0,0.23,0
C1377,R108,2025-06-18,醫療器材,24066.0,0.446,0
C1377,R108,2025-08-22,處方藥,18738.0,0.259,0
C1377,R108,2025-10-07,OTC,22347.0,0.339,0
C1377,R108,2026-04-04,OTC,28576.0,0.324,1
C1377,R108,2026-07-15,個人護理,22789.0,0.393,0
C1378,R107,2025-02-26,營養補充品,269460.0,0.339,1
C1378,R107,2025-06-13,OTC,122527.0,0.355,0
C1378,R107,2025-07-31,OTC,179899.0,0.283,0
C1378,R107,2025-08-18,醫療器材,174241.0,0.255,0
C1378,R107,2025-10-28,處方藥,108575.0,0.347,0
C1378,R107,2025-11-30,醫療器材,201698.0,0.408,0
C1378,R107,2026-01-18,OTC,207752.0,0.354,0
C1378,R107,2026-03-13,醫療器材,184772.0,0.309,0
C1378,R107,2026-04-12,醫療器材,78599.0,0.415,0
C1378,R107,2026-05-09,個人護理,92315.0,0.213,0
C1379,R115,2025-03-12,營養補充品,24367.0,0.211,1
C1379,R115,2025-06-09,營養補充品,17284.0,0.362,0
C1379,R115,2025-08-15,營養補充品,37401.0,0.214,0
C1379,R115,2025-09-17,處方藥,32023.0,0.262,1
C1379,R115,2025-10-11,醫療器材,30507.0,0.237,0
C1379,R115,2025-12-01,個人護理,30134.0,0.295,0
C1379,R115,2025-12-20,醫療器材,32117.0,0.275,0
C1379,R115,2026-04-20,OTC,19529.0,0.28,0
C1379,R115,2026-06-14,OTC,20868.0,0.247,0
C1380,R111,2025-03-12,營養補充品,105298.0,0.357,1
C1380,R111,2025-04-10,處方藥,124830.0,0.173,0
C1380,R111,2025-06-12,醫療器材,96813.0,0.175,1
C1380,R111,2025-09-07,營養補充品,30002.0,0.413,1
C1380,R111,2025-10-14,醫療器材,83448.0,0.422,0
C1380,R111,2025-11-08,營養補充品,113633.0,0.272,1
C1380,R111,2025-12-30,個人護理,142551.0,0.44,0
C1380,R111,2026-01-12,OTC,110210.0,0.425,0
C1380,R111,2026-02-12,處方藥,102545.0,0.193,1
C1380,R111,2026-03-11,醫療器材,128368.0,0.289,1
C1380,R111,2026-04-23,醫療器材,106186.0,0.174,0
C1380,R111,2026-06-05,處方藥,99685.0,0.247,0
C1381,R111,2025-05-21,處方藥,4999.0,0.152,1
C1381,R111,2025-10-21,處方藥,4549.0,0.445,0
C1381,R111,2026-03-22,OTC,4565.0,0.231,0
C1381,R111,2026-06-22,處方藥,3293.0,0.355,0
C1381,R111,2026-07-20,醫療器材,5736.0,0.319,0
C1382,R105,2025-03-12,醫療器材,2516.0,0.252,1
C1382,R105,2025-05-13,OTC,2752.0,0.357,0
C1382,R105,2026-03-02,個人護理,4295.0,0.411,0
C1383,R107,2025-02-12,OTC,33738.0,0.211,0
C1383,R107,2025-10-02,處方藥,55350.0,0.363,1
C1383,R107,2025-10-24,處方藥,50480.0,0.287,1
C1384,R111,2025-02-09,OTC,13847.0,0.376,0
C1384,R111,2025-04-16,營養補充品,17957.0,0.172,0
C1384,R111,2025-07-23,處方藥,18094.0,0.221,1
C1384,R111,2026-01-01,醫療器材,17382.0,0.357,0
C1384,R111,2026-01-31,醫療器材,7898.0,0.442,0
C1385,R113,2025-04-10,醫療器材,38742.0,0.424,0
C1385,R113,2025-05-10,個人護理,55389.0,0.267,1
C1385,R113,2025-06-26,營養補充品,52352.0,0.309,0
C1385,R113,2026-01-09,OTC,56097.0,0.358,0
C1385,R113,2026-06-18,醫療器材,25035.0,0.161,1
C1386,R108,2025-02-16,醫療器材,89659.0,0.429,0
C1386,R108,2025-03-27,個人護理,208662.0,0.437,0
C1386,R108,2025-07-31,個人護理,136972.0,0.318,1
C1386,R108,2025-09-14,處方藥,167454.0,0.444,0
C1386,R108,2025-12-24,營養補充品,103212.0,0.156,0
C1386,R108,2026-01-04,OTC,175874.0,0.291,0
C1386,R108,2026-04-04,OTC,64268.0,0.367,1
C1386,R108,2026-05-06,OTC,91322.0,0.239,0
C1387,R106,2025-02-19,OTC,40584.0,0.412,1
C1387,R106,2025-08-25,個人護理,39513.0,0.425,0
C1387,R106,2025-09-12,OTC,28708.0,0.237,1
C1387,R106,2025-10-06,營養補充品,37075.0,0.449,0
C1387,R106,2025-11-10,處方藥,22656.0,0.27,0
C1387,R106,2026-02-08,OTC,42093.0,0.348,0
C1387,R106,2026-03-17,OTC,32299.0,0.383,0
C1387,R106,2026-05-09,處方藥,14564.0,0.418,1
C1387,R106,2026-06-25,醫療器材,11935.0,0.271,1
C1388,R108,2025-04-21,營養補充品,84637.0,0.323,0
C1388,R108,2025-05-25,營養補充品,100377.0,0.2,0
C1388,R108,2025-09-25,OTC,91497.0,0.223,1
C1388,R108,2025-10-06,營養補充品,101138.0,0.393,0
C1388,R108,2025-11-24,OTC,69435.0,0.256,0
C1388,R108,2025-12-30,處方藥,72696.0,0.232,0
C1388,R108,2026-01-22,醫療器材,93487.0,0.392,1
C1388,R108,2026-02-05,營養補充品,54557.0,0.177,0
C1388,R108,2026-03-09,處方藥,54855.0,0.294,1
C1389,R105,2025-06-11,處方藥,73689.0,0.31,0
C1389,R105,2025-07-28,營養補充品,61943.0,0.295,0
C1389,R105,2025-12-06,個人護理,59388.0,0.328,1
C1389,R105,2026-01-06,處方藥,63709.0,0.311,0
C1389,R105,2026-03-25,營養補充品,52647.0,0.378,0
C1389,R105,2026-05-23,個人護理,42765.0,0.444,0
C1389,R105,2026-07-12,醫療器材,51390.0,0.3,0
C1390,R101,2025-02-09,處方藥,87598.0,0.398,1
C1390,R101,2025-04-04,OTC,53406.0,0.298,0
C1390,R101,2025-05-09,個人護理,75446.0,0.401,0
C1390,R101,2025-12-01,OTC,85283.0,0.154,0
C1390,R101,2026-02-02,營養補充品,71252.0,0.239,0
C1390,R101,2026-03-24,營養補充品,83300.0,0.365,0
C1390,R101,2026-04-12,OTC,68458.0,0.29,1
C1390,R101,2026-07-06,醫療器材,71181.0,0.447,1
C1391,R108,2025-04-24,個人護理,15335.0,0.431,0
C1391,R108,2025-08-14,OTC,22072.0,0.222,1
C1391,R108,2025-11-22,處方藥,23157.0,0.227,0
C1391,R108,2025-12-13,營養補充品,20972.0,0.205,0
C1391,R108,2026-03-01,處方藥,27433.0,0.234,0
C1391,R108,2026-05-09,OTC,22063.0,0.283,0
C1391,R108,2026-06-14,醫療器材,20255.0,0.279,1
C1392,R111,2025-02-08,個人護理,62086.0,0.326,1
C1392,R111,2025-03-15,個人護理,69614.0,0.212,0
C1392,R111,2025-04-13,醫療器材,27842.0,0.175,1
C1392,R111,2025-05-15,OTC,75371.0,0.316,1
C1392,R111,2025-10-03,OTC,83719.0,0.448,0
C1392,R111,2025-10-23,個人護理,83682.0,0.345,1
C1392,R111,2026-01-01,處方藥,80179.0,0.183,0
C1392,R111,2026-03-09,OTC,65031.0,0.271,1
C1392,R111,2026-05-10,OTC,84235.0,0.267,0
C1392,R111,2026-06-28,營養補充品,79478.0,0.402,1
C1392,R111,2026-07-07,OTC,91287.0,0.35,0
C1393,R110,2025-03-21,醫療器材,11826.0,0.444,0
C1393,R110,2025-06-02,處方藥,15358.0,0.319,1
C1393,R110,2025-10-05,OTC,16655.0,0.252,1
C1393,R110,2025-12-15,個人護理,12202.0,0.362,1
C1393,R110,2026-05-16,醫療器材,13036.0,0.416,0
C1393,R110,2026-06-29,醫療器材,14742.0,0.431,1
C1394,R112,2025-08-22,醫療器材,40982.0,0.273,0
C1394,R112,2025-10-01,OTC,77491.0,0.196,0
C1394,R112,2025-11-25,處方藥,104785.0,0.392,1
C1394,R112,2026-02-13,營養補充品,48914.0,0.355,0
C1394,R112,2026-03-15,個人護理,115939.0,0.379,1
C1394,R112,2026-04-17,OTC,69587.0,0.194,0
C1394,R112,2026-05-11,OTC,49142.0,0.317,1
C1394,R112,2026-07-23,營養補充品,74899.0,0.247,0
C1395,R107,2025-02-24,OTC,109005.0,0.208,0
C1395,R107,2025-05-09,個人護理,83356.0,0.252,0
C1395,R107,2025-07-18,個人護理,51865.0,0.401,1
C1395,R107,2026-01-30,個人護理,55855.0,0.38,0
C1395,R107,2026-04-01,個人護理,65907.0,0.247,1
C1395,R107,2026-04-04,OTC,75162.0,0.434,0
C1396,R100,2025-02-12,營養補充品,33472.0,0.242,1
C1396,R100,2025-03-27,醫療器材,28796.0,0.249,0
C1396,R100,2025-06-17,營養補充品,20198.0,0.427,0
C1396,R100,2025-07-07,個人護理,36968.0,0.232,1
C1396,R100,2025-08-21,OTC,27495.0,0.373,0
C1396,R100,2026-02-02,處方藥,20975.0,0.448,1
C1396,R100,2026-04-13,醫療器材,45580.0,0.248,1
C1397,R105,2025-05-03,醫療器材,8939.0,0.37,1
C1397,R105,2025-06-03,處方藥,8439.0,0.322,1
C1397,R105,2025-12-02,個人護理,7470.0,0.443,0
C1397,R105,2026-01-30,營養補充品,7980.0,0.369,1
C1397,R105,2026-03-02,處方藥,10238.0,0.369,0
C1397,R105,2026-04-13,處方藥,2928.0,0.391,0
C1397,R105,2026-05-28,營養補充品,7313.0,0.175,1
C1397,R105,2026-07-20,OTC,9654.0,0.268,0
C1398,R110,2025-04-05,醫療器材,131531.0,0.195,1
C1398,R110,2025-06-15,處方藥,150794.0,0.32,1
C1398,R110,2025-07-30,處方藥,183005.0,0.182,0
C1398,R110,2025-08-10,營養補充品,116674.0,0.21,1
C1398,R110,2025-09-17,個人護理,139085.0,0.245,0
C1398,R110,2025-11-04,處方藥,111028.0,0.269,1
C1398,R110,2025-12-23,OTC,162095.0,0.292,1
C1398,R110,2026-02-13,處方藥,161405.0,0.319,0
C1398,R110,2026-03-30,醫療器材,134456.0,0.421,0
C1398,R110,2026-04-09,營養補充品,171630.0,0.272,0
C1398,R110,2026-06-26,醫療器材,132414.0,0.428,0
C1398,R110,2026-07-11,處方藥,126023.0,0.19,1
C1399,R103,2025-05-05,個人護理,7999.0,0.278,0
C1399,R103,2025-07-05,營養補充品,7671.0,0.398,0
C1399,R103,2025-07-23,醫療器材,10672.0,0.273,0
C1399,R103,2025-08-08,處方藥,10091.0,0.369,0
C1399,R103,2025-09-17,個人護理,8840.0,0.39,1
C1399,R103,2025-10-27,營養補充品,11851.0,0.391,0
C1399,R103,2026-01-21,OTC,10099.0,0.4,1
C1399,R103,2026-03-22,處方藥,11443.0,0.245,0
C1400,R111,2025-02-27,營養補充品,11659.0,0.339,1
C1400,R111,2025-07-03,個人護理,6783.0,0.403,0
C1400,R111,2025-07-12,營養補充品,7727.0,0.4,0
C1400,R111,2025-09-11,醫療器材,6720.0,0.291,0
C1401,R107,2025-08-13,處方藥,88507.0,0.355,1
C1401,R107,2025-11-09,個人護理,60791.0,0.172,0
C1401,R107,2026-05-08,個人護理,94423.0,0.226,0
C1401,R107,2026-07-07,營養補充品,69384.0,0.2,1
C1402,R108,2025-05-14,處方藥,8287.0,0.186,1
C1402,R108,2025-08-28,醫療器材,11457.0,0.39,0
C1402,R108,2025-09-07,處方藥,7735.0,0.177,0
C1402,R108,2025-12-15,個人護理,6481.0,0.38,1
C1402,R108,2026-03-18,醫療器材,10323.0,0.426,0
C1402,R108,2026-04-25,營養補充品,2701.0,0.429,1
C1402,R108,2026-07-05,營養補充品,4632.0,0.446,0
C1403,R107,2025-04-16,OTC,19523.0,0.266,0
C1403,R107,2025-06-24,OTC,17235.0,0.173,1
C1403,R107,2025-08-24,OTC,15598.0,0.246,0
C1403,R107,2025-09-20,個人護理,16513.0,0.334,1
C1403,R107,2025-10-27,個人護理,19064.0,0.268,0
C1403,R107,2025-11-17,個人護理,13032.0,0.418,1
C1403,R107,2026-01-24,處方藥,24377.0,0.253,0
C1403,R107,2026-04-11,個人護理,12738.0,0.205,0
C1403,R107,2026-05-07,個人護理,12958.0,0.323,1
C1404,R115,2025-04-10,營養補充品,5307.0,0.3,1
C1404,R115,2025-08-15,OTC,6599.0,0.386,1
C1404,R115,2025-09-25,處方藥,8372.0,0.344,0
C1404,R115,2025-11-05,處方藥,5487.0,0.361,0
C1404,R115,2025-12-16,OTC,5045.0,0.21,1
C1404,R115,2026-04-21,OTC,7453.0,0.412,0
C1404,R115,2026-05-15,營養補充品,6537.0,0.176,0
C1405,R104,2025-02-07,醫療器材,18174.0,0.164,1
C1405,R104,2025-04-09,處方藥,14858.0,0.161,1
C1405,R104,2025-05-13,OTC,15069.0,0.306,0
C1405,R104,2025-08-24,處方藥,15853.0,0.183,0
C1405,R104,2025-09-06,個人護理,17226.0,0.271,0
C1405,R104,2025-12-23,處方藥,16015.0,0.17,1
C1405,R104,2026-02-19,OTC,14846.0,0.412,1
C1405,R104,2026-04-11,營養補充品,9889.0,0.377,1
C1406,R117,2025-03-28,醫療器材,8052.0,0.409,1
C1406,R117,2026-02-26,OTC,7786.0,0.374,0
C1406,R117,2026-03-23,醫療器材,8544.0,0.315,0
C1406,R117,2026-05-16,OTC,5747.0,0.353,0
C1406,R117,2026-07-28,醫療器材,6941.0,0.347,0
C1407,R114,2025-06-01,醫療器材,40780.0,0.369,0
C1407,R114,2025-07-26,處方藥,69839.0,0.337,0
C1407,R114,2025-11-29,OTC,55440.0,0.225,0
C1407,R114,2026-03-05,OTC,46224.0,0.438,0
C1407,R114,2026-04-09,OTC,58335.0,0.394,0
C1407,R114,2026-05-09,個人護理,72226.0,0.157,1
C1408,R110,2025-04-23,處方藥,38745.0,0.441,1
C1408,R110,2025-06-17,個人護理,42339.0,0.28,0
C1408,R110,2025-09-09,營養補充品,54228.0,0.303,1
C1408,R110,2025-10-23,營養補充品,50112.0,0.245,1
C1408,R110,2025-12-27,醫療器材,27425.0,0.331,0
C1408,R110,2026-04-20,OTC,39592.0,0.155,0
C1408,R110,2026-05-21,OTC,50880.0,0.45,0
C1408,R110,2026-06-20,醫療器材,31270.0,0.153,1
C1409,R109,2025-02-27,醫療器材,45566.0,0.268,1
C1409,R109,2025-03-29,處方藥,68040.0,0.194,0
C1409,R109,2025-05-08,營養補充品,53671.0,0.186,1
C1409,R109,2025-06-19,處方藥,53802.0,0.284,1
C1409,R109,2025-08-26,個人護理,77555.0,0.239,1
C1409,R109,2025-09-26,營養補充品,64905.0,0.446,0
C1409,R109,2025-11-28,處方藥,72646.0,0.275,1
C1409,R109,2026-03-02,營養補充品,71277.0,0.363,0
C1409,R109,2026-03-22,個人護理,66968.0,0.279,1
C1409,R109,2026-07-09,醫療器材,79090.0,0.187,1
C1410,R108,2025-03-22,個人護理,15535.0,0.171,1
C1410,R108,2025-05-04,個人護理,12904.0,0.198,1
C1410,R108,2025-05-13,個人護理,19058.0,0.219,0
C1410,R108,2025-06-23,處方藥,16266.0,0.209,1
C1410,R108,2025-08-13,個人護理,7456.0,0.369,0
C1410,R108,2025-12-12,處方藥,15719.0,0.344,0
C1410,R108,2026-03-30,個人護理,16156.0,0.43,1
C1410,R108,2026-05-24,OTC,11379.0,0.182,1
C1410,R108,2026-07-14,個人護理,3843.0,0.444,0
C1411,R102,2025-02-25,處方藥,21237.0,0.247,1
C1411,R102,2025-03-27,OTC,30652.0,0.312,0
C1411,R102,2025-06-22,個人護理,25657.0,0.16,0
C1411,R102,2025-09-06,醫療器材,27003.0,0.264,1
C1411,R102,2025-10-14,營養補充品,16056.0,0.34,0
C1411,R102,2025-12-11,營養補充品,25239.0,0.329,0
C1411,R102,2026-02-02,OTC,18116.0,0.373,0
C1411,R102,2026-03-24,OTC,20215.0,0.253,0
C1411,R102,2026-06-29,處方藥,7064.0,0.25,1
C1411,R102,2026-07-14,個人護理,6805.0,0.413,0
C1412,R112,2025-02-09,個人護理,34927.0,0.19,0
C1412,R112,2025-06-29,處方藥,83641.0,0.335,0
C1412,R112,2025-07-29,處方藥,66903.0,0.325,0
C1412,R112,2025-10-13,醫療器材,100843.0,0.227,1
C1412,R112,2025-11-30,醫療器材,94319.0,0.199,0
C1412,R112,2026-03-25,醫療器材,19274.0,0.38,1
C1412,R112,2026-06-28,個人護理,25703.0,0.369,1
C1412,R112,2026-07-27,處方藥,26554.0,0.422,0
C1413,R111,2025-04-02,醫療器材,17309.0,0.421,1
C1413,R111,2025-06-19,個人護理,13983.0,0.281,1
C1413,R111,2025-08-04,OTC,7180.0,0.259,1
C1413,R111,2025-08-17,營養補充品,15504.0,0.288,0
C1413,R111,2025-09-06,營養補充品,9276.0,0.324,0
C1413,R111,2025-10-20,營養補充品,9931.0,0.424,0
C1413,R111,2025-11-19,營養補充品,13900.0,0.367,1
C1413,R111,2026-01-30,個人護理,12145.0,0.365,1
C1413,R111,2026-06-07,OTC,13109.0,0.44,1
C1413,R111,2026-07-02,處方藥,12106.0,0.347,1
C1414,R103,2025-03-16,OTC,5516.0,0.307,0
C1414,R103,2026-01-22,營養補充品,1962.0,0.398,1
C1414,R103,2026-03-07,個人護理,2766.0,0.164,0
C1414,R103,2026-05-03,營養補充品,2479.0,0.328,0
C1415,R101,2025-02-26,個人護理,65625.0,0.338,0
C1415,R101,2025-04-06,醫療器材,57904.0,0.385,0
C1415,R101,2025-06-27,醫療器材,26752.0,0.187,1
C1415,R101,2025-08-26,營養補充品,64453.0,0.399,0
C1415,R101,2025-09-05,個人護理,62631.0,0.151,1
C1415,R101,2025-11-22,個人護理,51705.0,0.26,0
C1415,R101,2026-01-07,醫療器材,64233.0,0.311,0
C1415,R101,2026-03-21,營養補充品,46100.0,0.393,1
C1415,R101,2026-04-25,個人護理,58840.0,0.167,0
C1416,R102,2025-06-17,OTC,38858.0,0.311,1
C1416,R102,2025-07-22,營養補充品,42675.0,0.223,0
C1416,R102,2025-09-10,OTC,44620.0,0.356,1
C1416,R102,2025-10-27,醫療器材,29764.0,0.445,1
C1416,R102,2025-11-07,營養補充品,49874.0,0.42,0
C1416,R102,2026-05-27,營養補充品,51153.0,0.295,0
C1416,R102,2026-07-11,營養補充品,52785.0,0.403,0
C1417,R117,2025-04-12,個人護理,42697.0,0.152,1
C1417,R117,2025-12-22,營養補充品,31918.0,0.266,1
C1417,R117,2026-01-11,個人護理,99623.0,0.156,0
C1417,R117,2026-02-03,醫療器材,60763.0,0.165,0
C1417,R117,2026-03-23,個人護理,52093.0,0.196,1
C1419,R111,2025-02-20,個人護理,62712.0,0.207,1
C1419,R111,2025-05-06,處方藥,44544.0,0.166,0
C1419,R111,2025-05-18,醫療器材,22998.0,0.357,1
C1419,R111,2025-07-11,處方藥,80263.0,0.376,0
C1419,R111,2025-08-31,個人護理,66371.0,0.239,0
C1419,R111,2025-10-17,個人護理,57278.0,0.386,1
C1419,R111,2025-12-22,處方藥,60157.0,0.249,1
C1419,R111,2026-03-16,個人護理,85869.0,0.243,0
