customer_id,rep_id,visit_date,purpose,mentions_competitor
C1000,R113,2025-02-09,產品推廣,0
C1000,R113,2025-04-09,產品推廣,0
C1000,R113,2025-04-13,關係維護,0
C1000,R113,2025-06-05,關係維護,0
C1000,R113,2025-06-23,產品推廣,0
C1000,R113,2025-08-10,產品推廣,0
C1000,R113,2025-09-27,收款,0
C1000,R113,2025-11-08,產品推廣,0
C1000,R113,2026-01-26,關係維護,0
C1000,R113,2026-02-27,產品推廣,0
C1000,R113,2026-02-03,產品推廣,0
C1000,R113,2026-05-29,產品推廣,0
C1000,R113,2026-07-03,產品推廣,0
C1001,R108,2025-02-24,關係維護,0
C1001,R108,2025-02-26,產品推廣,0
C1001,R108,2025-03-12,關係維護,0
C1001,R108,2025-03-18,客訴處理,0
C1001,R108,2025-05-01,產品推廣,0
C1001,R108,2025-04-25,客訴處理,0
C1001,R108,2025-05-25,產品推廣,0
C1001,R108,2025-05-13,關係維護,0
C1001,R108,2025-05-09,關係維護,0
C1001,R108,2025-07-04,產品推廣,0
C1001,R108,2025-07-10,關係維護,0
C1001,R108,2025-08-07,關係維護,0
C1001,R108,2025-08-07,收款,0
C1001,R108,2025-09-26,產品推廣,0
C1001,R108,2025-09-20,關係維護,0
C1001,R108,2025-10-18,關係維護,0
C1001,R108,2025-11-24,產品推廣,0
C1001,R108,2026-01-16,收款,0
C1001,R108,2026-02-22,關係維護,0
C1001,R108,2026-03-25,產品推廣,0
C1001,R108,2026-04-10,產品推廣,0
C1001,R108,2026-04-20,客訴處理,0
C1001,R108,2026-06-02,關係維護,0
C1001,R108,2026-06-10,產品推廣,0
C1001,R108,2026-07-12,產品推廣,0
C1002,R107,2025-02-23,關係維護,0
C1002,R107,2025-07-01,客訴處理,0
C1002,R107,2025-07-16,產品推廣,0
C1002,R107,2026-01-29,產品推廣,0
C1002,R107,2026-03-10,收款,0
C1002,R107,2026-04-25,產品推廣,0
C1002,R107,2026-07-26,客訴處理,0
C1003,R107,2025-02-20,關係維護,0
C1003,R107,2025-02-20,產品推廣,0
C1003,R107,2025-03-12,產品推廣,0
C1003,R107,2025-03-21,產品推廣,0
C1003,R107,2025-05-27,產品推廣,0
C1003,R107,2025-06-25,產品推廣,0
C1003,R107,2025-08-27,產品推廣,0
C1003,R107,2025-09-25,客訴處理,0
C1003,R107,2025-09-12,產品推廣,0
C1003,R107,2025-11-20,關係維護,0
C1003,R107,2026-03-26,關係維護,0
C1003,R107,2026-03-30,關係維護,0
C1003,R107,2026-03-29,產品推廣,0
C1003,R107,2026-06-11,收款,0
C1003,R107,2026-06-08,產品推廣,0
C1003,R107,2026-06-30,收款,0
C1004,R107,2025-03-05,產品推廣,0
C1004,R107,2025-02-25,收款,0
C1004,R107,2025-02-16,產品推廣,0
C1004,R107,2025-02-14,產品推廣,0
C1004,R107,2025-03-14,產品推廣,0
C1004,R107,2025-03-22,產品推廣,0
C1004,R107,2025-04-11,產品推廣,0
C1004,R107,2025-05-03,收款,0
C1004,R107,2025-04-11,關係維護,0
C1004,R107,2025-05-12,產品推廣,0
C1004,R107,2025-05-09,產品推廣,0
C1004,R107,2025-05-27,產品推廣,0
C1004,R107,2025-05-11,產品推廣,0
C1004,R107,2025-06-28,產品推廣,0
C1004,R107,2025-06-14,關係維護,0
C1004,R107,2025-07-01,產品推廣,0
C1004,R107,2025-07-16,產品推廣,0
C1004,R107,2025-07-10,產品推廣,0
C1004,R107,2025-07-09,產品推廣,0
C1004,R107,2025-07-11,產品推廣,0
C1004,R107,2025-07-30,產品推廣,0
C1004,R107,2025-08-23,關係維護,0
C1004,R107,2025-08-10,產品推廣,0
C1004,R107,2025-08-21,產品推廣,0
C1004,R107,2025-09-28,產品推廣,0
C1004,R107,2025-10-31,關係維護,0
C1004,R107,2025-10-24,產品推廣,0
C1004,R107,2025-10-08,關係維護,0
C1004,R107,2025-10-11,產品推廣,0
C1004,R107,2025-11-05,產品推廣,0
C1004,R107,2025-12-19,產品推廣,0
C1004,R107,2025-12-17,客訴處理,0
C1004,R107,2026-01-22,關係維護,0
C1004,R107,2026-01-09,關係維護,0
C1004,R107,2026-01-21,產品推廣,0
C1004,R107,2026-01-03,產品推廣,0
C1004,R107,2026-02-23,產品推廣,0
C1004,R107,2026-02-21,產品推廣,0
C1004,R107,2026-02-02,產品推廣,0
C1004,R107,2026-03-01,產品推廣,0
C1004,R107,2026-02-07,產品推廣,0
C1004,R107,2026-02-15,收款,0
C1004,R107,2026-02-23,產品推廣,0
C1004,R107,2026-03-31,產品推廣,0
C1004,R107,2026-03-04,產品推廣,0
C1004,R107,2026-03-18,關係維護,0
C1004,R107,2026-03-20,關係維護,0
C1004,R107,2026-03-11,關係維護,0
C1004,R107,2026-04-15,收款,0
C1004,R107,2026-04-29,關係維護,0
C1004,R107,2026-05-06,產品推廣,0
C1004,R107,2026-06-10,產品推廣,0
C1004,R107,2026-06-21,產品推廣,0
C1004,R107,2026-06-24,產品推廣,0
C1004,R107,2026-07-29,產品推廣,0
C1004,R107,2026-07-20,產品推廣,0
C1005,R100,2025-03-27,產品推廣,0
C1005,R100,2025-04-19,產品推廣,0
C1005,R100,2025-06-15,產品推廣,0
C1005,R100,2025-06-14,關係維護,0
C1005,R100,2025-07-12,收款,0
C1005,R100,2025-08-25,產品推廣,0
C1005,R100,2025-08-09,產品推廣,0
C1005,R100,2025-09-09,產品推廣,0
C1005,R100,2025-09-30,產品推廣,0
C1005,R100,2025-10-23,產品推廣,0
C1005,R100,2025-10-15,關係維護,0
C1005,R100,2025-10-23,產品推廣,0
C1005,R100,2025-12-24,產品推廣,0
C1005,R100,2025-12-25,產品推廣,0
C1005,R100,2026-01-01,產品推廣,0
C1005,R100,2025-12-10,收款,0
C1005,R100,2025-12-11,產品推廣,0
C1005,R100,2026-02-08,產品推廣,0
C1005,R100,2026-03-15,產品推廣,0
C1005,R100,2026-03-10,收款,0
C1005,R100,2026-04-07,產品推廣,0
C1005,R100,2026-04-12,關係維護,0
C1005,R100,2026-05-09,產品推廣,0
C1005,R100,2026-05-16,產品推廣,0
C1005,R100,2026-06-24,產品推廣,0
C1005,R100,2026-07-07,關係維護,0
C1006,R106,2025-02-24,產品推廣,0
C1006,R106,2025-02-16,關係維護,0
C1006,R106,2025-02-07,產品推廣,0
C1006,R106,2025-03-03,產品推廣,0
C1006,R106,2025-02-22,關係維護,0
C1006,R106,2025-05-06,產品推廣,0
C1006,R106,2025-06-23,產品推廣,0
C1006,R106,2025-07-22,關係維護,0
C1006,R106,2025-08-14,關係維護,0
C1006,R106,2025-08-14,產品推廣,0
C1006,R106,2025-08-19,關係維護,0
C1006,R106,2025-09-09,產品推廣,0
C1006,R106,2025-10-17,產品推廣,0
C1006,R106,2025-12-01,產品推廣,0
C1006,R106,2025-11-15,收款,0
C1006,R106,2025-12-04,關係維護,0
C1006,R106,2025-12-27,產品推廣,0
C1006,R106,2025-12-08,產品推廣,0
C1006,R106,2026-01-29,關係維護,0
C1006,R106,2026-03-20,關係維護,0
C1006,R106,2026-03-05,產品推廣,0
C1006,R106,2026-04-04,產品推廣,0
C1006,R106,2026-04-27,關係維護,0
C1006,R106,2026-04-19,產品推廣,0
C1006,R106,2026-05-28,產品推廣,0
C1006,R106,2026-05-22,產品推廣,0
C1006,R106,2026-05-16,產品推廣,0
C1006,R106,2026-06-14,關係維護,0
C1006,R106,2026-06-23,產品推廣,0
C1006,R106,2026-06-23,產品推廣,0
C1007,R110,2025-02-07,關係維護,1
C1007,R110,2025-03-04,產品推廣,0
C1007,R110,2025-03-04,關係維護,0
C1007,R110,2025-04-29,關係維護,1
C1007,R110,2025-04-12,產品推廣,0
C1007,R110,2025-04-12,產品推廣,1
C1007,R110,2025-06-08,產品推廣,1
C1007,R110,2025-06-09,關係維護,1
C1007,R110,2025-07-18,關係維護,0
C1007,R110,2025-07-12,產品推廣,0
C1007,R110,2025-07-23,產品推廣,1
C1007,R110,2025-08-29,產品推廣,1
C1007,R110,2025-09-23,關係維護,1
C1007,R110,2025-10-14,收款,0
C1007,R110,2025-11-09,關係維護,0
C1007,R110,2025-11-12,客訴處理,1
C1007,R110,2025-11-09,產品推廣,0
C1007,R110,2025-12-17,收款,0
C1007,R110,2025-12-26,關係維護,0
C1007,R110,2026-01-21,客訴處理,1
C1007,R110,2026-02-03,客訴處理,0
C1007,R110,2026-02-11,產品推廣,0
C1007,R110,2026-04-07,產品推廣,0
C1007,R110,2026-04-23,關係維護,0
C1007,R110,2026-06-07,客訴處理,0
C1007,R110,2026-07-14,產品推廣,0
C1007,R110,2026-07-20,產品推廣,1
C1007,R110,2026-07-28,收款,0
C1008,R115,2025-02-26,產品推廣,0
C1008,R115,2025-05-14,收款,0
C1008,R115,2025-07-18,產品推廣,0
C1008,R115,2025-09-09,產品推廣,0
C1008,R115,2025-12-04,客訴處理,0
C1008,R115,2026-02-12,產品推廣,0
C1008,R115,2026-02-21,產品推廣,0
C1008,R115,2026-02-23,產品推廣,0
C1008,R115,2026-02-26,產品推廣,0
C1008,R115,2026-04-18,產品推廣,0
C1008,R115,2026-05-21,產品推廣,0
C1008,R115,2026-06-17,產品推廣,0
C1008,R115,2026-06-20,產品推廣,0
C1009,R104,2025-04-06,產品推廣,0
C1009,R104,2025-04-19,關係維護,0
C1009,R104,2025-05-08,產品推廣,0
C1009,R104,2025-08-21,產品推廣,0
C1009,R104,2025-09-12,產品推廣,0
C1009,R104,2025-12-28,關係維護,0
C1009,R104,2025-12-14,收款,0
C1009,R104,2026-04-01,關係維護,0
C1009,R104,2026-04-04,產品推廣,0
C1010,R105,2025-03-18,關係維護,0
C1010,R105,2025-04-05,關係維護,1
C1010,R105,2025-03-23,關係維護,0
C1010,R105,2025-03-31,關係維護,1
C1010,R105,2025-04-21,關係維護,1
C1010,R105,2025-05-04,客訴處理,0
C1010,R105,2025-04-24,產品推廣,0
C1010,R105,2025-05-20,收款,0
C1010,R105,2025-05-09,產品推廣,1
C1010,R105,2025-06-24,關係維護,0
C1010,R105,2025-08-22,產品推廣,0
C1010,R105,2025-08-28,產品推廣,0
C1010,R105,2025-09-13,產品推廣,0
C1010,R105,2025-09-28,產品推廣,0
C1010,R105,2025-09-17,產品推廣,0
C1010,R105,2025-10-20,關係維護,0
C1010,R105,2025-10-09,關係維護,0
C1010,R105,2025-10-15,收款,1
C1010,R105,2025-11-29,關係維護,1
C1010,R105,2025-12-27,產品推廣,1
C1010,R105,2026-01-20,收款,0
C1010,R105,2026-01-31,關係維護,1
C1010,R105,2026-01-08,收款,0
C1010,R105,2026-01-05,產品推廣,0
C1010,R105,2026-02-09,收款,0
C1010,R105,2026-02-27,產品推廣,0
C1010,R105,2026-02-19,關係維護,0
C1010,R105,2026-04-14,收款,0
C1010,R105,2026-04-05,關係維護,1
C1010,R105,2026-04-17,產品推廣,1
C1010,R105,2026-05-26,收款,1
C1010,R105,2026-06-23,收款,0
C1010,R105,2026-06-25,產品推廣,0
C1010,R105,2026-06-22,產品推廣,1
C1010,R105,2026-06-24,關係維護,0
C1010,R105,2026-07-14,關係維護,0
C1011,R105,2025-02-27,收款,0
C1011,R105,2025-04-01,產品推廣,0
C1011,R105,2025-07-16,關係維護,0
C1011,R105,2025-07-22,產品推廣,0
C1011,R105,2025-08-11,產品推廣,0
C1011,R105,2025-09-07,收款,0
C1011,R105,2025-10-12,產品推廣,0
C1011,R105,2025-11-20,產品推廣,0
C1011,R105,2026-01-26,關係維護,0
C1011,R105,2026-01-06,產品推廣,0
C1011,R105,2026-03-13,產品推廣,0
C1011,R105,2026-04-10,產品推廣,0
C1011,R105,2026-04-27,產品推廣,0
C1011,R105,2026-05-27,產品推廣,0
C1011,R105,2026-07-26,產品推廣,0
C1012,R102,2025-04-03,產品推廣,0
C1012,R102,2025-03-09,關係維護,1
C1012,R102,2025-06-05,產品推廣,1
C1012,R102,2025-05-15,產品推廣,0
C1012,R102,2025-06-30,產品推廣,1
C1012,R102,2025-07-19,關係維護,0
C1012,R102,2025-08-26,產品推廣,0
C1012,R102,2025-09-26,產品推廣,1
C1012,R102,2025-09-24,關係維護,0
C1012,R102,2025-12-14,關係維護,0
C1012,R102,2025-12-28,收款,0
C1012,R102,2025-12-07,關係維護,1
C1012,R102,2026-01-21,產品推廣,1
C1012,R102,2026-01-07,收款,0
C1012,R102,2026-02-27,收款,0
C1012,R102,2026-02-06,產品推廣,0
C1012,R102,2026-03-10,產品推廣,0
C1012,R102,2026-03-04,收款,0
C1012,R102,2026-03-19,產品推廣,1
C1012,R102,2026-05-07,產品推廣,1
C1013,R102,2025-03-03,產品推廣,0
C1013,R102,2025-02-07,關係維護,0
C1013,R102,2025-03-12,關係維護,0
C1013,R102,2025-03-26,客訴處理,0
C1013,R102,2025-04-20,客訴處理,0
C1013,R102,2025-05-06,產品推廣,0
C1013,R102,2025-05-11,收款,0
C1013,R102,2025-05-08,產品推廣,0
C1013,R102,2025-05-18,關係維護,0
C1013,R102,2025-07-16,產品推廣,0
C1013,R102,2025-08-03,產品推廣,0
C1013,R102,2025-09-01,關係維護,0
C1013,R102,2025-08-29,關係維護,0
C1013,R102,2025-08-16,產品推廣,0
C1013,R102,2025-08-18,產品推廣,0
C1013,R102,2025-09-22,產品推廣,0
C1013,R102,2025-09-15,關係維護,0
C1013,R102,2025-10-03,產品推廣,0
C1013,R102,2025-10-17,產品推廣,0
C1013,R102,2025-11-21,收款,0
C1013,R102,2025-12-17,客訴處理,0
C1013,R102,2026-03-08,關係維護,0
C1013,R102,2026-03-24,產品推廣,0
C1013,R102,2026-04-17,產品推廣,0
C1013,R102,2026-05-15,關係維護,0
C1013,R102,2026-06-03,收款,0
C1013,R102,2026-06-06,產品推廣,0
C1013,R102,2026-07-14,產品推廣,0
C1013,R102,2026-07-28,客訴處理,0
C1013,R102,2026-07-20,產品推廣,0
C1013,R102,2026-07-15,產品推廣,0
C1014,R106,2025-03-09,產品推廣,0
C1014,R106,2025-04-30,產品推廣,0
C1014,R106,2025-04-19,產品推廣,0
C1014,R106,2025-06-05,產品推廣,0
C1014,R106,2025-06-30,收款,0
C1014,R106,2025-06-25,產品推廣,0
C1014,R106,2025-07-04,產品推廣,0
C1014,R106,2025-06-21,關係維護,0
C1014,R106,2025-09-25,關係維護,0
C1014,R106,2025-10-22,產品推廣,0
C1014,R106,2025-11-11,產品推廣,0
C1014,R106,2025-12-25,產品推廣,0
C1014,R106,2026-01-11,關係維護,0
C1014,R106,2026-01-30,關係維護,0
C1014,R106,2026-04-13,關係維護,0
C1014,R106,2026-06-30,關係維護,0
C1014,R106,2026-06-10,產品推廣,0
C1014,R106,2026-07-27,產品推廣,0
C1014,R106,2026-07-05,客訴處理,0
C1015,R117,2025-02-23,收款,1
C1015,R117,2025-02-13,產品推廣,0
C1015,R117,2025-05-21,產品推廣,0
C1015,R117,2025-07-07,產品推廣,1
C1015,R117,2025-07-20,產品推廣,0
C1015,R117,2025-08-30,關係維護,0
C1015,R117,2025-09-09,關係維護,0
C1015,R117,2025-09-24,收款,1
C1015,R117,2025-10-25,產品推廣,0
C1015,R117,2025-12-25,客訴處理,0
C1015,R117,2026-05-10,關係維護,1
C1015,R117,2026-05-31,產品推廣,0
C1016,R112,2025-02-24,客訴處理,0
C1016,R112,2025-04-13,收款,0
C1016,R112,2025-04-12,產品推廣,0
C1016,R112,2025-05-16,客訴處理,0
C1016,R112,2025-10-29,產品推廣,0
C1016,R112,2025-11-29,產品推廣,0
C1016,R112,2026-05-18,關係維護,0
C1016,R112,2026-05-20,產品推廣,0
C1016,R112,2026-07-07,產品推廣,0
C1016,R112,2026-07-09,產品推廣,0
C1016,R112,2026-07-30,收款,0
C1016,R112,2026-07-16,產品推廣,0
C1017,R105,2025-03-16,產品推廣,0
C1017,R105,2025-07-18,收款,0
C1017,R105,2025-09-30,關係維護,0
C1017,R105,2025-11-13,關係維護,0
C1017,R105,2025-12-19,產品推廣,0
C1017,R105,2025-12-21,客訴處理,0
C1017,R105,2026-02-26,產品推廣,0
C1017,R105,2026-03-09,收款,0
C1017,R105,2026-05-16,關係維護,0
C1017,R105,2026-06-12,客訴處理,0
C1017,R105,2026-06-27,關係維護,0
C1018,R112,2025-03-27,客訴處理,0
C1018,R112,2025-04-12,收款,0
C1018,R112,2025-05-18,產品推廣,0
C1018,R112,2025-05-11,產品推廣,0
C1018,R112,2025-07-05,產品推廣,0
C1018,R112,2025-06-24,收款,0
C1018,R112,2025-06-16,關係維護,0
C1018,R112,2025-06-17,產品推廣,0
C1018,R112,2025-07-14,收款,0
C1018,R112,2025-08-29,收款,0
C1018,R112,2025-09-29,產品推廣,0
C1018,R112,2025-09-28,產品推廣,0
C1018,R112,2025-10-25,產品推廣,0
C1018,R112,2025-10-16,關係維護,0
C1018,R112,2025-11-24,關係維護,0
C1018,R112,2025-11-22,關係維護,0
C1018,R112,2025-11-26,產品推廣,0
C1018,R112,2026-01-28,收款,0
C1018,R112,2026-01-18,客訴處理,0
C1018,R112,2026-02-20,產品推廣,0
C1018,R112,2026-04-27,關係維護,0
C1018,R112,2026-05-31,產品推廣,0
C1018,R112,2026-05-07,產品推廣,0
C1018,R112,2026-06-19,產品推廣,0
C1018,R112,2026-06-08,產品推廣,0
C1018,R112,2026-06-07,客訴處理,0
C1018,R112,2026-06-30,產品推廣,0
C1018,R112,2026-06-22,產品推廣,0
C1018,R112,2026-07-11,關係維護,0
C1018,R112,2026-07-12,關係維護,0
C1019,R108,2025-05-09,關係維護,0
C1019,R108,2025-06-25,產品推廣,0
C1019,R108,2025-08-21,關係維護,0
C1019,R108,2025-10-26,關係維護,0
C1019,R108,2026-01-17,產品推廣,0
C1019,R108,2026-01-07,產品推廣,0
C1019,R108,2026-04-21,關係維護,0
C1019,R108,2026-05-10,關係維護,0
C1019,R108,2026-06-27,關係維護,0
C1019,R108,2026-06-30,產品推廣,0
C1019,R108,2026-07-10,關係維護,0
C1020,R109,2025-03-26,關係維護,0
C1020,R109,2025-05-31,產品推廣,0
C1020,R109,2025-05-30,關係維護,0
C1020,R109,2025-06-29,產品推廣,0
C1020,R109,2025-07-07,產品推廣,0
C1020,R109,2025-08-31,關係維護,0
C1020,R109,2025-08-27,客訴處理,0
C1020,R109,2025-09-28,產品推廣,0
C1020,R109,2025-09-05,關係維護,0
C1020,R109,2026-01-20,收款,0
C1020,R109,2026-03-06,產品推廣,0
C1020,R109,2026-03-31,客訴處理,0
C1020,R109,2026-03-15,產品推廣,0
C1020,R109,2026-06-22,關係維護,0
C1020,R109,2026-06-08,產品推廣,0
C1020,R109,2026-07-20,收款,0
C1020,R109,2026-07-23,產品推廣,0
C1020,R109,2026-07-07,產品推廣,0
C1020,R109,2026-07-15,關係維護,0
C1021,R106,2025-02-20,產品推廣,0
C1021,R106,2025-02-13,產品推廣,0
C1021,R106,2025-04-12,客訴處理,0
C1021,R106,2025-05-31,收款,0
C1021,R106,2025-07-05,產品推廣,0
C1021,R106,2025-06-20,收款,0
C1021,R106,2025-09-17,關係維護,0
C1021,R106,2025-11-26,關係維護,0
C1021,R106,2026-01-01,關係維護,0
C1021,R106,2026-01-07,關係維護,0
C1021,R106,2026-01-16,關係維護,0
C1021,R106,2026-01-26,客訴處理,0
C1021,R106,2026-02-20,產品推廣,0
C1021,R106,2026-04-04,產品推廣,0
C1021,R106,2026-05-26,客訴處理,0
C1022,R113,2025-02-26,關係維護,0
C1022,R113,2025-04-13,產品推廣,0
C1022,R113,2025-09-23,產品推廣,0
C1022,R113,2025-09-29,關係維護,0
C1022,R113,2025-11-18,收款,0
C1022,R113,2025-12-17,客訴處理,0
C1022,R113,2026-02-18,產品推廣,0
C1022,R113,2026-02-11,關係維護,0
C1022,R113,2026-04-09,關係維護,0
C1022,R113,2026-06-04,產品推廣,0
C1022,R113,2026-06-05,客訴處理,0
C1022,R113,2026-07-18,產品推廣,0
C1023,R108,2025-03-05,關係維護,0
C1023,R108,2025-02-20,關係維護,0
C1023,R108,2025-03-22,產品推廣,0
C1023,R108,2025-08-15,產品推廣,0
C1023,R108,2025-08-07,產品推廣,0
C1023,R108,2025-10-03,產品推廣,0
C1023,R108,2025-11-07,客訴處理,0
C1023,R108,2025-12-17,產品推廣,0
C1023,R108,2026-03-26,收款,0
C1023,R108,2026-06-17,產品推廣,0
C1023,R108,2026-07-05,收款,0
C1024,R115,2025-04-06,收款,0
C1024,R115,2025-03-24,產品推廣,0
C1024,R115,2025-03-18,關係維護,0
C1024,R115,2025-03-24,產品推廣,0
C1024,R115,2025-04-30,關係維護,0
C1024,R115,2025-04-10,關係維護,0
C1024,R115,2025-05-21,產品推廣,0
C1024,R115,2025-05-11,產品推廣,0
C1024,R115,2025-06-07,產品推廣,0
C1024,R115,2025-06-09,產品推廣,0
C1024,R115,2025-06-13,客訴處理,0
C1024,R115,2025-07-02,收款,0
C1024,R115,2025-06-27,產品推廣,0
C1024,R115,2025-07-16,產品推廣,0
C1024,R115,2025-08-24,產品推廣,0
C1024,R115,2025-08-22,產品推廣,0
C1024,R115,2025-09-01,客訴處理,0
C1024,R115,2025-08-06,產品推廣,0
C1024,R115,2025-09-18,產品推廣,0
C1024,R115,2025-09-17,客訴處理,0
C1024,R115,2025-10-09,產品推廣,0
C1024,R115,2025-11-30,關係維護,0
C1024,R115,2025-11-13,關係維護,0
C1024,R115,2026-01-15,關係維護,0
C1024,R115,2026-02-03,關係維護,0
C1024,R115,2026-02-22,關係維護,0
C1024,R115,2026-02-27,關係維護,0
C1024,R115,2026-02-12,產品推廣,0
C1024,R115,2026-02-03,產品推廣,0
C1024,R115,2026-03-07,產品推廣,0
C1024,R115,2026-04-10,客訴處理,0
C1024,R115,2026-06-28,產品推廣,0
C1024,R115,2026-07-27,產品推廣,0
C1025,R105,2025-02-07,客訴處理,0
C1025,R105,2025-03-05,產品推廣,0
C1025,R105,2025-02-07,產品推廣,0
C1025,R105,2025-02-14,收款,0
C1025,R105,2025-02-11,收款,0
C1025,R105,2025-03-21,產品推廣,0
C1025,R105,2025-04-04,收款,0
C1025,R105,2025-04-01,關係維護,0
C1025,R105,2025-04-24,收款,0
C1025,R105,2025-05-06,收款,0
C1025,R105,2025-04-09,產品推廣,0
C1025,R105,2025-05-04,收款,0
C1025,R105,2025-04-29,關係維護,0
C1025,R105,2025-04-20,產品推廣,0
C1025,R105,2025-05-29,產品推廣,0
C1025,R105,2025-05-12,產品推廣,0
C1025,R105,2025-05-09,客訴處理,0
C1025,R105,2025-06-03,產品推廣,0
C1025,R105,2025-06-07,產品推廣,0
C1025,R105,2025-07-04,關係維護,0
C1025,R105,2025-06-17,產品推廣,0
C1025,R105,2025-07-03,產品推廣,0
C1025,R105,2025-07-18,產品推廣,0
C1025,R105,2025-07-27,收款,0
C1025,R105,2025-09-03,關係維護,0
C1025,R105,2025-09-02,產品推廣,0
C1025,R105,2025-08-19,收款,0
C1025,R105,2025-08-16,關係維護,0
C1025,R105,2025-09-29,產品推廣,0
C1025,R105,2025-09-29,產品推廣,0
C1025,R105,2025-09-24,產品推廣,0
C1025,R105,2025-09-15,產品推廣,0
C1025,R105,2025-09-17,產品推廣,0
C1025,R105,2025-09-11,產品推廣,0
C1025,R105,2025-09-21,產品推廣,0
C1025,R105,2025-10-20,關係維護,0
C1025,R105,2025-10-23,產品推廣,0
C1025,R105,2025-11-11,產品推廣,0
C1025,R105,2025-11-19,收款,0
C1025,R105,2025-11-26,產品推廣,0
C1025,R105,2025-12-21,產品推廣,0
C1025,R105,2026-01-26,產品推廣,0
C1025,R105,2026-01-24,產品推廣,0
C1025,R105,2026-02-26,產品推廣,0
C1025,R105,2026-02-28,收款,0
C1025,R105,2026-02-14,客訴處理,0
C1025,R105,2026-02-05,產品推廣,0
C1025,R105,2026-02-12,關係維護,0
C1025,R105,2026-02-12,客訴處理,0
C1025,R105,2026-03-06,產品推廣,0
C1025,R105,2026-03-31,關係維護,0
C1025,R105,2026-04-13,客訴處理,0
C1025,R105,2026-04-23,收款,0
C1025,R105,2026-04-18,產品推廣,0
C1025,R105,2026-05-21,關係維護,0
C1025,R105,2026-05-10,收款,0
C1025,R105,2026-06-29,產品推廣,0
C1025,R105,2026-06-05,關係維護,0
C1025,R105,2026-06-22,產品推廣,0
C1025,R105,2026-07-18,產品推廣,0
C1025,R105,2026-07-09,客訴處理,0
C1025,R105,2026-07-07,收款,0
C1025,R105,2026-07-06,收款,0
C1025,R105,2026-07-07,客訴處理,0
C1026,R101,2025-02-16,產品推廣,0
C1026,R101,2025-07-01,關係維護,0
C1026,R101,2025-07-10,產品推廣,0
C1026,R101,2025-09-05,產品推廣,0
C1026,R101,2025-09-06,產品推廣,1
C1026,R101,2025-09-11,關係維護,0
C1026,R101,2025-10-07,客訴處理,1
C1026,R101,2025-11-14,客訴處理,1
C1026,R101,2025-11-15,收款,0
C1026,R101,2025-12-30,產品推廣,0
C1027,R108,2025-02-26,關係維護,0
C1027,R108,2025-03-17,客訴處理,0
C1027,R108,2025-03-28,關係維護,0
C1027,R108,2025-05-11,客訴處理,0
C1027,R108,2025-05-12,產品推廣,0
C1027,R108,2025-06-30,關係維護,0
C1027,R108,2025-08-31,客訴處理,0
C1027,R108,2025-09-03,收款,0
C1027,R108,2025-08-11,客訴處理,0
C1027,R108,2025-09-02,關係維護,0
C1027,R108,2025-08-30,關係維護,0
C1027,R108,2025-12-30,產品推廣,0
C1027,R108,2025-12-04,收款,0
C1027,R108,2026-01-22,產品推廣,0
C1027,R108,2026-01-03,產品推廣,0
C1027,R108,2026-01-25,關係維護,0
C1027,R108,2026-01-12,關係維護,0
C1027,R108,2026-01-08,產品推廣,0
C1027,R108,2026-02-16,產品推廣,0
C1027,R108,2026-03-20,產品推廣,0
C1027,R108,2026-03-04,收款,0
C1027,R108,2026-03-16,產品推廣,0
C1027,R108,2026-04-23,客訴處理,0
C1027,R108,2026-04-18,關係維護,0
C1027,R108,2026-05-28,關係維護,0
C1027,R108,2026-05-09,關係維護,0
C1027,R108,2026-06-05,產品推廣,0
C1027,R108,2026-07-09,客訴處理,0
C1027,R108,2026-07-30,產品推廣,0
C1027,R108,2026-07-19,產品推廣,0
C1028,R117,2025-02-20,產品推廣,1
C1028,R117,2025-02-08,產品推廣,0
C1028,R117,2025-04-08,產品推廣,0
C1028,R117,2025-04-25,關係維護,1
C1028,R117,2025-05-19,關係維護,1
C1028,R117,2025-07-04,產品推廣,0
C1028,R117,2025-07-25,客訴處理,0
C1028,R117,2025-09-27,產品推廣,1
C1028,R117,2025-12-29,關係維護,0
C1028,R117,2026-03-10,產品推廣,0
C1028,R117,2026-04-14,客訴處理,0
C1029,R107,2025-03-05,客訴處理,0
C1029,R107,2025-02-22,關係維護,0
C1029,R107,2025-07-05,關係維護,0
C1029,R107,2025-06-24,產品推廣,0
C1029,R107,2025-08-02,產品推廣,0
C1029,R107,2025-10-01,關係維護,0
C1029,R107,2025-09-24,產品推廣,0
C1029,R107,2025-09-06,客訴處理,0
C1029,R107,2026-03-26,產品推廣,0
C1029,R107,2026-03-26,關係維護,0
C1029,R107,2026-04-24,產品推廣,0
C1029,R107,2026-06-15,關係維護,0
C1029,R107,2026-06-13,關係維護,0
C1029,R107,2026-07-02,關係維護,0
C1029,R107,2026-07-14,關係維護,0
C1030,R104,2025-02-28,產品推廣,0
C1030,R104,2025-03-09,產品推廣,0
C1030,R104,2025-03-14,關係維護,0
C1030,R104,2025-04-04,收款,0
C1030,R104,2025-03-17,產品推廣,0
C1030,R104,2025-04-13,關係維護,0
C1030,R104,2025-04-10,關係維護,0
C1030,R104,2025-04-14,關係維護,0
C1030,R104,2025-06-23,關係維護,0
C1030,R104,2025-08-31,產品推廣,0
C1030,R104,2025-08-10,客訴處理,0
C1030,R104,2025-09-17,關係維護,0
C1030,R104,2025-09-10,產品推廣,0
C1030,R104,2025-10-17,產品推廣,0
C1030,R104,2025-10-21,產品推廣,0
C1030,R104,2025-10-14,產品推廣,0
C1030,R104,2025-11-05,關係維護,0
C1030,R104,2025-11-19,收款,0
C1030,R104,2025-12-21,收款,0
C1030,R104,2025-12-31,收款,0
C1030,R104,2026-01-05,收款,0
C1030,R104,2026-01-30,收款,0
C1030,R104,2026-02-08,客訴處理,0
C1030,R104,2026-02-19,產品推廣,0
C1030,R104,2026-03-26,產品推廣,0
C1030,R104,2026-03-13,產品推廣,0
C1030,R104,2026-03-29,產品推廣,0
C1030,R104,2026-05-30,收款,0
C1030,R104,2026-06-16,產品推廣,0
C1030,R104,2026-06-16,關係維護,0
C1030,R104,2026-06-12,產品推廣,0
C1030,R104,2026-06-25,產品推廣,0
C1030,R104,2026-06-02,產品推廣,0
C1031,R107,2025-03-02,關係維護,0
C1031,R107,2025-02-13,客訴處理,0
C1031,R107,2025-02-18,收款,0
C1031,R107,2025-02-24,關係維護,0
C1031,R107,2025-02-11,客訴處理,0
C1031,R107,2025-05-05,收款,0
C1031,R107,2025-05-23,產品推廣,0
C1031,R107,2025-05-25,產品推廣,0
C1031,R107,2025-07-01,收款,0
C1031,R107,2025-07-08,產品推廣,0
C1031,R107,2025-08-03,關係維護,0
C1031,R107,2025-09-20,關係維護,0
C1031,R107,2025-09-24,關係維護,0
C1031,R107,2025-09-23,收款,0
C1031,R107,2025-10-24,關係維護,0
C1031,R107,2025-11-30,產品推廣,0
C1031,R107,2025-12-31,關係維護,0
C1031,R107,2025-12-04,產品推廣,0
C1031,R107,2025-12-22,產品推廣,0
C1031,R107,2025-12-20,產品推廣,0
C1031,R107,2026-01-04,收款,0
C1031,R107,2026-01-16,產品推廣,0
C1031,R107,2026-02-17,產品推廣,0
C1031,R107,2026-02-10,客訴處理,0
C1031,R107,2026-02-21,產品推廣,0
C1031,R107,2026-03-07,關係維護,0
C1031,R107,2026-04-24,客訴處理,0
C1031,R107,2026-05-12,產品推廣,0
C1032,R108,2025-04-17,產品推廣,1
C1032,R108,2025-07-04,客訴處理,1
C1032,R108,2025-09-24,產品推廣,0
C1032,R108,2025-10-15,客訴處理,1
C1032,R108,2025-12-07,收款,1
C1032,R108,2025-12-04,收款,0
C1032,R108,2026-05-03,產品推廣,1
C1032,R108,2026-06-05,產品推廣,1
C1032,R108,2026-06-17,產品推廣,0
C1033,R114,2025-03-28,產品推廣,0
C1033,R114,2025-04-28,收款,0
C1033,R114,2025-05-20,收款,0
C1033,R114,2025-09-12,關係維護,0
C1033,R114,2025-12-21,產品推廣,0
C1033,R114,2026-03-27,收款,0
C1033,R114,2026-05-16,關係維護,0
C1033,R114,2026-07-24,客訴處理,0
C1034,R109,2025-03-04,收款,0
C1034,R109,2025-03-04,產品推廣,0
C1034,R109,2025-02-25,關係維護,0
C1034,R109,2025-03-04,關係維護,0
C1034,R109,2025-05-12,產品推廣,0
C1034,R109,2025-05-23,產品推廣,0
C1034,R109,2025-06-04,產品推廣,1
C1034,R109,2025-06-18,產品推廣,0
C1034,R109,2025-07-21,關係維護,0
C1034,R109,2025-10-16,產品推廣,1
C1034,R109,2025-10-13,產品推廣,1
C1034,R109,2026-02-14,產品推廣,0
C1034,R109,2026-05-13,關係維護,1
C1034,R109,2026-05-07,客訴處理,0
C1034,R109,2026-07-03,關係維護,0
C1035,R102,2025-02-24,產品推廣,0
C1035,R102,2025-02-17,關係維護,0
C1035,R102,2025-02-23,產品推廣,0
C1035,R102,2025-03-17,產品推廣,0
C1035,R102,2025-03-09,客訴處理,0
C1035,R102,2025-05-06,產品推廣,0
C1035,R102,2025-04-19,收款,0
C1035,R102,2025-04-13,產品推廣,0
C1035,R102,2025-04-18,產品推廣,0
C1035,R102,2025-05-05,收款,0
C1035,R102,2025-04-21,客訴處理,0
C1035,R102,2025-04-26,收款,0
C1035,R102,2025-05-21,關係維護,0
C1035,R102,2025-06-02,產品推廣,0
C1035,R102,2025-06-05,收款,0
C1035,R102,2025-06-27,關係維護,0
C1035,R102,2025-06-29,收款,0
C1035,R102,2025-06-07,產品推廣,0
C1035,R102,2025-06-16,客訴處理,0
C1035,R102,2025-06-18,收款,0
C1035,R102,2025-06-20,產品推廣,0
C1035,R102,2025-07-10,產品推廣,0
C1035,R102,2025-07-17,關係維護,0
C1035,R102,2025-08-30,客訴處理,0
C1035,R102,2025-08-24,客訴處理,0
C1035,R102,2025-08-06,收款,0
C1035,R102,2025-09-15,關係維護,0
C1035,R102,2025-09-24,產品推廣,0
C1035,R102,2025-09-11,產品推廣,0
C1035,R102,2025-09-24,關係維護,0
C1035,R102,2025-10-14,產品推廣,0
C1035,R102,2025-10-15,產品推廣,0
C1035,R102,2025-10-11,產品推廣,0
C1035,R102,2025-11-10,關係維護,0
C1035,R102,2025-11-17,產品推廣,0
C1035,R102,2025-11-20,客訴處理,0
C1035,R102,2026-01-01,產品推廣,0
C1035,R102,2025-12-18,產品推廣,0
C1035,R102,2025-12-16,收款,0
C1035,R102,2026-01-11,關係維護,0
C1035,R102,2026-01-05,關係維護,0
C1035,R102,2026-01-15,關係維護,0
C1035,R102,2026-01-03,關係維護,0
C1035,R102,2026-01-17,關係維護,0
C1035,R102,2026-01-12,產品推廣,0
C1035,R102,2026-02-05,產品推廣,0
C1035,R102,2026-02-12,關係維護,0
C1035,R102,2026-03-10,產品推廣,0
C1035,R102,2026-03-13,收款,0
C1035,R102,2026-03-23,關係維護,0
C1035,R102,2026-04-03,產品推廣,0
C1035,R102,2026-04-29,客訴處理,0
C1035,R102,2026-05-11,關係維護,0
C1035,R102,2026-05-10,產品推廣,0
C1035,R102,2026-05-07,關係維護,0
C1035,R102,2026-05-10,產品推廣,0
C1035,R102,2026-05-17,產品推廣,0
C1035,R102,2026-05-30,產品推廣,0
C1035,R102,2026-05-13,產品推廣,0
C1035,R102,2026-05-27,關係維護,0
C1035,R102,2026-06-02,關係維護,0
C1035,R102,2026-07-11,關係維護,0
C1035,R102,2026-07-03,收款,0
C1035,R102,2026-07-30,收款,0
C1035,R102,2026-07-24,產品推廣,0
C1036,R111,2025-02-21,產品推廣,0
C1036,R111,2025-02-14,產品推廣,0
C1036,R111,2025-02-24,產品推廣,0
C1036,R111,2025-02-17,關係維護,0
C1036,R111,2025-03-29,收款,0
C1036,R111,2025-05-04,產品推廣,0
C1036,R111,2025-06-28,客訴處理,0
C1036,R111,2025-06-25,關係維護,0
C1036,R111,2025-06-08,收款,0
C1036,R111,2025-06-08,產品推廣,0
C1036,R111,2025-07-21,產品推廣,0
C1036,R111,2025-08-01,關係維護,0
C1036,R111,2025-07-18,產品推廣,0
C1036,R111,2025-09-27,產品推廣,0
C1036,R111,2025-10-21,產品推廣,0
C1036,R111,2025-10-21,產品推廣,0
C1036,R111,2025-11-01,收款,0
C1036,R111,2025-11-05,產品推廣,0
C1036,R111,2025-11-21,關係維護,0
C1036,R111,2025-11-05,產品推廣,0
C1036,R111,2025-12-20,產品推廣,0
C1036,R111,2025-12-05,產品推廣,0
C1036,R111,2025-12-28,產品推廣,0
C1036,R111,2026-01-03,收款,0
C1036,R111,2026-01-17,產品推廣,0
C1036,R111,2026-01-24,關係維護,0
C1036,R111,2026-02-20,關係維護,0
C1036,R111,2026-03-26,收款,0
C1036,R111,2026-03-29,產品推廣,0
C1036,R111,2026-05-01,產品推廣,0
C1036,R111,2026-04-12,產品推廣,0
C1036,R111,2026-05-21,收款,0
C1036,R111,2026-05-19,產品推廣,0
C1036,R111,2026-05-24,關係維護,0
C1036,R111,2026-06-15,關係維護,0
C1036,R111,2026-06-19,產品推廣,0
C1036,R111,2026-06-05,關係維護,0
C1036,R111,2026-06-20,產品推廣,0
C1036,R111,2026-06-12,產品推廣,0
C1036,R111,2026-07-17,客訴處理,0
C1036,R111,2026-07-03,產品推廣,0
C1036,R111,2026-07-18,產品推廣,0
C1037,R101,2025-03-14,關係維護,0
C1037,R101,2025-03-31,關係維護,1
C1037,R101,2025-04-24,客訴處理,0
C1037,R101,2025-06-30,關係維護,0
C1037,R101,2025-10-11,關係維護,1
C1037,R101,2025-11-24,客訴處理,1
C1037,R101,2025-12-22,關係維護,0
C1037,R101,2025-12-30,產品推廣,0
C1037,R101,2026-01-07,產品推廣,1
C1037,R101,2026-03-09,關係維護,0
C1037,R101,2026-07-29,收款,1
C1038,R116,2025-02-09,收款,0
C1038,R116,2025-04-02,產品推廣,0
C1038,R116,2025-05-23,關係維護,0
C1038,R116,2025-08-07,關係維護,0
C1038,R116,2025-08-24,關係維護,0
C1038,R116,2026-01-18,收款,0
C1038,R116,2026-01-06,關係維護,0
C1038,R116,2026-03-09,關係維護,0
C1038,R116,2026-04-30,關係維護,0
C1038,R116,2026-07-08,產品推廣,0
C1038,R116,2026-07-29,關係維護,0
C1038,R116,2026-07-24,客訴處理,0
C1039,R102,2025-02-27,產品推廣,0
C1039,R102,2025-04-01,產品推廣,0
C1039,R102,2025-04-09,客訴處理,1
C1039,R102,2025-06-05,客訴處理,0
C1039,R102,2025-05-19,產品推廣,0
C1039,R102,2025-05-28,產品推廣,0
C1039,R102,2025-05-24,產品推廣,0
C1039,R102,2025-05-16,產品推廣,1
C1039,R102,2025-06-11,產品推廣,1
C1039,R102,2025-11-27,產品推廣,0
C1039,R102,2025-11-27,產品推廣,0
C1039,R102,2025-11-11,產品推廣,0
C1039,R102,2025-12-11,關係維護,0
C1039,R102,2025-12-12,產品推廣,0
C1039,R102,2026-01-14,關係維護,0
C1039,R102,2026-02-05,客訴處理,0
C1039,R102,2026-02-11,產品推廣,0
C1039,R102,2026-02-14,關係維護,0
C1039,R102,2026-05-05,產品推廣,0
C1040,R111,2025-02-13,客訴處理,1
C1040,R111,2025-02-10,產品推廣,1
C1040,R111,2025-02-12,關係維護,1
C1040,R111,2025-03-21,收款,1
C1040,R111,2025-03-20,關係維護,1
C1040,R111,2025-04-06,產品推廣,1
C1040,R111,2025-03-09,產品推廣,0
C1040,R111,2025-04-01,客訴處理,0
C1040,R111,2025-04-08,產品推廣,0
C1040,R111,2025-05-02,客訴處理,0
C1040,R111,2025-04-14,產品推廣,0
C1040,R111,2025-04-14,關係維護,0
C1040,R111,2025-04-19,產品推廣,1
C1040,R111,2025-05-23,關係維護,1
C1040,R111,2025-05-22,產品推廣,0
C1040,R111,2025-06-26,產品推廣,1
C1040,R111,2025-07-25,產品推廣,1
C1040,R111,2025-09-01,關係維護,0
C1040,R111,2025-08-06,收款,0
C1040,R111,2025-09-25,關係維護,0
C1040,R111,2025-09-25,關係維護,0
C1040,R111,2025-09-14,收款,1
C1040,R111,2025-09-23,收款,1
C1040,R111,2025-09-14,產品推廣,0
C1040,R111,2025-11-23,產品推廣,1
C1040,R111,2025-12-26,關係維護,0
C1040,R111,2025-12-10,收款,0
C1040,R111,2026-02-14,產品推廣,0
C1040,R111,2026-02-15,產品推廣,0
C1040,R111,2026-02-02,產品推廣,1
C1040,R111,2026-02-19,產品推廣,0
C1040,R111,2026-02-22,產品推廣,0
C1040,R111,2026-03-12,產品推廣,0
C1040,R111,2026-04-12,產品推廣,1
C1040,R111,2026-04-13,產品推廣,1
C1040,R111,2026-04-15,產品推廣,1
C1040,R111,2026-04-13,產品推廣,0
C1040,R111,2026-06-06,客訴處理,1
C1040,R111,2026-06-20,收款,1
C1041,R100,2025-02-10,客訴處理,1
C1041,R100,2025-03-30,關係維護,1
C1041,R100,2025-04-23,產品推廣,0
C1041,R100,2025-04-26,關係維護,1
C1041,R100,2025-04-21,關係維護,0
C1041,R100,2025-05-08,關係維護,0
C1041,R100,2025-07-09,關係維護,0
C1041,R100,2025-10-25,關係維護,0
C1041,R100,2025-11-18,關係維護,1
C1041,R100,2025-11-08,關係維護,0
C1041,R100,2026-02-10,產品推廣,0
C1041,R100,2026-02-26,產品推廣,1
C1041,R100,2026-02-10,產品推廣,0
C1041,R100,2026-02-02,產品推廣,0
C1041,R100,2026-07-12,產品推廣,1
C1042,R117,2025-03-05,產品推廣,0
C1042,R117,2025-02-08,產品推廣,0
C1042,R117,2025-03-18,產品推廣,0
C1042,R117,2025-03-18,產品推廣,0
C1042,R117,2025-04-24,產品推廣,0
C1042,R117,2025-04-23,產品推廣,0
C1042,R117,2025-06-02,產品推廣,0
C1042,R117,2025-05-14,關係維護,0
C1042,R117,2025-05-10,關係維護,0
C1042,R117,2025-05-15,關係維護,0
C1042,R117,2025-06-02,關係維護,0
C1042,R117,2025-06-15,產品推廣,0
C1042,R117,2025-06-07,客訴處理,0
C1042,R117,2025-06-09,關係維護,0
C1042,R117,2025-07-21,產品推廣,0
C1042,R117,2025-07-14,產品推廣,0
C1042,R117,2025-07-07,產品推廣,0
C1042,R117,2025-07-07,關係維護,0
C1042,R117,2025-07-27,關係維護,0
C1042,R117,2025-07-27,產品推廣,0
C1042,R117,2025-08-07,產品推廣,0
C1042,R117,2025-08-21,收款,0
C1042,R117,2025-08-15,產品推廣,0
C1042,R117,2025-08-28,產品推廣,0
C1042,R117,2025-09-13,產品推廣,0
C1042,R117,2025-09-11,產品推廣,0
C1042,R117,2025-10-15,客訴處理,0
C1042,R117,2025-10-29,客訴處理,0
C1042,R117,2025-10-06,產品推廣,0
C1042,R117,2025-10-13,產品推廣,0
C1042,R117,2025-10-18,產品推廣,0
C1042,R117,2025-10-27,產品推廣,0
C1042,R117,2025-10-25,收款,0
C1042,R117,2025-11-25,產品推廣,0
C1042,R117,2025-11-05,客訴處理,0
C1042,R117,2025-12-29,收款,0
C1042,R117,2025-12-18,產品推廣,0
C1042,R117,2025-12-12,收款,0
C1042,R117,2025-12-28,產品推廣,0
C1042,R117,2026-01-20,關係維護,0
C1042,R117,2026-01-06,關係維護,0
C1042,R117,2026-01-06,產品推廣,0
C1042,R117,2026-01-17,關係維護,0
C1042,R117,2026-01-31,關係維護,0
C1042,R117,2026-02-08,關係維護,0
C1042,R117,2026-02-08,產品推廣,0
C1042,R117,2026-02-08,產品推廣,0
C1042,R117,2026-02-12,收款,0
C1042,R117,2026-02-13,收款,0
C1042,R117,2026-04-30,產品推廣,0
C1042,R117,2026-04-27,關係維護,0
C1042,R117,2026-04-19,產品推廣,0
C1042,R117,2026-04-27,產品推廣,0
C1042,R117,2026-04-17,關係維護,0
C1042,R117,2026-04-24,產品推廣,0
C1042,R117,2026-04-22,產品推廣,0
C1042,R117,2026-05-05,產品推廣,0
C1042,R117,2026-05-25,產品推廣,0
C1042,R117,2026-05-17,客訴處理,0
C1042,R117,2026-05-09,產品推廣,0
C1042,R117,2026-05-06,產品推廣,0
C1042,R117,2026-06-21,關係維護,0
C1042,R117,2026-06-02,收款,0
C1042,R117,2026-06-24,產品推廣,0
C1042,R117,2026-06-20,關係維護,0
C1042,R117,2026-07-13,客訴處理,0
C1042,R117,2026-07-25,客訴處理,0
C1043,R107,2025-02-21,產品推廣,0
C1043,R107,2025-02-10,關係維護,0
C1043,R107,2025-02-15,客訴處理,0
C1043,R107,2025-03-26,產品推廣,0
C1043,R107,2025-04-16,客訴處理,0
C1043,R107,2025-04-14,客訴處理,0
C1043,R107,2025-05-19,客訴處理,0
C1043,R107,2025-07-01,產品推廣,0
C1043,R107,2025-07-12,產品推廣,0
C1043,R107,2025-07-25,客訴處理,0
C1043,R107,2025-09-10,產品推廣,0
C1043,R107,2025-09-12,產品推廣,0
C1043,R107,2025-10-19,產品推廣,0
C1043,R107,2025-10-10,收款,0
C1043,R107,2025-11-02,產品推廣,0
C1043,R107,2025-11-07,產品推廣,0
C1043,R107,2025-12-02,關係維護,0
C1043,R107,2025-12-26,產品推廣,0
C1043,R107,2025-12-05,產品推廣,0
C1043,R107,2025-12-21,收款,0
C1043,R107,2026-01-03,收款,0
C1043,R107,2026-03-17,收款,0
C1043,R107,2026-03-16,客訴處理,0
C1043,R107,2026-03-22,產品推廣,0
C1043,R107,2026-03-18,關係維護,0
C1043,R107,2026-04-07,收款,0
C1043,R107,2026-04-10,收款,0
C1043,R107,2026-04-20,產品推廣,0
C1043,R107,2026-04-19,關係維護,0
C1043,R107,2026-04-29,產品推廣,0
C1043,R107,2026-06-25,收款,0
C1043,R107,2026-06-11,關係維護,0
C1043,R107,2026-07-14,產品推廣,0
C1044,R113,2025-02-18,收款,0
C1044,R113,2025-02-26,收款,0
C1044,R113,2025-02-19,產品推廣,0
C1044,R113,2025-02-09,收款,0
C1044,R113,2025-04-01,關係維護,0
C1044,R113,2025-03-21,收款,0
C1044,R113,2025-03-22,產品推廣,0
C1044,R113,2025-04-18,客訴處理,0
C1044,R113,2025-05-05,收款,0
C1044,R113,2025-04-13,產品推廣,0
C1044,R113,2025-05-16,關係維護,0
C1044,R113,2025-06-04,收款,0
C1044,R113,2025-07-01,關係維護,0
C1044,R113,2025-07-15,關係維護,0
C1044,R113,2025-07-31,收款,0
C1044,R113,2025-08-04,關係維護,0
C1044,R113,2025-08-13,關係維護,0
C1044,R113,2025-08-28,產品推廣,0
C1044,R113,2025-08-19,產品推廣,0
C1044,R113,2025-09-05,產品推廣,0
C1044,R113,2025-09-07,產品推廣,0
C1044,R113,2025-09-28,產品推廣,0
C1044,R113,2025-09-26,客訴處理,0
C1044,R113,2025-10-17,產品推廣,0
C1044,R113,2025-10-29,收款,0
C1044,R113,2025-11-10,收款,0
C1044,R113,2025-11-07,產品推廣,0
C1044,R113,2025-11-21,收款,0
C1044,R113,2025-11-28,收款,0
C1044,R113,2025-11-15,產品推廣,0
C1044,R113,2025-11-23,產品推廣,0
C1044,R113,2025-11-20,客訴處理,0
C1044,R113,2025-11-19,關係維護,0
C1044,R113,2025-12-21,產品推廣,0
C1044,R113,2025-12-18,收款,0
C1044,R113,2025-12-04,關係維護,0
C1044,R113,2026-01-23,客訴處理,0
C1044,R113,2026-01-10,產品推廣,0
C1044,R113,2026-01-13,產品推廣,0
C1044,R113,2026-01-23,產品推廣,0
C1044,R113,2026-01-30,收款,0
C1044,R113,2026-01-03,收款,0
C1044,R113,2026-02-11,產品推廣,0
C1044,R113,2026-02-21,產品推廣,0
C1044,R113,2026-02-20,產品推廣,0
C1044,R113,2026-02-26,產品推廣,0
C1044,R113,2026-03-27,關係維護,0
C1044,R113,2026-03-12,產品推廣,0
C1044,R113,2026-03-16,收款,0
C1044,R113,2026-05-12,收款,0
C1044,R113,2026-05-16,關係維護,0
C1044,R113,2026-06-07,客訴處理,0
C1044,R113,2026-06-25,關係維護,0
C1044,R113,2026-06-30,產品推廣,0
C1044,R113,2026-07-09,關係維護,0
C1044,R113,2026-07-03,關係維護,0
C1044,R113,2026-07-18,產品推廣,0
C1044,R113,2026-07-10,產品推廣,0
C1045,R102,2025-05-13,產品推廣,0
C1045,R102,2025-06-16,關係維護,0
C1045,R102,2025-07-14,收款,0
C1045,R102,2025-07-13,客訴處理,0
C1045,R102,2025-09-17,關係維護,0
C1045,R102,2025-10-23,關係維護,0
C1045,R102,2025-11-26,產品推廣,0
C1045,R102,2025-12-08,收款,0
C1045,R102,2026-03-19,收款,0
C1045,R102,2026-03-14,產品推廣,0
C1045,R102,2026-03-12,產品推廣,0
C1045,R102,2026-04-30,產品推廣,0
C1046,R105,2025-03-06,產品推廣,0
C1046,R105,2025-02-24,收款,0
C1046,R105,2025-02-07,關係維護,0
C1046,R105,2025-02-25,關係維護,0
C1046,R105,2025-02-17,產品推廣,0
C1046,R105,2025-03-23,產品推廣,0
C1046,R105,2025-03-12,收款,0
C1046,R105,2025-04-21,客訴處理,0
C1046,R105,2025-05-05,客訴處理,0
C1046,R105,2025-05-01,產品推廣,0
C1046,R105,2025-04-14,產品推廣,0
C1046,R105,2025-05-22,客訴處理,0
C1046,R105,2025-05-14,產品推廣,0
C1046,R105,2025-06-04,關係維護,0
C1046,R105,2025-05-23,產品推廣,0
C1046,R105,2025-05-22,客訴處理,0
C1046,R105,2025-06-24,產品推廣,0
C1046,R105,2025-06-20,產品推廣,0
C1046,R105,2025-06-22,關係維護,0
C1046,R105,2025-06-16,產品推廣,0
C1046,R105,2025-07-27,關係維護,0
C1046,R105,2025-07-12,收款,0
C1046,R105,2025-09-01,收款,0
C1046,R105,2025-08-07,收款,0
C1046,R105,2025-09-28,關係維護,0
C1046,R105,2025-10-19,產品推廣,0
C1046,R105,2025-10-08,關係維護,0
C1046,R105,2026-01-01,關係維護,0
C1046,R105,2025-12-29,客訴處理,0
C1046,R105,2025-12-19,產品推廣,0
C1046,R105,2026-01-20,收款,0
C1046,R105,2026-01-28,產品推廣,0
C1046,R105,2026-01-13,產品推廣,0
C1046,R105,2026-01-06,產品推廣,0
C1046,R105,2026-02-23,產品推廣,0
C1046,R105,2026-03-10,產品推廣,0
C1046,R105,2026-04-30,產品推廣,0
C1046,R105,2026-04-28,產品推廣,0
C1046,R105,2026-05-18,產品推廣,0
C1046,R105,2026-06-22,產品推廣,0
C1046,R105,2026-06-30,關係維護,0
C1046,R105,2026-07-21,產品推廣,0
C1046,R105,2026-07-03,收款,0
C1046,R105,2026-07-03,關係維護,0
C1047,R117,2025-02-17,產品推廣,0
C1047,R117,2025-02-22,產品推廣,0
C1047,R117,2025-02-19,關係維護,0
C1047,R117,2025-02-21,產品推廣,0
C1047,R117,2025-03-19,產品推廣,0
C1047,R117,2025-03-11,收款,0
C1047,R117,2025-03-15,產品推廣,0
C1047,R117,2025-04-16,關係維護,0
C1047,R117,2025-04-08,產品推廣,0
C1047,R117,2025-05-11,關係維護,0
C1047,R117,2025-07-27,產品推廣,0
C1047,R117,2025-08-03,收款,0
C1047,R117,2025-07-24,產品推廣,0
C1047,R117,2025-08-29,客訴處理,0
C1047,R117,2025-08-22,關係維護,0
C1047,R117,2025-08-18,關係維護,0
C1047,R117,2025-09-22,收款,0
C1047,R117,2025-09-06,產品推廣,0
C1047,R117,2025-10-16,產品推廣,0
C1047,R117,2025-10-24,關係維護,0
C1047,R117,2025-11-09,產品推廣,0
C1047,R117,2025-12-21,收款,0
C1047,R117,2025-12-13,產品推廣,0
C1047,R117,2025-12-08,產品推廣,0
C1047,R117,2025-12-29,產品推廣,0
C1047,R117,2026-01-11,關係維護,0
C1047,R117,2026-01-22,關係維護,0
C1047,R117,2026-02-24,產品推廣,0
C1047,R117,2026-02-16,關係維護,0
C1047,R117,2026-02-25,產品推廣,0
C1047,R117,2026-03-17,產品推廣,0
C1047,R117,2026-03-10,產品推廣,0
C1047,R117,2026-04-19,關係維護,0
C1047,R117,2026-05-13,產品推廣,0
C1047,R117,2026-06-29,客訴處理,0
C1047,R117,2026-06-14,產品推廣,0
C1047,R117,2026-07-16,收款,0
C1047,R117,2026-07-23,收款,0
C1048,R107,2025-03-07,客訴處理,0
C1048,R107,2025-03-16,收款,0
C1048,R107,2025-06-11,產品推廣,0
C1048,R107,2025-08-18,產品推廣,0
C1048,R107,2025-08-07,產品推廣,0
C1048,R107,2025-08-19,關係維護,0
C1048,R107,2025-09-26,產品推廣,0
C1048,R107,2025-10-20,客訴處理,0
C1048,R107,2025-12-27,關係維護,0
C1048,R107,2026-05-10,產品推廣,0
C1049,R102,2025-03-04,關係維護,0
C1049,R102,2025-04-06,收款,0
C1049,R102,2025-05-27,產品推廣,0
C1049,R102,2025-06-29,關係維護,0
C1049,R102,2025-06-30,客訴處理,0
C1049,R102,2025-11-11,產品推廣,0
C1049,R102,2025-11-05,產品推廣,0
C1049,R102,2025-12-06,關係維護,0
C1049,R102,2026-01-21,產品推廣,0
C1049,R102,2026-02-12,收款,0
C1049,R102,2026-05-06,關係維護,0
C1049,R102,2026-05-11,關係維護,0
C1049,R102,2026-06-23,產品推廣,0
C1050,R111,2025-02-20,關係維護,0
C1050,R111,2025-02-15,產品推廣,1
C1050,R111,2025-04-06,關係維護,1
C1050,R111,2025-05-02,產品推廣,0
C1050,R111,2025-06-08,關係維護,1
C1050,R111,2025-06-14,產品推廣,1
C1050,R111,2025-06-29,收款,0
C1050,R111,2025-07-25,產品推廣,0
C1050,R111,2025-07-23,產品推廣,0
C1050,R111,2025-08-10,產品推廣,0
C1050,R111,2025-08-27,產品推廣,0
C1050,R111,2025-09-14,產品推廣,0
C1050,R111,2025-09-21,產品推廣,0
C1050,R111,2025-09-14,產品推廣,0
C1050,R111,2025-10-03,收款,1
C1050,R111,2025-10-16,產品推廣,0
C1050,R111,2025-10-07,收款,1
C1050,R111,2025-12-13,產品推廣,1
C1050,R111,2026-01-31,產品推廣,0
C1050,R111,2026-02-06,產品推廣,0
C1050,R111,2026-03-15,關係維護,0
C1050,R111,2026-03-09,關係維護,1
C1050,R111,2026-03-13,收款,0
C1050,R111,2026-03-19,關係維護,0
C1050,R111,2026-04-11,產品推廣,0
C1050,R111,2026-04-22,關係維護,0
C1050,R111,2026-06-13,產品推廣,0
C1050,R111,2026-07-09,關係維護,0
C1050,R111,2026-07-07,關係維護,1
C1051,R109,2025-02-10,產品推廣,0
C1051,R109,2025-02-22,產品推廣,0
C1051,R109,2025-02-20,關係維護,0
C1051,R109,2025-02-24,產品推廣,0
C1051,R109,2025-03-26,產品推廣,0
C1051,R109,2025-03-10,產品推廣,0
C1051,R109,2025-03-22,關係維護,0
C1051,R109,2025-05-02,客訴處理,0
C1051,R109,2025-05-01,收款,0
C1051,R109,2025-04-18,關係維護,0
C1051,R109,2025-04-24,產品推廣,0
C1051,R109,2025-05-12,產品推廣,0
C1051,R109,2025-05-30,收款,0
C1051,R109,2025-05-11,關係維護,0
C1051,R109,2025-06-19,產品推廣,0
C1051,R109,2025-06-09,產品推廣,0
C1051,R109,2025-07-04,產品推廣,0
C1051,R109,2025-06-24,收款,0
C1051,R109,2025-06-07,產品推廣,0
C1051,R109,2025-08-24,產品推廣,0
C1051,R109,2025-08-28,產品推廣,0
C1051,R109,2025-08-26,關係維護,0
C1051,R109,2025-09-09,產品推廣,0
C1051,R109,2025-09-27,產品推廣,0
C1051,R109,2025-09-25,關係維護,0
C1051,R109,2025-09-24,關係維護,0
C1051,R109,2025-11-01,客訴處理,0
C1051,R109,2025-10-19,關係維護,0
C1051,R109,2025-10-23,產品推廣,0
C1051,R109,2025-10-06,產品推廣,0
C1051,R109,2025-11-17,產品推廣,0
C1051,R109,2025-11-11,產品推廣,0
C1051,R109,2025-11-07,產品推廣,0
C1051,R109,2025-11-20,產品推廣,0
C1051,R109,2026-01-08,產品推廣,0
C1051,R109,2026-01-06,產品推廣,0
C1051,R109,2026-01-13,收款,0
C1051,R109,2026-01-09,產品推廣,0
C1051,R109,2026-01-09,關係維護,0
C1051,R109,2026-01-20,關係維護,0
C1051,R109,2026-02-06,產品推廣,0
C1051,R109,2026-02-03,關係維護,0
C1051,R109,2026-02-21,產品推廣,0
C1051,R109,2026-02-16,產品推廣,0
C1051,R109,2026-02-24,產品推廣,0
C1051,R109,2026-02-03,關係維護,0
C1051,R109,2026-03-27,產品推廣,0
C1051,R109,2026-03-18,產品推廣,0
C1051,R109,2026-03-21,收款,0
C1051,R109,2026-03-04,產品推廣,0
C1051,R109,2026-03-13,產品推廣,0
C1051,R109,2026-03-15,客訴處理,0
C1051,R109,2026-05-01,收款,0
C1051,R109,2026-04-26,關係維護,0
C1051,R109,2026-05-01,產品推廣,0
C1051,R109,2026-04-24,關係維護,0
C1051,R109,2026-04-24,收款,0
C1051,R109,2026-04-08,產品推廣,0
C1051,R109,2026-04-14,關係維護,0
C1051,R109,2026-05-28,關係維護,0
C1051,R109,2026-05-28,客訴處理,0
C1051,R109,2026-05-13,關係維護,0
C1051,R109,2026-05-18,產品推廣,0
C1051,R109,2026-06-04,客訴處理,0
C1051,R109,2026-06-26,關係維護,0
C1051,R109,2026-06-23,產品推廣,0
C1051,R109,2026-06-24,產品推廣,0
C1051,R109,2026-07-24,產品推廣,0
C1051,R109,2026-07-29,產品推廣,0
C1051,R109,2026-07-05,產品推廣,0
C1052,R108,2025-05-12,收款,0
C1052,R108,2025-08-03,產品推廣,0
C1052,R108,2025-10-13,產品推廣,0
C1052,R108,2025-10-14,產品推廣,0
C1052,R108,2025-11-13,關係維護,0
C1052,R108,2025-11-09,關係維護,0
C1052,R108,2026-01-18,關係維護,0
C1052,R108,2026-03-07,關係維護,0
C1052,R108,2026-05-07,產品推廣,0
C1053,R111,2025-02-19,產品推廣,0
C1053,R111,2025-04-06,產品推廣,1
C1053,R111,2025-04-04,收款,1
C1053,R111,2025-04-12,產品推廣,0
C1053,R111,2025-04-22,產品推廣,1
C1053,R111,2025-05-20,產品推廣,0
C1053,R111,2025-05-25,關係維護,0
C1053,R111,2025-08-15,產品推廣,0
C1053,R111,2025-09-30,關係維護,1
C1053,R111,2025-10-23,收款,1
C1053,R111,2025-10-16,產品推廣,0
C1053,R111,2026-01-23,產品推廣,0
C1053,R111,2026-06-18,客訴處理,1
C1053,R111,2026-07-13,產品推廣,1
C1054,R105,2025-03-24,關係維護,0
C1054,R105,2025-03-20,產品推廣,0
C1054,R105,2025-04-10,產品推廣,0
C1054,R105,2025-05-14,產品推廣,0
C1054,R105,2025-07-21,收款,0
C1054,R105,2025-07-31,關係維護,0
C1054,R105,2025-11-24,產品推廣,0
C1054,R105,2026-03-23,產品推廣,0
C1054,R105,2026-04-21,產品推廣,0
C1054,R105,2026-06-07,產品推廣,0
C1054,R105,2026-06-06,產品推廣,0
C1054,R105,2026-06-27,產品推廣,0
C1055,R108,2025-03-05,產品推廣,0
C1055,R108,2025-02-12,產品推廣,0
C1055,R108,2025-05-02,產品推廣,0
C1055,R108,2025-05-14,關係維護,0
C1055,R108,2025-08-03,產品推廣,0
C1055,R108,2025-08-01,收款,0
C1055,R108,2025-08-19,關係維護,0
C1055,R108,2025-11-19,產品推廣,0
C1055,R108,2025-11-30,產品推廣,0
C1055,R108,2025-11-08,產品推廣,0
C1055,R108,2026-04-24,產品推廣,0
C1055,R108,2026-07-07,關係維護,0
C1056,R108,2025-02-25,產品推廣,0
C1056,R108,2025-02-15,產品推廣,0
C1056,R108,2025-02-21,產品推廣,0
C1056,R108,2025-02-13,產品推廣,0
C1056,R108,2025-02-25,收款,0
C1056,R108,2025-03-07,產品推廣,0
C1056,R108,2025-02-14,收款,0
C1056,R108,2025-03-21,產品推廣,0
C1056,R108,2025-03-22,產品推廣,0
C1056,R108,2025-03-28,關係維護,0
C1056,R108,2025-05-02,關係維護,0
C1056,R108,2025-05-19,收款,0
C1056,R108,2025-05-11,收款,0
C1056,R108,2025-06-14,產品推廣,0
C1056,R108,2025-07-07,關係維護,0
C1056,R108,2025-08-24,產品推廣,0
C1056,R108,2025-08-29,關係維護,0
C1056,R108,2025-08-24,產品推廣,0
C1056,R108,2025-08-18,收款,0
C1056,R108,2025-09-11,產品推廣,0
C1056,R108,2025-09-26,產品推廣,0
C1056,R108,2025-10-10,產品推廣,0
C1056,R108,2025-10-25,關係維護,0
C1056,R108,2025-10-26,關係維護,0
C1056,R108,2025-11-08,關係維護,0
C1056,R108,2025-12-31,產品推廣,0
C1056,R108,2025-12-19,收款,0
C1056,R108,2026-01-18,產品推廣,0
C1056,R108,2026-01-24,收款,0
C1056,R108,2026-02-10,關係維護,0
C1056,R108,2026-02-09,產品推廣,0
C1056,R108,2026-02-11,關係維護,0
C1056,R108,2026-03-16,產品推廣,0
C1056,R108,2026-04-20,產品推廣,0
C1056,R108,2026-04-15,客訴處理,0
C1056,R108,2026-04-11,產品推廣,0
C1056,R108,2026-04-07,產品推廣,0
C1056,R108,2026-05-04,產品推廣,0
C1056,R108,2026-05-17,收款,0
C1056,R108,2026-06-23,客訴處理,0
C1056,R108,2026-06-14,關係維護,0
C1056,R108,2026-06-13,關係維護,0
C1056,R108,2026-07-07,收款,0
C1057,R102,2025-02-10,關係維護,0
C1057,R102,2025-02-11,收款,0
C1057,R102,2025-02-23,產品推廣,0
C1057,R102,2025-02-14,客訴處理,0
C1057,R102,2025-03-17,關係維護,0
C1057,R102,2025-03-18,關係維護,0
C1057,R102,2025-04-05,產品推廣,0
C1057,R102,2025-03-11,關係維護,0
C1057,R102,2025-03-09,收款,0
C1057,R102,2025-03-24,產品推廣,0
C1057,R102,2025-05-03,產品推廣,0
C1057,R102,2025-04-17,產品推廣,0
C1057,R102,2025-04-20,產品推廣,0
C1057,R102,2025-05-21,產品推廣,0
C1057,R102,2025-05-29,客訴處理,0
C1057,R102,2025-06-27,產品推廣,0
C1057,R102,2025-07-02,產品推廣,0
C1057,R102,2025-07-12,產品推廣,0
C1057,R102,2025-07-26,產品推廣,0
C1057,R102,2025-08-10,產品推廣,0
C1057,R102,2025-08-19,關係維護,0
C1057,R102,2025-09-20,關係維護,0
C1057,R102,2025-09-25,關係維護,0
C1057,R102,2025-09-16,收款,0
C1057,R102,2025-09-11,產品推廣,0
C1057,R102,2025-09-15,產品推廣,0
C1057,R102,2025-09-24,產品推廣,0
C1057,R102,2025-10-20,關係維護,0
C1057,R102,2025-10-16,產品推廣,0
C1057,R102,2025-11-22,客訴處理,0
C1057,R102,2025-11-06,產品推廣,0
C1057,R102,2025-11-28,收款,0
C1057,R102,2025-12-09,關係維護,0
C1057,R102,2025-12-28,產品推廣,0
C1057,R102,2025-12-28,產品推廣,0
C1057,R102,2025-12-15,產品推廣,0
C1057,R102,2025-12-30,產品推廣,0
C1057,R102,2026-01-11,產品推廣,0
C1057,R102,2026-01-14,收款,0
C1057,R102,2026-01-19,產品推廣,0
C1057,R102,2026-02-11,關係維護,0
C1057,R102,2026-02-05,關係維護,0
C1057,R102,2026-04-17,關係維護,0
C1057,R102,2026-04-12,關係維護,0
C1057,R102,2026-04-25,收款,0
C1057,R102,2026-05-19,關係維護,0
C1057,R102,2026-05-30,關係維護,0
C1057,R102,2026-05-05,產品推廣,0
C1057,R102,2026-06-21,產品推廣,0
C1057,R102,2026-06-09,產品推廣,0
C1057,R102,2026-06-12,客訴處理,0
C1057,R102,2026-06-26,產品推廣,0
C1057,R102,2026-06-17,產品推廣,0
C1057,R102,2026-07-12,關係維護,0
C1057,R102,2026-07-03,產品推廣,0
C1058,R107,2025-02-12,關係維護,0
C1058,R107,2025-02-19,收款,0
C1058,R107,2025-02-08,關係維護,0
C1058,R107,2025-02-27,客訴處理,0
C1058,R107,2025-03-13,關係維護,0
C1058,R107,2025-04-03,產品推廣,0
C1058,R107,2025-05-08,收款,0
C1058,R107,2025-06-26,產品推廣,0
C1058,R107,2025-08-01,產品推廣,0
C1058,R107,2025-07-27,收款,0
C1058,R107,2025-07-15,產品推廣,0
C1058,R107,2025-08-22,收款,0
C1058,R107,2025-09-05,關係維護,0
C1058,R107,2025-09-13,產品推廣,0
C1058,R107,2025-10-01,產品推廣,0
C1058,R107,2025-10-23,關係維護,0
C1058,R107,2025-10-31,產品推廣,0
C1058,R107,2025-12-25,客訴處理,0
C1058,R107,2025-12-11,產品推廣,0
C1058,R107,2026-01-17,產品推廣,0
C1058,R107,2026-01-27,產品推廣,0
C1058,R107,2026-01-06,產品推廣,0
C1058,R107,2026-02-19,收款,0
C1058,R107,2026-02-24,產品推廣,0
C1058,R107,2026-03-05,產品推廣,0
C1058,R107,2026-04-26,產品推廣,0
C1058,R107,2026-04-05,關係維護,0
C1058,R107,2026-05-21,產品推廣,0
C1058,R107,2026-05-16,產品推廣,0
C1058,R107,2026-05-14,產品推廣,0
C1058,R107,2026-06-26,關係維護,0
C1058,R107,2026-06-13,關係維護,0
C1058,R107,2026-07-18,產品推廣,0
C1058,R107,2026-07-23,產品推廣,0
C1059,R105,2025-10-25,客訴處理,0
C1059,R105,2025-10-27,關係維護,0
C1059,R105,2025-11-08,收款,0
C1059,R105,2026-02-02,收款,0
C1059,R105,2026-02-25,產品推廣,0
C1059,R105,2026-03-20,產品推廣,0
C1059,R105,2026-04-15,產品推廣,0
C1059,R105,2026-05-13,產品推廣,0
C1059,R105,2026-06-22,產品推廣,0
C1060,R107,2025-03-10,產品推廣,0
C1060,R107,2025-04-20,產品推廣,0
C1060,R107,2025-05-13,關係維護,0
C1060,R107,2025-05-19,客訴處理,0
C1060,R107,2025-07-10,關係維護,0
C1060,R107,2025-12-09,收款,0
C1060,R107,2026-01-22,客訴處理,0
C1060,R107,2026-01-26,產品推廣,0
C1060,R107,2026-02-10,關係維護,0
C1060,R107,2026-03-07,產品推廣,0
C1060,R107,2026-04-08,關係維護,0
C1060,R107,2026-05-13,產品推廣,0
C1060,R107,2026-06-17,產品推廣,0
C1060,R107,2026-07-16,產品推廣,0
C1061,R116,2025-03-23,關係維護,0
C1061,R116,2025-04-24,產品推廣,0
C1061,R116,2025-05-29,產品推廣,0
C1061,R116,2025-06-28,產品推廣,0
C1061,R116,2025-09-30,產品推廣,0
C1061,R116,2025-09-27,產品推廣,0
C1061,R116,2026-02-14,收款,0
C1061,R116,2026-03-20,產品推廣,0
C1061,R116,2026-03-04,客訴處理,0
C1061,R116,2026-03-10,客訴處理,0
C1061,R116,2026-04-18,關係維護,0
C1061,R116,2026-04-08,產品推廣,0
C1061,R116,2026-04-10,產品推廣,0
C1061,R116,2026-04-09,關係維護,0
C1061,R116,2026-05-08,客訴處理,0
C1061,R116,2026-05-08,產品推廣,0
C1061,R116,2026-05-12,關係維護,0
C1061,R116,2026-05-22,產品推廣,0
C1062,R108,2025-02-12,產品推廣,0
C1062,R108,2025-03-23,產品推廣,0
C1062,R108,2025-03-22,產品推廣,0
C1062,R108,2025-03-18,產品推廣,0
C1062,R108,2025-03-20,產品推廣,0
C1062,R108,2025-04-03,關係維護,0
C1062,R108,2025-04-14,產品推廣,0
C1062,R108,2025-04-20,產品推廣,0
C1062,R108,2025-04-12,產品推廣,0
C1062,R108,2025-04-16,客訴處理,0
C1062,R108,2025-04-18,產品推廣,0
C1062,R108,2025-04-19,產品推廣,0
C1062,R108,2025-04-27,關係維護,0
C1062,R108,2025-04-08,關係維護,0
C1062,R108,2025-04-09,關係維護,0
C1062,R108,2025-05-05,客訴處理,0
C1062,R108,2025-05-27,產品推廣,0
C1062,R108,2025-05-15,收款,0
C1062,R108,2025-06-18,關係維護,0
C1062,R108,2025-06-13,產品推廣,0
C1062,R108,2025-07-12,收款,0
C1062,R108,2025-07-13,關係維護,0
C1062,R108,2025-08-15,客訴處理,0
C1062,R108,2025-08-20,產品推廣,0
C1062,R108,2025-09-03,客訴處理,0
C1062,R108,2025-08-18,產品推廣,0
C1062,R108,2025-08-25,收款,0
C1062,R108,2025-09-29,產品推廣,0
C1062,R108,2025-09-13,客訴處理,0
C1062,R108,2025-10-28,關係維護,0
C1062,R108,2025-10-18,產品推廣,0
C1062,R108,2025-10-19,關係維護,0
C1062,R108,2025-11-22,關係維護,0
C1062,R108,2025-12-08,產品推廣,0
C1062,R108,2025-12-29,產品推廣,0
C1062,R108,2025-12-08,關係維護,0
C1062,R108,2026-01-01,產品推廣,0
C1062,R108,2026-01-15,產品推廣,0
C1062,R108,2026-01-23,收款,0
C1062,R108,2026-01-11,關係維護,0
C1062,R108,2026-01-09,產品推廣,0
C1062,R108,2026-02-25,產品推廣,0
C1062,R108,2026-02-12,收款,0
C1062,R108,2026-03-11,產品推廣,0
C1062,R108,2026-03-25,產品推廣,0
C1062,R108,2026-03-21,關係維護,0
C1062,R108,2026-03-26,產品推廣,0
C1062,R108,2026-03-09,客訴處理,0
C1062,R108,2026-05-01,產品推廣,0
C1062,R108,2026-04-10,產品推廣,0
C1062,R108,2026-04-26,客訴處理,0
C1062,R108,2026-04-11,產品推廣,0
C1062,R108,2026-04-11,產品推廣,0
C1062,R108,2026-05-18,客訴處理,0
C1062,R108,2026-05-27,關係維護,0
C1062,R108,2026-05-03,產品推廣,0
C1062,R108,2026-06-13,收款,0
C1062,R108,2026-06-11,產品推廣,0
C1062,R108,2026-06-29,關係維護,0
C1062,R108,2026-06-17,收款,0
C1062,R108,2026-07-03,關係維護,0
C1062,R108,2026-07-20,產品推廣,0
C1062,R108,2026-07-25,產品推廣,0
C1062,R108,2026-07-11,收款,0
C1062,R108,2026-07-11,關係維護,0
C1062,R108,2026-07-19,產品推廣,0
C1062,R108,2026-07-14,產品推廣,0
C1063,R111,2025-02-09,客訴處理,0
C1063,R111,2025-02-07,關係維護,0
C1063,R111,2025-02-24,關係維護,0
C1063,R111,2025-03-01,客訴處理,0
C1063,R111,2025-02-08,關係維護,0
C1063,R111,2025-02-27,產品推廣,0
C1063,R111,2025-03-30,產品推廣,0
C1063,R111,2025-03-09,產品推廣,0
C1063,R111,2025-04-02,產品推廣,0
C1063,R111,2025-03-12,關係維護,0
C1063,R111,2025-04-15,產品推廣,0
C1063,R111,2025-04-19,產品推廣,0
C1063,R111,2025-05-24,客訴處理,0
C1063,R111,2025-05-26,關係維護,0
C1063,R111,2025-06-02,客訴處理,0
C1063,R111,2025-05-14,產品推廣,0
C1063,R111,2025-05-23,客訴處理,0
C1063,R111,2025-07-16,產品推廣,0
C1063,R111,2025-07-16,產品推廣,0
C1063,R111,2025-08-11,產品推廣,0
C1063,R111,2025-09-20,產品推廣,0
C1063,R111,2025-11-01,產品推廣,0
C1063,R111,2025-11-19,產品推廣,0
C1063,R111,2025-11-23,關係維護,0
C1063,R111,2025-11-28,客訴處理,0
C1063,R111,2025-12-31,關係維護,0
C1063,R111,2025-12-19,關係維護,0
C1063,R111,2025-12-22,關係維護,0
C1063,R111,2025-12-20,收款,0
C1063,R111,2025-12-28,產品推廣,0
C1063,R111,2025-12-08,關係維護,0
C1063,R111,2026-01-28,客訴處理,0
C1063,R111,2026-01-15,產品推廣,0
C1063,R111,2026-01-15,產品推廣,0
C1063,R111,2026-02-19,關係維護,0
C1063,R111,2026-02-27,產品推廣,0
C1063,R111,2026-02-14,收款,0
C1063,R111,2026-02-06,關係維護,0
C1063,R111,2026-03-22,產品推廣,0
C1063,R111,2026-03-28,產品推廣,0
C1063,R111,2026-03-22,產品推廣,0
C1063,R111,2026-04-08,關係維護,0
C1063,R111,2026-06-22,關係維護,0
C1063,R111,2026-06-16,客訴處理,0
C1063,R111,2026-06-16,收款,0
C1063,R111,2026-07-21,產品推廣,0
C1063,R111,2026-07-02,產品推廣,0
C1063,R111,2026-07-03,產品推廣,0
C1064,R114,2025-02-21,關係維護,0
C1064,R114,2025-02-10,關係維護,0
C1064,R114,2025-02-27,關係維護,0
C1064,R114,2025-06-17,產品推廣,0
C1064,R114,2025-07-21,收款,0
C1064,R114,2025-09-01,產品推廣,0
C1064,R114,2025-08-18,收款,0
C1064,R114,2025-09-09,產品推廣,0
C1064,R114,2026-01-07,客訴處理,0
C1064,R114,2026-01-28,收款,0
C1064,R114,2026-01-16,產品推廣,0
C1064,R114,2026-05-04,客訴處理,0
C1065,R102,2025-03-21,客訴處理,0
C1065,R102,2025-03-23,產品推廣,1
C1065,R102,2025-03-29,關係維護,0
C1065,R102,2025-05-02,產品推廣,0
C1065,R102,2025-05-03,收款,1
C1065,R102,2025-04-28,產品推廣,1
C1065,R102,2025-06-04,產品推廣,0
C1065,R102,2025-06-18,收款,1
C1065,R102,2025-07-03,產品推廣,0
C1065,R102,2025-06-21,收款,0
C1065,R102,2025-06-19,關係維護,1
C1065,R102,2025-07-19,產品推廣,0
C1065,R102,2025-07-14,客訴處理,0
C1065,R102,2025-08-29,關係維護,0
C1065,R102,2025-10-12,產品推廣,0
C1065,R102,2025-11-28,收款,0
C1065,R102,2025-12-16,產品推廣,1
C1065,R102,2025-12-14,收款,0
C1065,R102,2025-12-11,關係維護,1
C1065,R102,2025-12-20,產品推廣,0
C1065,R102,2025-12-25,關係維護,0
C1065,R102,2026-01-19,收款,0
C1065,R102,2026-01-28,收款,1
C1065,R102,2026-01-31,客訴處理,0
C1065,R102,2026-02-17,產品推廣,1
C1065,R102,2026-03-24,產品推廣,0
C1065,R102,2026-03-17,產品推廣,1
C1065,R102,2026-03-14,產品推廣,0
C1065,R102,2026-03-18,產品推廣,1
C1065,R102,2026-03-14,關係維護,1
C1065,R102,2026-04-03,產品推廣,0
C1065,R102,2026-04-10,客訴處理,0
C1065,R102,2026-06-16,產品推廣,0
C1065,R102,2026-06-03,收款,1
C1066,R108,2025-03-25,客訴處理,1
C1066,R108,2025-04-03,客訴處理,0
C1066,R108,2025-04-25,客訴處理,1
C1066,R108,2025-05-26,收款,0
C1066,R108,2025-07-19,客訴處理,1
C1066,R108,2025-07-18,收款,0
C1066,R108,2025-08-24,收款,0
C1066,R108,2025-08-08,產品推廣,0
C1066,R108,2025-09-29,產品推廣,0
C1066,R108,2025-11-17,產品推廣,0
C1066,R108,2025-12-30,產品推廣,1
C1066,R108,2026-01-12,客訴處理,0
C1066,R108,2026-01-18,客訴處理,0
C1066,R108,2026-02-23,客訴處理,1
C1066,R108,2026-07-30,產品推廣,1
C1067,R106,2025-03-02,產品推廣,0
C1067,R106,2025-02-12,產品推廣,0
C1067,R106,2025-03-10,產品推廣,0
C1067,R106,2025-04-01,產品推廣,0
C1067,R106,2025-04-28,產品推廣,0
C1067,R106,2025-05-04,客訴處理,0
C1067,R106,2025-05-28,關係維護,0
C1067,R106,2025-06-27,關係維護,0
C1067,R106,2025-06-12,關係維護,0
C1067,R106,2025-06-19,產品推廣,0
C1067,R106,2025-06-12,關係維護,0
C1067,R106,2025-06-27,關係維護,0
C1067,R106,2025-06-11,關係維護,0
C1067,R106,2025-06-09,產品推廣,0
C1067,R106,2025-07-17,產品推廣,0
C1067,R106,2025-07-23,客訴處理,0
C1067,R106,2025-08-19,產品推廣,0
C1067,R106,2025-09-03,產品推廣,0
C1067,R106,2025-10-24,收款,0
C1067,R106,2025-10-14,產品推廣,0
C1067,R106,2025-10-23,產品推廣,0
C1067,R106,2025-12-16,產品推廣,0
C1067,R106,2025-12-13,產品推廣,0
C1067,R106,2026-01-30,收款,0
C1067,R106,2026-01-07,客訴處理,0
C1067,R106,2026-03-01,客訴處理,0
C1067,R106,2026-02-20,產品推廣,0
C1067,R106,2026-02-28,產品推廣,0
C1067,R106,2026-03-24,產品推廣,0
C1067,R106,2026-03-05,關係維護,0
C1067,R106,2026-04-22,產品推廣,0
C1067,R106,2026-04-08,關係維護,0
C1067,R106,2026-04-06,產品推廣,0
C1067,R106,2026-05-13,關係維護,0
C1067,R106,2026-05-13,產品推廣,0
C1067,R106,2026-05-05,收款,0
C1067,R106,2026-05-05,關係維護,0
C1067,R106,2026-06-28,關係維護,0
C1067,R106,2026-06-13,客訴處理,0
C1067,R106,2026-07-25,收款,0
C1067,R106,2026-07-03,收款,0
C1068,R110,2025-04-29,收款,0
C1068,R110,2025-07-14,收款,0
C1068,R110,2025-10-19,關係維護,1
C1068,R110,2025-10-28,產品推廣,1
C1068,R110,2025-10-27,關係維護,0
C1068,R110,2025-12-17,客訴處理,1
C1068,R110,2026-01-21,關係維護,0
C1068,R110,2026-02-19,關係維護,1
C1068,R110,2026-03-10,產品推廣,1
C1068,R110,2026-03-06,關係維護,1
C1068,R110,2026-03-30,關係維護,1
C1068,R110,2026-04-01,客訴處理,0
C1068,R110,2026-04-28,產品推廣,0
C1068,R110,2026-05-22,產品推廣,0
C1069,R106,2025-02-09,產品推廣,1
C1069,R106,2025-03-28,收款,1
C1069,R106,2025-05-04,客訴處理,0
C1069,R106,2025-05-04,產品推廣,0
C1069,R106,2025-05-23,關係維護,0
C1069,R106,2025-05-08,產品推廣,1
C1069,R106,2025-05-16,收款,1
C1069,R106,2025-05-18,關係維護,0
C1069,R106,2025-05-12,關係維護,0
C1069,R106,2025-06-29,關係維護,0
C1069,R106,2025-06-20,產品推廣,1
C1069,R106,2025-07-25,關係維護,0
C1069,R106,2025-09-22,產品推廣,0
C1069,R106,2025-09-22,產品推廣,1
C1069,R106,2025-10-03,產品推廣,1
C1069,R106,2026-01-18,產品推廣,0
C1069,R106,2026-02-18,收款,0
C1069,R106,2026-02-28,產品推廣,0
C1069,R106,2026-02-07,收款,0
C1069,R106,2026-02-07,收款,0
C1069,R106,2026-02-17,客訴處理,0
C1069,R106,2026-06-19,客訴處理,1
C1070,R105,2025-02-16,收款,0
C1070,R105,2025-04-05,產品推廣,0
C1070,R105,2025-06-29,關係維護,0
C1070,R105,2025-07-20,客訴處理,0
C1070,R105,2025-10-30,產品推廣,0
C1070,R105,2025-10-17,產品推廣,0
C1070,R105,2026-02-26,產品推廣,0
C1070,R105,2026-05-26,產品推廣,0
C1070,R105,2026-06-20,產品推廣,0
C1070,R105,2026-06-05,收款,0
C1070,R105,2026-06-19,產品推廣,0
C1071,R117,2025-03-05,產品推廣,0
C1071,R117,2025-06-01,產品推廣,0
C1071,R117,2025-05-20,收款,0
C1071,R117,2025-05-20,關係維護,0
C1071,R117,2025-06-24,產品推廣,0
C1071,R117,2025-06-22,產品推廣,0
C1071,R117,2025-07-19,產品推廣,0
C1071,R117,2025-08-13,產品推廣,0
C1071,R117,2025-08-12,關係維護,0
C1071,R117,2025-11-01,收款,0
C1071,R117,2025-11-06,收款,0
C1071,R117,2025-11-04,收款,0
C1071,R117,2025-11-06,產品推廣,0
C1071,R117,2026-01-01,產品推廣,0
C1071,R117,2025-12-08,收款,0
C1071,R117,2025-12-16,收款,0
C1071,R117,2025-12-05,產品推廣,0
C1071,R117,2026-01-05,產品推廣,0
C1071,R117,2026-01-21,產品推廣,0
C1071,R117,2026-02-15,產品推廣,0
C1071,R117,2026-02-24,產品推廣,0
C1071,R117,2026-03-09,收款,0
C1071,R117,2026-04-19,客訴處理,0
C1071,R117,2026-05-15,產品推廣,0
C1071,R117,2026-06-06,產品推廣,0
C1071,R117,2026-06-27,產品推廣,0
C1071,R117,2026-07-29,關係維護,0
C1071,R117,2026-07-22,產品推廣,0
C1071,R117,2026-07-26,產品推廣,0
C1072,R108,2025-02-27,客訴處理,0
C1072,R108,2025-02-25,收款,0
C1072,R108,2025-03-02,收款,0
C1072,R108,2025-02-16,產品推廣,0
C1072,R108,2025-03-19,收款,0
C1072,R108,2025-04-03,關係維護,0
C1072,R108,2025-05-05,產品推廣,0
C1072,R108,2025-04-20,產品推廣,0
C1072,R108,2025-04-16,收款,0
C1072,R108,2025-05-18,收款,0
C1072,R108,2025-06-03,收款,0
C1072,R108,2025-05-27,收款,0
C1072,R108,2025-05-28,產品推廣,0
C1072,R108,2025-07-01,產品推廣,0
C1072,R108,2025-07-30,產品推廣,0
C1072,R108,2025-08-31,產品推廣,0
C1072,R108,2025-08-15,關係維護,0
C1072,R108,2025-09-13,客訴處理,0
C1072,R108,2025-09-20,產品推廣,0
C1072,R108,2025-09-19,關係維護,0
C1072,R108,2025-09-29,收款,0
C1072,R108,2025-09-06,產品推廣,0
C1072,R108,2025-09-05,收款,0
C1072,R108,2025-09-10,關係維護,0
C1072,R108,2025-09-21,關係維護,0
C1072,R108,2025-09-21,關係維護,0
C1072,R108,2025-10-20,產品推廣,0
C1072,R108,2025-11-26,產品推廣,0
C1072,R108,2025-11-19,產品推廣,0
C1072,R108,2025-12-28,產品推廣,0
C1072,R108,2025-12-22,產品推廣,0
C1072,R108,2025-12-25,產品推廣,0
C1072,R108,2025-12-16,關係維護,0
C1072,R108,2025-12-17,產品推廣,0
C1072,R108,2026-02-14,產品推廣,0
C1072,R108,2026-02-18,產品推廣,0
C1072,R108,2026-03-16,收款,0
C1072,R108,2026-03-05,收款,0
C1072,R108,2026-03-18,關係維護,0
C1072,R108,2026-03-20,產品推廣,0
C1072,R108,2026-04-13,產品推廣,0
C1072,R108,2026-05-31,收款,0
C1072,R108,2026-05-09,關係維護,0
C1072,R108,2026-05-26,產品推廣,0
C1072,R108,2026-06-07,關係維護,0
C1072,R108,2026-06-05,關係維護,0
C1072,R108,2026-07-18,產品推廣,0
C1072,R108,2026-07-15,收款,0
C1073,R103,2025-03-02,產品推廣,0
C1073,R103,2025-02-12,產品推廣,0
C1073,R103,2025-02-16,產品推廣,0
C1073,R103,2025-03-27,收款,0
C1073,R103,2025-03-15,關係維護,0
C1073,R103,2025-04-26,關係維護,0
C1073,R103,2025-04-15,產品推廣,0
C1073,R103,2025-04-20,收款,0
C1073,R103,2025-04-08,關係維護,0
C1073,R103,2025-05-30,關係維護,0
C1073,R103,2025-06-02,產品推廣,0
C1073,R103,2025-05-22,產品推廣,0
C1073,R103,2025-07-04,收款,0
C1073,R103,2025-07-04,收款,0
C1073,R103,2025-06-15,關係維護,0
C1073,R103,2025-06-10,收款,0
C1073,R103,2025-06-11,收款,0
C1073,R103,2025-06-13,產品推廣,0
C1073,R103,2025-07-07,產品推廣,0
C1073,R103,2025-07-10,產品推廣,0
C1073,R103,2025-07-09,產品推廣,0
C1073,R103,2025-08-31,產品推廣,0
C1073,R103,2025-08-29,收款,0
C1073,R103,2025-09-09,客訴處理,0
C1073,R103,2025-09-09,收款,0
C1073,R103,2025-09-16,關係維護,0
C1073,R103,2025-09-07,關係維護,0
C1073,R103,2025-10-10,收款,0
C1073,R103,2025-10-12,產品推廣,0
C1073,R103,2025-11-29,產品推廣,0
C1073,R103,2025-11-25,產品推廣,0
C1073,R103,2025-11-19,關係維護,0
C1073,R103,2025-11-05,產品推廣,0
C1073,R103,2025-12-20,產品推廣,0
C1073,R103,2025-12-28,關係維護,0
C1073,R103,2026-01-31,關係維護,0
C1073,R103,2026-01-07,關係維護,0
C1073,R103,2026-01-30,產品推廣,0
C1073,R103,2026-02-02,產品推廣,0
C1073,R103,2026-02-21,產品推廣,0
C1073,R103,2026-03-12,收款,0
C1073,R103,2026-03-05,客訴處理,0
C1073,R103,2026-03-13,關係維護,0
C1073,R103,2026-03-13,客訴處理,0
C1073,R103,2026-03-05,產品推廣,0
C1073,R103,2026-03-29,產品推廣,0
C1073,R103,2026-03-11,收款,0
C1073,R103,2026-04-09,關係維護,0
C1073,R103,2026-04-06,產品推廣,0
C1073,R103,2026-05-14,產品推廣,0
C1073,R103,2026-05-22,關係維護,0
C1073,R103,2026-05-28,產品推廣,0
C1073,R103,2026-05-07,產品推廣,0
C1073,R103,2026-06-02,關係維護,0
C1073,R103,2026-06-07,關係維護,0
C1073,R103,2026-06-02,關係維護,0
C1073,R103,2026-07-12,關係維護,0
C1073,R103,2026-07-29,關係維護,0
C1073,R103,2026-07-11,客訴處理,0
C1073,R103,2026-07-22,產品推廣,0
C1073,R103,2026-07-28,產品推廣,0
C1074,R108,2025-02-13,客訴處理,0
C1074,R108,2025-03-22,關係維護,0
C1074,R108,2025-05-01,產品推廣,0
C1074,R108,2025-06-30,產品推廣,0
C1074,R108,2025-06-15,產品推廣,0
C1074,R108,2025-06-13,關係維護,0
C1074,R108,2025-08-01,產品推廣,0
C1074,R108,2025-07-15,關係維護,0
C1074,R108,2025-08-10,關係維護,0
C1074,R108,2025-09-28,客訴處理,0
C1074,R108,2025-09-24,產品推廣,0
C1074,R108,2025-11-25,產品推廣,0
C1074,R108,2025-11-22,產品推廣,0
C1074,R108,2025-12-31,收款,0
C1074,R108,2025-12-07,關係維護,0
C1074,R108,2025-12-05,關係維護,0
C1074,R108,2026-01-18,收款,0
C1074,R108,2026-01-09,關係維護,0
C1074,R108,2026-02-27,產品推廣,0
C1074,R108,2026-02-03,客訴處理,0
C1074,R108,2026-02-03,客訴處理,0
C1074,R108,2026-03-14,產品推廣,0
C1074,R108,2026-03-11,客訴處理,0
C1074,R108,2026-03-11,收款,0
C1074,R108,2026-03-18,產品推廣,0
C1074,R108,2026-05-09,關係維護,0
C1074,R108,2026-06-17,產品推廣,0
C1074,R108,2026-06-20,產品推廣,0
C1074,R108,2026-07-02,關係維護,0
C1075,R113,2025-02-24,收款,0
C1075,R113,2025-03-06,產品推廣,0
C1075,R113,2025-03-24,產品推廣,0
C1075,R113,2025-04-23,產品推廣,0
C1075,R113,2025-05-03,收款,0
C1075,R113,2025-05-19,產品推廣,0
C1075,R113,2025-05-19,產品推廣,0
C1075,R113,2025-06-28,收款,0
C1075,R113,2025-07-30,關係維護,0
C1075,R113,2025-08-04,產品推廣,0
C1075,R113,2025-07-16,收款,0
C1075,R113,2025-07-08,關係維護,0
C1075,R113,2025-07-22,產品推廣,0
C1075,R113,2025-07-11,收款,0
C1075,R113,2025-08-14,客訴處理,0
C1075,R113,2025-09-22,產品推廣,0
C1075,R113,2025-10-01,客訴處理,0
C1075,R113,2025-09-13,收款,0
C1075,R113,2025-09-23,產品推廣,0
C1075,R113,2025-09-22,客訴處理,0
C1075,R113,2025-10-28,產品推廣,0
C1075,R113,2025-10-24,收款,0
C1075,R113,2025-11-19,產品推廣,0
C1075,R113,2025-11-24,收款,0
C1075,R113,2025-11-27,產品推廣,0
C1075,R113,2025-12-01,產品推廣,0
C1075,R113,2025-12-24,關係維護,0
C1075,R113,2026-01-11,產品推廣,0
C1075,R113,2026-03-02,產品推廣,0
C1075,R113,2026-03-23,產品推廣,0
C1075,R113,2026-03-17,收款,0
C1075,R113,2026-04-17,產品推廣,0
C1075,R113,2026-05-01,產品推廣,0
C1075,R113,2026-05-23,產品推廣,0
C1075,R113,2026-05-29,關係維護,0
C1075,R113,2026-06-03,產品推廣,0
C1075,R113,2026-06-21,關係維護,0
C1075,R113,2026-06-11,客訴處理,0
C1075,R113,2026-06-04,收款,0
C1075,R113,2026-06-15,產品推廣,0
C1075,R113,2026-07-14,收款,0
C1075,R113,2026-07-22,產品推廣,0
C1076,R110,2025-03-30,產品推廣,0
C1076,R110,2025-04-25,產品推廣,0
C1076,R110,2025-04-10,客訴處理,0
C1076,R110,2025-07-27,客訴處理,0
C1076,R110,2025-07-17,收款,0
C1076,R110,2025-10-02,產品推廣,0
C1076,R110,2025-10-27,產品推廣,0
C1076,R110,2025-10-17,產品推廣,0
C1076,R110,2025-10-28,關係維護,0
C1076,R110,2025-10-22,客訴處理,0
C1076,R110,2025-11-09,產品推廣,0
C1076,R110,2025-11-05,產品推廣,0
C1076,R110,2026-03-22,客訴處理,0
C1076,R110,2026-04-20,關係維護,0
C1076,R110,2026-05-07,關係維護,0
C1076,R110,2026-05-17,產品推廣,0
C1077,R107,2025-02-13,產品推廣,1
C1077,R107,2025-04-11,收款,0
C1077,R107,2025-04-26,客訴處理,1
C1077,R107,2025-05-09,關係維護,1
C1077,R107,2025-06-22,關係維護,0
C1077,R107,2025-09-12,產品推廣,0
C1077,R107,2026-01-30,產品推廣,0
C1077,R107,2026-03-19,關係維護,1
C1077,R107,2026-05-24,客訴處理,0
C1077,R107,2026-06-16,客訴處理,0
C1077,R107,2026-06-05,產品推廣,1
C1077,R107,2026-06-26,產品推廣,1
C1077,R107,2026-07-15,產品推廣,0
C1078,R101,2025-03-06,收款,0
C1078,R101,2025-02-28,收款,0
C1078,R101,2025-02-19,關係維護,0
C1078,R101,2025-02-12,關係維護,0
C1078,R101,2025-04-18,產品推廣,0
C1078,R101,2025-05-26,產品推廣,0
C1078,R101,2025-05-15,客訴處理,0
C1078,R101,2025-07-17,關係維護,0
C1078,R101,2025-07-14,產品推廣,0
C1078,R101,2025-07-27,收款,0
C1078,R101,2025-08-17,產品推廣,0
C1078,R101,2025-09-03,客訴處理,0
C1078,R101,2025-08-29,產品推廣,0
C1078,R101,2025-09-02,產品推廣,0
C1078,R101,2025-09-30,產品推廣,0
C1078,R101,2025-10-20,產品推廣,0
C1078,R101,2025-11-10,產品推廣,0
C1078,R101,2025-12-11,關係維護,0
C1078,R101,2025-12-08,產品推廣,0
C1078,R101,2025-12-06,關係維護,0
C1078,R101,2026-01-14,產品推廣,0
C1078,R101,2026-01-29,關係維護,0
C1078,R101,2026-01-22,關係維護,0
C1078,R101,2026-04-01,收款,0
C1078,R101,2026-04-11,關係維護,0
C1078,R101,2026-05-21,產品推廣,0
C1078,R101,2026-05-24,關係維護,0
C1078,R101,2026-06-08,關係維護,0
C1078,R101,2026-06-16,收款,0
C1079,R107,2025-03-07,產品推廣,0
C1079,R107,2025-04-05,關係維護,0
C1079,R107,2025-04-15,產品推廣,0
C1079,R107,2025-05-13,產品推廣,0
C1079,R107,2025-05-25,產品推廣,0
C1079,R107,2025-07-02,客訴處理,0
C1079,R107,2025-07-26,產品推廣,0
C1079,R107,2025-07-10,產品推廣,0
C1079,R107,2025-08-03,關係維護,0
C1079,R107,2025-08-07,關係維護,0
C1079,R107,2025-08-15,產品推廣,0
C1079,R107,2025-08-13,關係維護,0
C1079,R107,2025-09-17,產品推廣,0
C1079,R107,2025-10-27,收款,0
C1079,R107,2025-11-01,產品推廣,0
C1079,R107,2025-11-02,關係維護,0
C1079,R107,2025-10-22,產品推廣,0
C1079,R107,2025-10-14,收款,0
C1079,R107,2025-11-08,產品推廣,0
C1079,R107,2025-12-06,產品推廣,0
C1079,R107,2026-01-28,關係維護,0
C1079,R107,2026-01-05,關係維護,0
C1079,R107,2026-01-22,產品推廣,0
C1079,R107,2026-01-03,關係維護,0
C1079,R107,2026-03-26,產品推廣,0
C1079,R107,2026-03-19,客訴處理,0
C1079,R107,2026-03-09,產品推廣,0
C1079,R107,2026-04-04,產品推廣,0
C1079,R107,2026-05-11,產品推廣,0
C1079,R107,2026-05-13,客訴處理,0
C1079,R107,2026-05-12,收款,0
C1079,R107,2026-06-30,產品推廣,0
C1079,R107,2026-06-10,產品推廣,0
C1079,R107,2026-06-18,關係維護,0
C1079,R107,2026-06-18,收款,0
C1079,R107,2026-07-06,收款,0
C1079,R107,2026-07-21,客訴處理,0
C1080,R102,2025-02-16,產品推廣,1
C1080,R102,2025-02-07,收款,1
C1080,R102,2025-03-03,客訴處理,1
C1080,R102,2025-02-27,產品推廣,0
C1080,R102,2025-02-21,產品推廣,1
C1080,R102,2025-03-27,產品推廣,1
C1080,R102,2025-03-12,產品推廣,0
C1080,R102,2025-04-28,收款,0
C1080,R102,2025-05-03,產品推廣,1
C1080,R102,2025-05-17,收款,0
C1080,R102,2025-06-29,產品推廣,0
C1080,R102,2025-06-21,收款,0
C1080,R102,2025-07-20,產品推廣,0
C1080,R102,2025-07-26,產品推廣,1
C1080,R102,2025-07-27,收款,0
C1080,R102,2025-07-14,收款,1
C1080,R102,2025-07-10,關係維護,0
C1080,R102,2025-07-30,產品推廣,1
C1080,R102,2025-08-21,產品推廣,0
C1080,R102,2025-08-30,產品推廣,0
C1080,R102,2025-08-07,產品推廣,0
C1080,R102,2025-09-16,收款,1
C1080,R102,2025-09-08,客訴處理,0
C1080,R102,2025-09-14,收款,0
C1080,R102,2025-10-11,關係維護,1
C1080,R102,2025-10-05,收款,1
C1080,R102,2025-10-06,關係維護,0
C1080,R102,2025-10-24,產品推廣,0
C1080,R102,2025-10-31,產品推廣,0
C1080,R102,2025-11-05,產品推廣,0
C1080,R102,2025-11-05,收款,0
C1080,R102,2025-11-04,收款,0
C1080,R102,2025-12-14,產品推廣,1
C1080,R102,2025-12-28,關係維護,1
C1080,R102,2025-12-10,產品推廣,1
C1080,R102,2026-01-03,收款,1
C1080,R102,2026-01-12,產品推廣,0
C1080,R102,2026-02-22,產品推廣,0
C1080,R102,2026-02-05,產品推廣,1
C1080,R102,2026-02-06,產品推廣,1
C1080,R102,2026-02-18,產品推廣,0
C1080,R102,2026-02-25,產品推廣,0
C1080,R102,2026-03-27,產品推廣,1
C1080,R102,2026-03-26,產品推廣,1
C1080,R102,2026-03-22,產品推廣,1
C1080,R102,2026-04-01,產品推廣,0
C1080,R102,2026-03-23,產品推廣,0
C1080,R102,2026-04-30,客訴處理,1
C1080,R102,2026-05-20,產品推廣,0
C1080,R102,2026-06-27,產品推廣,1
C1080,R102,2026-06-07,收款,0
C1080,R102,2026-07-20,關係維護,1
C1081,R105,2025-02-13,關係維護,0
C1081,R105,2025-04-23,關係維護,0
C1081,R105,2025-06-02,關係維護,0
C1081,R105,2025-05-10,關係維護,0
C1081,R105,2025-06-26,關係維護,0
C1081,R105,2025-07-08,客訴處理,0
C1081,R105,2025-10-24,產品推廣,0
C1081,R105,2025-11-13,產品推廣,0
C1081,R105,2026-01-20,關係維護,0
C1081,R105,2026-02-14,產品推廣,0
C1081,R105,2026-03-23,產品推廣,0
C1081,R105,2026-03-30,客訴處理,0
C1081,R105,2026-04-28,產品推廣,0
C1081,R105,2026-04-29,關係維護,0
C1081,R105,2026-05-22,產品推廣,0
C1081,R105,2026-05-26,收款,0
C1082,R108,2025-02-14,產品推廣,0
C1082,R108,2025-03-16,收款,0
C1082,R108,2025-05-24,產品推廣,0
C1082,R108,2025-07-04,關係維護,0
C1082,R108,2025-06-08,關係維護,0
C1082,R108,2025-09-27,產品推廣,0
C1082,R108,2025-10-08,產品推廣,0
C1082,R108,2025-10-20,收款,0
C1082,R108,2025-10-12,產品推廣,0
C1082,R108,2025-12-11,產品推廣,0
C1082,R108,2026-01-07,產品推廣,0
C1082,R108,2026-01-28,產品推廣,0
C1082,R108,2026-01-12,關係維護,0
C1082,R108,2026-01-20,關係維護,0
C1082,R108,2026-02-26,關係維護,0
C1082,R108,2026-02-08,客訴處理,0
C1082,R108,2026-03-10,產品推廣,0
C1082,R108,2026-03-29,收款,0
C1082,R108,2026-04-07,產品推廣,0
C1082,R108,2026-04-25,產品推廣,0
C1082,R108,2026-05-28,關係維護,0
C1083,R108,2025-02-08,關係維護,0
C1083,R108,2025-03-06,收款,1
C1083,R108,2025-02-11,產品推廣,0
C1083,R108,2025-02-21,產品推廣,0
C1083,R108,2025-03-09,客訴處理,0
C1083,R108,2025-03-14,關係維護,0
C1083,R108,2025-03-12,產品推廣,0
C1083,R108,2025-03-23,產品推廣,0
C1083,R108,2025-03-22,關係維護,1
C1083,R108,2025-04-09,收款,1
C1083,R108,2025-04-08,客訴處理,1
C1083,R108,2025-04-24,收款,0
C1083,R108,2025-04-09,關係維護,0
C1083,R108,2025-04-18,收款,0
C1083,R108,2025-05-28,客訴處理,1
C1083,R108,2025-06-21,產品推廣,0
C1083,R108,2025-08-01,產品推廣,1
C1083,R108,2025-07-16,產品推廣,1
C1083,R108,2025-08-04,產品推廣,1
C1083,R108,2025-07-15,產品推廣,0
C1083,R108,2025-08-14,關係維護,0
C1083,R108,2025-08-08,客訴處理,0
C1083,R108,2025-08-08,收款,0
C1083,R108,2025-08-15,關係維護,0
C1083,R108,2025-09-03,產品推廣,0
C1083,R108,2025-09-30,產品推廣,0
C1083,R108,2025-09-21,關係維護,0
C1083,R108,2025-11-01,產品推廣,0
C1083,R108,2025-10-16,產品推廣,0
C1083,R108,2025-10-09,客訴處理,1
C1083,R108,2025-10-12,客訴處理,0
C1083,R108,2025-10-10,關係維護,1
C1083,R108,2025-10-30,產品推廣,0
C1083,R108,2025-11-29,產品推廣,0
C1083,R108,2025-12-24,關係維護,1
C1083,R108,2025-12-10,關係維護,1
C1083,R108,2025-12-24,關係維護,1
C1083,R108,2025-12-11,產品推廣,1
C1083,R108,2026-01-24,產品推廣,0
C1083,R108,2026-01-05,關係維護,0
C1083,R108,2026-02-27,關係維護,1
C1083,R108,2026-02-13,客訴處理,0
C1083,R108,2026-02-04,關係維護,1
C1083,R108,2026-03-13,收款,1
C1083,R108,2026-03-16,收款,1
C1083,R108,2026-03-10,產品推廣,0
C1083,R108,2026-03-12,產品推廣,0
C1083,R108,2026-03-31,收款,1
C1083,R108,2026-04-23,關係維護,1
C1083,R108,2026-04-03,產品推廣,0
C1083,R108,2026-04-06,關係維護,0
C1083,R108,2026-05-16,產品推廣,1
C1083,R108,2026-05-12,關係維護,0
C1083,R108,2026-05-12,產品推廣,0
C1083,R108,2026-06-10,收款,0
C1083,R108,2026-07-02,產品推廣,0
C1084,R108,2025-03-28,產品推廣,0
C1084,R108,2025-05-08,產品推廣,0
C1084,R108,2025-05-19,關係維護,0
C1084,R108,2025-06-12,客訴處理,0
C1084,R108,2025-06-21,收款,0
C1084,R108,2025-08-04,產品推廣,0
C1084,R108,2025-08-13,關係維護,0
C1084,R108,2025-09-08,產品推廣,0
C1084,R108,2025-10-21,產品推廣,0
C1084,R108,2025-10-11,關係維護,0
C1084,R108,2025-10-05,產品推廣,0
C1084,R108,2025-11-04,產品推廣,0
C1084,R108,2025-12-09,產品推廣,0
C1084,R108,2025-12-26,產品推廣,0
C1084,R108,2025-12-30,產品推廣,0
C1084,R108,2025-12-21,產品推廣,0
C1084,R108,2026-01-29,收款,0
C1084,R108,2026-01-07,產品推廣,0
C1084,R108,2026-01-24,關係維護,0
C1084,R108,2026-01-20,客訴處理,0
C1084,R108,2026-01-18,產品推廣,0
C1084,R108,2026-01-19,產品推廣,0
C1084,R108,2026-02-26,收款,0
C1084,R108,2026-03-13,客訴處理,0
C1084,R108,2026-04-10,關係維護,0
C1084,R108,2026-04-15,產品推廣,0
C1084,R108,2026-06-02,收款,0
C1084,R108,2026-06-28,產品推廣,0
C1084,R108,2026-07-10,收款,0
C1085,R108,2025-03-02,產品推廣,0
C1085,R108,2025-05-27,產品推廣,0
C1085,R108,2025-05-31,產品推廣,0
C1085,R108,2025-07-17,收款,0
C1085,R108,2025-08-22,關係維護,0
C1085,R108,2025-08-17,產品推廣,0
C1085,R108,2025-10-27,產品推廣,0
C1085,R108,2025-10-19,產品推廣,0
C1085,R108,2025-11-11,產品推廣,0
C1085,R108,2026-02-24,產品推廣,0
C1085,R108,2026-07-16,關係維護,0
C1086,R111,2025-02-13,產品推廣,0
C1086,R111,2025-03-01,關係維護,0
C1086,R111,2025-02-12,關係維護,0
C1086,R111,2025-03-19,關係維護,0
C1086,R111,2025-03-12,產品推廣,0
C1086,R111,2025-04-19,產品推廣,0
C1086,R111,2025-05-26,產品推廣,0
C1086,R111,2025-06-14,產品推廣,0
C1086,R111,2025-06-10,關係維護,0
C1086,R111,2025-06-20,產品推廣,0
C1086,R111,2025-07-24,產品推廣,0
C1086,R111,2025-07-12,客訴處理,0
C1086,R111,2025-07-18,產品推廣,0
C1086,R111,2025-07-11,客訴處理,0
C1086,R111,2025-10-21,客訴處理,0
C1086,R111,2025-11-07,產品推廣,0
C1086,R111,2026-01-13,關係維護,0
C1086,R111,2026-02-04,產品推廣,0
C1086,R111,2026-02-25,關係維護,0
C1086,R111,2026-03-27,產品推廣,0
C1086,R111,2026-03-30,客訴處理,0
C1086,R111,2026-03-23,產品推廣,0
C1086,R111,2026-03-08,客訴處理,0
C1086,R111,2026-03-29,關係維護,0
C1086,R111,2026-04-08,關係維護,0
C1086,R111,2026-04-12,產品推廣,0
C1086,R111,2026-07-19,產品推廣,0
C1087,R102,2025-04-25,產品推廣,0
C1087,R102,2025-05-22,客訴處理,0
C1087,R102,2025-08-29,關係維護,0
C1087,R102,2025-12-02,關係維護,0
C1087,R102,2025-11-22,關係維護,0
C1087,R102,2026-03-01,客訴處理,0
C1087,R102,2026-03-23,產品推廣,0
C1087,R102,2026-04-29,關係維護,0
C1088,R101,2025-03-24,客訴處理,0
C1088,R101,2025-07-18,產品推廣,0
C1088,R101,2025-09-02,產品推廣,1
C1088,R101,2025-09-26,產品推廣,0
C1088,R101,2025-09-10,收款,1
C1088,R101,2025-10-17,收款,0
C1088,R101,2025-10-23,產品推廣,0
C1088,R101,2025-11-16,關係維護,0
C1088,R101,2026-02-15,產品推廣,0
C1088,R101,2026-07-10,產品推廣,0
C1089,R103,2025-02-24,產品推廣,1
C1089,R103,2025-03-20,產品推廣,0
C1089,R103,2025-04-12,產品推廣,0
C1089,R103,2025-05-22,產品推廣,0
C1089,R103,2025-07-05,產品推廣,0
C1089,R103,2025-06-21,產品推廣,0
C1089,R103,2025-06-17,產品推廣,0
C1089,R103,2025-07-18,客訴處理,0
C1089,R103,2025-07-29,產品推廣,0
C1089,R103,2025-08-28,關係維護,1
C1089,R103,2025-10-17,客訴處理,1
C1089,R103,2025-10-24,客訴處理,0
C1089,R103,2025-11-30,產品推廣,0
C1089,R103,2025-11-30,關係維護,1
C1089,R103,2025-12-07,客訴處理,0
C1089,R103,2025-12-30,收款,0
C1089,R103,2025-12-13,產品推廣,1
C1089,R103,2025-12-23,收款,1
C1089,R103,2026-01-06,收款,0
C1089,R103,2026-01-13,收款,0
C1089,R103,2026-04-22,收款,0
C1089,R103,2026-04-20,產品推廣,0
C1090,R105,2025-03-05,產品推廣,1
C1090,R105,2025-03-21,收款,0
C1090,R105,2025-05-22,客訴處理,1
C1090,R105,2025-05-28,客訴處理,1
C1090,R105,2025-05-19,產品推廣,0
C1090,R105,2025-06-13,收款,0
C1090,R105,2025-06-17,收款,0
C1090,R105,2025-06-16,產品推廣,0
C1090,R105,2025-06-10,產品推廣,0
C1090,R105,2025-07-25,產品推廣,1
C1090,R105,2025-08-12,產品推廣,1
C1090,R105,2025-08-09,產品推廣,0
C1090,R105,2025-08-26,產品推廣,0
C1090,R105,2025-09-10,產品推廣,0
C1090,R105,2025-09-10,產品推廣,0
C1090,R105,2025-09-18,產品推廣,0
C1090,R105,2025-10-06,產品推廣,0
C1090,R105,2025-10-13,關係維護,0
C1090,R105,2025-11-02,產品推廣,0
C1090,R105,2025-10-26,客訴處理,0
C1090,R105,2025-11-04,產品推廣,0
C1090,R105,2025-11-28,收款,0
C1090,R105,2025-11-12,關係維護,0
C1090,R105,2025-11-22,產品推廣,1
C1090,R105,2025-11-20,關係維護,0
C1090,R105,2026-01-14,產品推廣,1
C1090,R105,2026-03-06,產品推廣,1
C1090,R105,2026-04-03,產品推廣,0
C1090,R105,2026-06-28,產品推廣,0
C1090,R105,2026-07-20,關係維護,1
C1090,R105,2026-07-02,產品推廣,1
C1090,R105,2026-07-15,產品推廣,1
C1091,R102,2025-03-05,產品推廣,0
C1091,R102,2025-03-17,關係維護,0
C1091,R102,2025-04-21,關係維護,0
C1091,R102,2025-04-18,產品推廣,0
C1091,R102,2025-07-14,產品推廣,0
C1091,R102,2025-08-31,產品推廣,0
C1091,R102,2025-10-26,產品推廣,0
C1091,R102,2026-01-04,關係維護,0
C1091,R102,2026-02-12,關係維護,0
C1091,R102,2026-02-13,關係維護,0
C1091,R102,2026-05-13,關係維護,0
C1091,R102,2026-06-11,產品推廣,0
C1091,R102,2026-07-11,產品推廣,0
C1092,R117,2025-02-17,客訴處理,0
C1092,R117,2025-05-31,收款,1
C1092,R117,2025-06-19,關係維護,0
C1092,R117,2025-07-25,收款,0
C1092,R117,2025-09-24,產品推廣,0
C1092,R117,2025-10-20,關係維護,0
C1092,R117,2026-01-05,關係維護,0
C1092,R117,2026-02-23,產品推廣,0
C1092,R117,2026-02-17,產品推廣,1
C1092,R117,2026-02-10,產品推廣,0
C1092,R117,2026-02-16,產品推廣,1
C1092,R117,2026-04-17,關係維護,1
C1093,R102,2025-02-23,產品推廣,0
C1093,R102,2025-02-15,收款,0
C1093,R102,2025-02-07,客訴處理,0
C1093,R102,2025-02-16,關係維護,0
C1093,R102,2025-03-30,產品推廣,0
C1093,R102,2025-03-20,客訴處理,0
C1093,R102,2025-03-25,關係維護,0
C1093,R102,2025-04-06,產品推廣,0
C1093,R102,2025-05-04,產品推廣,0
C1093,R102,2025-06-08,產品推廣,0
C1093,R102,2025-06-30,關係維護,0
C1093,R102,2025-06-13,關係維護,0
C1093,R102,2025-07-30,產品推廣,0
C1093,R102,2025-07-27,關係維護,0
C1093,R102,2025-07-16,產品推廣,0
C1093,R102,2025-07-27,收款,0
C1093,R102,2025-08-17,關係維護,0
C1093,R102,2025-08-14,產品推廣,0
C1093,R102,2025-08-23,關係維護,0
C1093,R102,2025-09-24,關係維護,0
C1093,R102,2025-09-19,關係維護,0
C1093,R102,2025-09-07,客訴處理,0
C1093,R102,2025-09-14,產品推廣,0
C1093,R102,2025-09-27,產品推廣,0
C1093,R102,2025-10-06,產品推廣,0
C1093,R102,2025-10-05,產品推廣,0
C1093,R102,2025-11-30,產品推廣,0
C1093,R102,2025-11-08,關係維護,0
C1093,R102,2025-12-04,關係維護,0
C1093,R102,2025-12-19,收款,0
C1093,R102,2025-12-09,收款,0
C1093,R102,2025-12-04,關係維護,0
C1093,R102,2025-12-15,產品推廣,0
C1093,R102,2025-12-16,產品推廣,0
C1093,R102,2026-01-23,產品推廣,0
C1093,R102,2026-01-20,產品推廣,0
C1093,R102,2026-01-12,收款,0
C1093,R102,2026-01-07,產品推廣,0
C1093,R102,2026-01-22,收款,0
C1093,R102,2026-01-27,產品推廣,0
C1093,R102,2026-01-28,關係維護,0
C1093,R102,2026-02-17,關係維護,0
C1093,R102,2026-03-22,客訴處理,0
C1093,R102,2026-03-04,關係維護,0
C1093,R102,2026-03-08,收款,0
C1093,R102,2026-03-22,客訴處理,0
C1093,R102,2026-03-23,產品推廣,0
C1093,R102,2026-03-18,客訴處理,0
C1093,R102,2026-04-11,關係維護,0
C1093,R102,2026-04-13,產品推廣,0
C1093,R102,2026-04-19,關係維護,0
C1093,R102,2026-04-30,產品推廣,0
C1093,R102,2026-05-18,關係維護,0
C1093,R102,2026-05-28,關係維護,0
C1093,R102,2026-05-07,產品推廣,0
C1093,R102,2026-06-28,產品推廣,0
C1093,R102,2026-06-27,客訴處理,0
C1093,R102,2026-06-28,產品推廣,0
C1093,R102,2026-06-08,關係維護,0
C1093,R102,2026-07-12,產品推廣,0
C1093,R102,2026-07-26,客訴處理,0
C1093,R102,2026-07-02,產品推廣,0
C1093,R102,2026-07-20,產品推廣,0
C1093,R102,2026-07-10,產品推廣,0
C1094,R117,2025-03-04,產品推廣,0
C1094,R117,2025-02-13,關係維護,0
C1094,R117,2025-03-10,產品推廣,1
C1094,R117,2025-03-29,產品推廣,0
C1094,R117,2025-05-06,產品推廣,1
C1094,R117,2025-05-05,產品推廣,1
C1094,R117,2025-04-09,產品推廣,1
C1094,R117,2025-04-20,關係維護,0
C1094,R117,2025-06-24,收款,1
C1094,R117,2025-06-25,收款,0
C1094,R117,2025-07-12,關係維護,1
C1094,R117,2025-07-22,產品推廣,0
C1094,R117,2025-07-26,產品推廣,0
C1094,R117,2025-07-10,產品推廣,0
C1094,R117,2025-08-14,產品推廣,0
C1094,R117,2025-08-26,收款,0
C1094,R117,2025-09-09,客訴處理,0
C1094,R117,2025-09-27,產品推廣,1
C1094,R117,2025-09-24,產品推廣,1
C1094,R117,2025-11-24,關係維護,1
C1094,R117,2025-11-23,收款,1
C1094,R117,2025-12-30,產品推廣,0
C1094,R117,2026-01-11,收款,1
C1094,R117,2026-01-26,產品推廣,1
C1094,R117,2026-01-07,關係維護,1
C1094,R117,2026-02-14,客訴處理,1
C1094,R117,2026-03-09,客訴處理,0
C1094,R117,2026-05-24,收款,0
C1094,R117,2026-07-21,產品推廣,0
C1095,R109,2025-04-08,關係維護,1
C1095,R109,2025-05-23,產品推廣,0
C1095,R109,2025-11-27,產品推廣,0
C1095,R109,2025-12-20,收款,0
C1095,R109,2025-12-20,產品推廣,0
C1095,R109,2026-01-08,產品推廣,0
C1095,R109,2026-04-23,收款,0
C1096,R108,2025-02-11,關係維護,0
C1096,R108,2025-02-26,產品推廣,0
C1096,R108,2025-03-29,關係維護,0
C1096,R108,2025-03-31,收款,0
C1096,R108,2025-03-23,產品推廣,0
C1096,R108,2025-04-05,客訴處理,0
C1096,R108,2025-05-14,收款,0
C1096,R108,2025-06-27,產品推廣,0
C1096,R108,2025-06-21,產品推廣,0
C1096,R108,2025-07-10,關係維護,0
C1096,R108,2025-08-08,關係維護,0
C1096,R108,2025-08-14,關係維護,0
C1096,R108,2025-09-13,產品推廣,0
C1096,R108,2025-10-12,收款,0
C1096,R108,2025-10-30,收款,0
C1096,R108,2025-10-06,關係維護,0
C1096,R108,2025-11-29,關係維護,0
C1096,R108,2025-11-28,產品推廣,0
C1096,R108,2025-11-08,產品推廣,0
C1096,R108,2026-01-17,關係維護,0
C1096,R108,2026-01-25,產品推廣,0
C1096,R108,2026-01-06,關係維護,0
C1096,R108,2026-01-17,收款,0
C1096,R108,2026-02-28,產品推廣,0
C1096,R108,2026-04-19,產品推廣,0
C1096,R108,2026-05-27,客訴處理,0
C1096,R108,2026-05-16,產品推廣,0
C1096,R108,2026-05-20,關係維護,0
C1096,R108,2026-06-25,產品推廣,0
C1096,R108,2026-06-29,收款,0
C1096,R108,2026-07-02,產品推廣,0
C1096,R108,2026-07-19,產品推廣,0
C1096,R108,2026-07-18,產品推廣,0
C1097,R108,2025-02-26,產品推廣,0
C1097,R108,2025-02-18,關係維護,0
C1097,R108,2025-02-27,收款,0
C1097,R108,2025-03-09,關係維護,0
C1097,R108,2025-03-29,產品推廣,0
C1097,R108,2025-05-22,關係維護,0
C1097,R108,2025-09-18,產品推廣,0
C1097,R108,2025-11-11,產品推廣,0
C1097,R108,2025-11-05,收款,0
C1097,R108,2026-02-27,關係維護,0
C1097,R108,2026-03-10,產品推廣,0
C1097,R108,2026-03-22,關係維護,0
C1097,R108,2026-03-06,收款,0
C1097,R108,2026-04-07,關係維護,0
C1097,R108,2026-05-30,產品推廣,0
C1097,R108,2026-07-13,收款,0
C1097,R108,2026-07-06,收款,0
C1097,R108,2026-07-29,收款,0
C1098,R102,2025-03-04,關係維護,0
C1098,R102,2025-02-19,收款,0
C1098,R102,2025-03-15,產品推廣,0
C1098,R102,2025-03-31,關係維護,0
C1098,R102,2025-04-10,收款,0
C1098,R102,2025-04-15,收款,0
C1098,R102,2025-05-22,產品推廣,0
C1098,R102,2025-06-04,關係維護,0
C1098,R102,2025-05-30,產品推廣,0
C1098,R102,2025-06-01,產品推廣,0
C1098,R102,2025-05-29,產品推廣,0
C1098,R102,2025-06-16,產品推廣,0
C1098,R102,2025-06-10,產品推廣,0
C1098,R102,2025-07-22,收款,0
C1098,R102,2025-07-30,產品推廣,0
C1098,R102,2025-07-25,收款,0
C1098,R102,2025-07-30,產品推廣,0
C1098,R102,2025-07-19,關係維護,0
C1098,R102,2025-08-29,關係維護,0
C1098,R102,2025-08-17,客訴處理,0
C1098,R102,2025-08-15,客訴處理,0
C1098,R102,2025-08-23,產品推廣,0
C1098,R102,2025-08-30,收款,0
C1098,R102,2025-09-11,產品推廣,0
C1098,R102,2025-11-01,客訴處理,0
C1098,R102,2025-12-29,產品推廣,0
C1098,R102,2026-01-26,產品推廣,0
C1098,R102,2026-01-05,產品推廣,0
C1098,R102,2026-02-10,產品推廣,0
C1098,R102,2026-02-24,產品推廣,0
C1098,R102,2026-04-01,收款,0
C1098,R102,2026-03-13,收款,0
C1098,R102,2026-04-29,產品推廣,0
C1098,R102,2026-05-30,產品推廣,0
C1098,R102,2026-07-20,產品推廣,0
C1098,R102,2026-07-11,產品推廣,0
C1098,R102,2026-07-26,產品推廣,0
C1098,R102,2026-07-09,產品推廣,0
C1098,R102,2026-07-06,客訴處理,0
C1099,R111,2025-02-27,關係維護,0
C1099,R111,2025-05-05,收款,0
C1099,R111,2025-07-02,關係維護,0
C1099,R111,2025-09-18,產品推廣,0
C1099,R111,2025-11-01,收款,0
C1099,R111,2025-11-29,產品推廣,0
C1099,R111,2025-11-25,關係維護,0
C1099,R111,2026-05-10,關係維護,0
C1099,R111,2026-05-17,產品推廣,0
C1099,R111,2026-06-18,客訴處理,0
C1099,R111,2026-06-28,產品推廣,0
C1100,R108,2025-04-01,產品推廣,1
C1100,R108,2025-03-10,關係維護,0
C1100,R108,2025-05-03,產品推廣,0
C1100,R108,2025-04-15,產品推廣,1
C1100,R108,2025-06-17,產品推廣,0
C1100,R108,2025-07-02,產品推廣,0
C1100,R108,2025-08-24,產品推廣,1
C1100,R108,2025-09-16,產品推廣,0
C1100,R108,2025-10-27,產品推廣,0
C1100,R108,2025-12-27,產品推廣,0
C1100,R108,2026-02-15,收款,1
C1100,R108,2026-02-13,產品推廣,0
C1100,R108,2026-04-21,客訴處理,1
C1100,R108,2026-05-13,產品推廣,0
C1101,R105,2025-02-16,收款,0
C1101,R105,2025-02-07,產品推廣,0
C1101,R105,2025-02-09,關係維護,0
C1101,R105,2025-02-25,產品推廣,0
C1101,R105,2025-02-11,產品推廣,0
C1101,R105,2025-03-19,產品推廣,0
C1101,R105,2025-04-04,關係維護,0
C1101,R105,2025-04-25,產品推廣,0
C1101,R105,2025-04-23,關係維護,0
C1101,R105,2025-05-12,關係維護,0
C1101,R105,2025-05-11,產品推廣,0
C1101,R105,2025-06-29,客訴處理,0
C1101,R105,2025-07-03,產品推廣,0
C1101,R105,2025-07-30,收款,0
C1101,R105,2025-08-03,產品推廣,0
C1101,R105,2025-07-21,產品推廣,0
C1101,R105,2025-07-14,客訴處理,0
C1101,R105,2025-08-04,關係維護,0
C1101,R105,2025-08-30,產品推廣,0
C1101,R105,2025-08-11,關係維護,0
C1101,R105,2025-08-27,客訴處理,0
C1101,R105,2025-08-13,產品推廣,0
C1101,R105,2025-08-20,收款,0
C1101,R105,2025-09-03,收款,0
C1101,R105,2025-08-20,收款,0
C1101,R105,2025-09-26,客訴處理,0
C1101,R105,2025-09-23,產品推廣,0
C1101,R105,2025-10-05,產品推廣,0
C1101,R105,2025-11-05,產品推廣,0
C1101,R105,2025-11-13,產品推廣,0
C1101,R105,2025-12-01,產品推廣,0
C1101,R105,2025-11-19,客訴處理,0
C1101,R105,2025-11-21,產品推廣,0
C1101,R105,2025-12-01,產品推廣,0
C1101,R105,2025-11-05,產品推廣,0
C1101,R105,2025-12-31,產品推廣,0
C1101,R105,2026-01-21,關係維護,0
C1101,R105,2026-01-19,關係維護,0
C1101,R105,2026-02-22,客訴處理,0
C1101,R105,2026-02-14,產品推廣,0
C1101,R105,2026-02-12,產品推廣,0
C1101,R105,2026-03-05,關係維護,0
C1101,R105,2026-03-23,產品推廣,0
C1101,R105,2026-04-03,收款,0
C1101,R105,2026-04-23,產品推廣,0
C1101,R105,2026-05-01,客訴處理,0
C1101,R105,2026-05-13,關係維護,0
C1101,R105,2026-05-12,關係維護,0
C1101,R105,2026-05-12,產品推廣,0
C1101,R105,2026-05-18,關係維護,0
C1101,R105,2026-05-17,關係維護,0
C1101,R105,2026-06-07,收款,0
C1101,R105,2026-07-30,產品推廣,0
C1101,R105,2026-07-09,關係維護,0
C1101,R105,2026-07-14,關係維護,0
C1101,R105,2026-07-19,收款,0
C1102,R102,2025-04-08,收款,1
C1102,R102,2025-04-18,產品推廣,0
C1102,R102,2025-04-16,產品推廣,0
C1102,R102,2025-06-17,產品推廣,1
C1102,R102,2025-09-09,關係維護,1
C1102,R102,2025-09-23,收款,1
C1102,R102,2025-11-04,產品推廣,0
C1102,R102,2025-11-22,產品推廣,0
C1102,R102,2025-11-17,產品推廣,1
C1102,R102,2025-12-02,產品推廣,1
C1102,R102,2025-12-10,客訴處理,0
C1102,R102,2026-01-01,產品推廣,0
C1102,R102,2026-03-01,關係維護,0
C1103,R105,2025-02-13,關係維護,0
C1103,R105,2025-02-08,產品推廣,0
C1103,R105,2025-02-17,關係維護,0
C1103,R105,2025-03-03,產品推廣,0
C1103,R105,2025-03-10,關係維護,0
C1103,R105,2025-05-04,產品推廣,0
C1103,R105,2025-04-19,收款,0
C1103,R105,2025-05-02,關係維護,0
C1103,R105,2025-06-08,產品推廣,0
C1103,R105,2025-06-28,關係維護,0
C1103,R105,2025-09-02,關係維護,0
C1103,R105,2025-08-18,關係維護,0
C1103,R105,2025-09-26,產品推廣,0
C1103,R105,2025-09-26,收款,0
C1103,R105,2025-12-23,關係維護,0
C1103,R105,2025-12-20,關係維護,0
C1103,R105,2026-01-18,關係維護,0
C1103,R105,2026-02-20,客訴處理,0
C1103,R105,2026-02-22,產品推廣,0
C1103,R105,2026-02-28,收款,0
C1103,R105,2026-03-27,產品推廣,0
C1103,R105,2026-03-15,產品推廣,0
C1103,R105,2026-03-28,關係維護,0
C1103,R105,2026-03-21,產品推廣,0
C1103,R105,2026-03-21,產品推廣,0
C1103,R105,2026-04-05,關係維護,0
C1103,R105,2026-04-24,產品推廣,0
C1103,R105,2026-04-08,關係維護,0
C1103,R105,2026-05-06,收款,0
C1103,R105,2026-06-24,產品推廣,0
C1103,R105,2026-06-11,收款,0
C1103,R105,2026-06-22,產品推廣,0
C1104,R114,2025-03-27,產品推廣,0
C1104,R114,2025-05-01,關係維護,0
C1104,R114,2025-04-18,產品推廣,0
C1104,R114,2025-06-04,關係維護,0
C1104,R114,2025-05-25,產品推廣,0
C1104,R114,2025-07-04,產品推廣,0
C1104,R114,2025-07-11,產品推廣,0
C1104,R114,2025-09-01,收款,0
C1104,R114,2025-11-21,產品推廣,0
C1104,R114,2025-12-06,收款,0
C1104,R114,2025-12-18,產品推廣,0
C1104,R114,2025-12-05,產品推廣,0
C1104,R114,2026-03-05,客訴處理,0
C1104,R114,2026-04-28,收款,0
C1104,R114,2026-05-24,產品推廣,0
C1104,R114,2026-06-02,產品推廣,0
C1104,R114,2026-06-17,關係維護,0
C1105,R108,2025-03-07,產品推廣,0
C1105,R108,2025-02-22,產品推廣,0
C1105,R108,2025-04-28,關係維護,0
C1105,R108,2025-04-19,產品推廣,0
C1105,R108,2025-05-22,收款,0
C1105,R108,2025-05-14,收款,0
C1105,R108,2025-05-26,收款,0
C1105,R108,2025-06-15,收款,0
C1105,R108,2025-07-29,產品推廣,0
C1105,R108,2025-07-07,收款,0
C1105,R108,2025-07-29,產品推廣,0
C1105,R108,2025-08-08,產品推廣,0
C1105,R108,2025-08-10,關係維護,0
C1105,R108,2025-09-01,收款,0
C1105,R108,2025-09-07,關係維護,0
C1105,R108,2025-09-25,產品推廣,0
C1105,R108,2025-10-02,產品推廣,0
C1105,R108,2025-09-26,客訴處理,0
C1105,R108,2025-10-14,產品推廣,0
C1105,R108,2025-10-15,收款,0
C1105,R108,2025-11-20,產品推廣,0
C1105,R108,2025-11-20,產品推廣,0
C1105,R108,2025-12-10,產品推廣,0
C1105,R108,2026-01-01,產品推廣,0
C1105,R108,2025-12-07,客訴處理,0
C1105,R108,2026-01-17,收款,0
C1105,R108,2026-03-01,客訴處理,0
C1105,R108,2026-02-21,客訴處理,0
C1105,R108,2026-04-12,產品推廣,0
C1105,R108,2026-04-15,關係維護,0
C1105,R108,2026-04-16,關係維護,0
C1105,R108,2026-06-16,關係維護,0
C1105,R108,2026-06-18,產品推廣,0
C1105,R108,2026-06-20,產品推廣,0
C1105,R108,2026-06-23,關係維護,0
C1106,R115,2025-03-06,產品推廣,0
C1106,R115,2025-09-21,客訴處理,0
C1106,R115,2025-11-17,產品推廣,0
C1106,R115,2026-01-17,產品推廣,0
C1106,R115,2026-01-20,關係維護,0
C1106,R115,2026-02-04,客訴處理,0
C1106,R115,2026-03-19,產品推廣,0
C1106,R115,2026-06-24,產品推廣,0
C1106,R115,2026-07-02,產品推廣,0
C1107,R105,2025-03-22,產品推廣,0
C1107,R105,2025-04-28,產品推廣,0
C1107,R105,2025-04-08,關係維護,0
C1107,R105,2025-05-04,關係維護,0
C1107,R105,2025-07-04,產品推廣,1
C1107,R105,2025-07-02,關係維護,0
C1107,R105,2025-06-18,產品推廣,0
C1107,R105,2025-07-10,客訴處理,0
C1107,R105,2025-08-01,產品推廣,0
C1107,R105,2025-07-26,收款,1
C1107,R105,2025-07-18,收款,0
C1107,R105,2025-07-07,產品推廣,0
C1107,R105,2025-07-13,產品推廣,0
C1107,R105,2025-09-03,產品推廣,0
C1107,R105,2025-09-19,客訴處理,1
C1107,R105,2025-09-09,產品推廣,0
C1107,R105,2025-11-11,產品推廣,1
C1107,R105,2025-11-30,產品推廣,0
C1107,R105,2025-11-07,客訴處理,0
C1107,R105,2025-12-26,關係維護,0
C1107,R105,2026-01-01,產品推廣,0
C1107,R105,2025-12-18,產品推廣,1
C1107,R105,2026-01-01,產品推廣,0
C1107,R105,2025-12-20,收款,0
C1107,R105,2026-01-31,客訴處理,0
C1107,R105,2026-02-11,關係維護,0
C1107,R105,2026-02-25,客訴處理,0
C1107,R105,2026-03-24,關係維護,0
C1107,R105,2026-05-05,產品推廣,0
C1107,R105,2026-05-14,關係維護,0
C1108,R109,2025-02-26,關係維護,0
C1108,R109,2025-03-12,產品推廣,0
C1108,R109,2025-07-20,產品推廣,0
C1108,R109,2025-07-30,產品推廣,0
C1108,R109,2025-10-12,產品推廣,0
C1108,R109,2025-11-18,關係維護,0
C1108,R109,2026-01-24,產品推廣,0
C1108,R109,2026-03-15,產品推廣,0
C1109,R107,2025-04-01,收款,0
C1109,R107,2025-04-12,客訴處理,0
C1109,R107,2025-05-29,產品推廣,1
C1109,R107,2025-06-14,客訴處理,1
C1109,R107,2025-06-20,產品推廣,0
C1109,R107,2025-07-19,產品推廣,1
C1109,R107,2025-10-22,產品推廣,0
C1109,R107,2025-11-14,關係維護,0
C1109,R107,2025-11-10,關係維護,1
C1109,R107,2025-12-14,關係維護,0
C1109,R107,2025-12-26,關係維護,1
C1109,R107,2025-12-12,客訴處理,0
C1109,R107,2026-01-28,產品推廣,0
C1109,R107,2026-01-27,產品推廣,1
C1109,R107,2026-01-22,客訴處理,1
C1109,R107,2026-02-23,關係維護,0
C1109,R107,2026-03-26,關係維護,1
C1109,R107,2026-03-21,收款,1
C1109,R107,2026-04-18,產品推廣,1
C1109,R107,2026-04-18,產品推廣,0
C1109,R107,2026-06-22,產品推廣,0
C1110,R107,2025-03-03,收款,0
C1110,R107,2025-03-17,收款,0
C1110,R107,2025-03-27,產品推廣,0
C1110,R107,2025-05-05,產品推廣,0
C1110,R107,2025-05-03,關係維護,0
C1110,R107,2025-06-09,關係維護,0
C1110,R107,2025-06-16,關係維護,0
C1110,R107,2025-07-15,產品推廣,0
C1110,R107,2025-09-19,產品推廣,0
C1110,R107,2025-09-06,收款,0
C1110,R107,2025-09-17,產品推廣,0
C1110,R107,2025-09-22,收款,0
C1110,R107,2025-10-07,產品推廣,0
C1110,R107,2025-10-22,產品推廣,0
C1110,R107,2025-10-19,客訴處理,0
C1110,R107,2025-10-29,產品推廣,0
C1110,R107,2025-11-15,產品推廣,0
C1110,R107,2025-12-29,產品推廣,0
C1110,R107,2025-12-30,產品推廣,0
C1110,R107,2025-12-27,產品推廣,0
C1110,R107,2026-01-25,產品推廣,0
C1110,R107,2026-02-15,產品推廣,0
C1110,R107,2026-02-15,產品推廣,0
C1110,R107,2026-02-25,關係維護,0
C1110,R107,2026-04-23,產品推廣,0
C1110,R107,2026-04-10,產品推廣,0
C1110,R107,2026-05-25,產品推廣,0
C1110,R107,2026-05-04,產品推廣,0
C1110,R107,2026-06-11,產品推廣,0
C1110,R107,2026-07-18,產品推廣,0
C1110,R107,2026-07-12,關係維護,0
C1110,R107,2026-07-24,客訴處理,0
C1111,R102,2025-05-31,產品推廣,0
C1111,R102,2025-08-22,產品推廣,0
C1111,R102,2025-09-05,產品推廣,0
C1111,R102,2025-09-24,產品推廣,1
C1111,R102,2026-02-26,關係維護,1
C1111,R102,2026-02-16,關係維護,0
C1111,R102,2026-05-25,關係維護,1
C1111,R102,2026-07-16,收款,1
C1111,R102,2026-07-26,產品推廣,0
C1111,R102,2026-07-17,收款,0
C1112,R110,2025-02-13,產品推廣,0
C1112,R110,2025-03-10,產品推廣,0
C1112,R110,2025-04-10,產品推廣,0
C1112,R110,2025-06-01,產品推廣,0
C1112,R110,2025-05-17,產品推廣,0
C1112,R110,2025-06-30,產品推廣,0
C1112,R110,2025-07-14,產品推廣,0
C1112,R110,2025-09-09,產品推廣,0
C1112,R110,2025-10-19,產品推廣,0
C1112,R110,2025-11-30,關係維護,0
C1112,R110,2025-11-23,收款,0
C1112,R110,2025-11-15,客訴處理,0
C1112,R110,2025-12-26,產品推廣,0
C1112,R110,2026-02-23,收款,0
C1112,R110,2026-06-19,收款,0
C1112,R110,2026-06-16,產品推廣,0
C1112,R110,2026-07-04,收款,0
C1112,R110,2026-07-12,客訴處理,0
C1112,R110,2026-07-05,產品推廣,0
C1113,R105,2025-02-18,關係維護,0
C1113,R105,2025-04-25,關係維護,0
C1113,R105,2025-04-24,產品推廣,0
C1113,R105,2025-05-17,關係維護,0
C1113,R105,2025-07-04,關係維護,0
C1113,R105,2025-06-14,關係維護,0
C1113,R105,2025-06-29,收款,1
C1113,R105,2025-07-31,收款,0
C1113,R105,2025-08-04,產品推廣,0
C1113,R105,2025-07-16,產品推廣,1
C1113,R105,2025-07-16,產品推廣,1
C1113,R105,2025-07-08,關係維護,1
C1113,R105,2025-07-07,產品推廣,1
C1113,R105,2025-09-09,關係維護,1
C1113,R105,2025-10-22,關係維護,0
C1113,R105,2025-10-30,關係維護,0
C1113,R105,2025-11-17,關係維護,0
C1113,R105,2025-11-06,產品推廣,0
C1113,R105,2025-12-14,產品推廣,1
C1113,R105,2026-01-03,關係維護,0
C1113,R105,2026-01-13,關係維護,0
C1113,R105,2026-02-27,產品推廣,0
C1113,R105,2026-02-25,關係維護,0
C1113,R105,2026-03-12,產品推廣,0
C1113,R105,2026-04-07,產品推廣,0
C1113,R105,2026-05-27,關係維護,1
C1113,R105,2026-06-10,關係維護,0
C1113,R105,2026-06-04,產品推廣,0
C1113,R105,2026-06-03,產品推廣,0
C1113,R105,2026-07-26,產品推廣,1
C1114,R105,2025-02-12,產品推廣,0
C1114,R105,2025-03-23,產品推廣,0
C1114,R105,2025-06-05,收款,0
C1114,R105,2025-06-11,產品推廣,0
C1114,R105,2025-07-28,產品推廣,0
C1114,R105,2025-08-12,關係維護,0
C1114,R105,2025-10-15,收款,0
C1114,R105,2025-10-18,產品推廣,0
C1114,R105,2026-01-28,關係維護,0
C1114,R105,2026-01-03,產品推廣,0
C1114,R105,2026-02-28,關係維護,0
C1114,R105,2026-03-31,產品推廣,0
C1114,R105,2026-05-16,收款,0
C1114,R105,2026-05-12,客訴處理,0
C1114,R105,2026-06-14,產品推廣,0
C1114,R105,2026-06-14,產品推廣,0
C1114,R105,2026-06-02,產品推廣,0
C1115,R108,2025-03-03,客訴處理,0
C1115,R108,2025-02-21,收款,0
C1115,R108,2025-02-19,產品推廣,0
C1115,R108,2025-02-27,產品推廣,1
C1115,R108,2025-02-23,關係維護,0
C1115,R108,2025-03-31,關係維護,0
C1115,R108,2025-04-03,產品推廣,0
C1115,R108,2025-03-14,客訴處理,1
C1115,R108,2025-04-13,產品推廣,1
C1115,R108,2025-04-28,產品推廣,1
C1115,R108,2025-05-24,收款,0
C1115,R108,2025-06-05,關係維護,0
C1115,R108,2025-05-23,關係維護,0
C1115,R108,2025-07-19,客訴處理,0
C1115,R108,2025-08-01,產品推廣,1
C1115,R108,2025-07-27,產品推廣,0
C1115,R108,2025-07-28,產品推廣,0
C1115,R108,2025-08-10,關係維護,0
C1115,R108,2025-08-27,產品推廣,0
C1115,R108,2025-08-29,產品推廣,1
C1115,R108,2025-08-31,關係維護,0
C1115,R108,2025-08-31,產品推廣,0
C1115,R108,2025-09-26,客訴處理,1
C1115,R108,2025-09-18,產品推廣,0
C1115,R108,2025-09-23,產品推廣,0
C1115,R108,2025-09-23,產品推廣,0
C1115,R108,2025-10-05,產品推廣,1
C1115,R108,2025-10-19,關係維護,1
C1115,R108,2025-10-20,收款,1
C1115,R108,2025-10-10,收款,1
C1115,R108,2025-12-02,關係維護,1
C1115,R108,2025-11-26,產品推廣,1
C1115,R108,2025-12-01,產品推廣,1
C1115,R108,2025-12-20,產品推廣,0
C1115,R108,2025-12-10,產品推廣,1
C1115,R108,2026-01-03,產品推廣,0
C1115,R108,2026-01-14,客訴處理,0
C1115,R108,2026-02-21,產品推廣,0
C1115,R108,2026-03-23,關係維護,0
C1115,R108,2026-03-31,產品推廣,0
C1115,R108,2026-03-16,產品推廣,0
C1115,R108,2026-04-04,客訴處理,0
C1115,R108,2026-06-24,產品推廣,0
C1115,R108,2026-06-14,產品推廣,0
C1115,R108,2026-07-11,產品推廣,1
C1115,R108,2026-07-26,產品推廣,1
C1115,R108,2026-07-09,關係維護,0
C1116,R100,2025-05-17,產品推廣,0
C1116,R100,2025-05-19,產品推廣,0
C1116,R100,2025-07-02,產品推廣,0
C1116,R100,2025-07-31,關係維護,0
C1116,R100,2025-08-30,產品推廣,0
C1116,R100,2025-08-18,產品推廣,0
C1116,R100,2025-09-27,關係維護,0
C1116,R100,2025-11-27,關係維護,0
C1116,R100,2026-02-18,收款,0
C1116,R100,2026-02-27,產品推廣,0
C1116,R100,2026-03-16,產品推廣,0
C1116,R100,2026-03-09,產品推廣,0
C1116,R100,2026-06-28,產品推廣,0
C1116,R100,2026-06-25,產品推廣,0
C1117,R111,2025-06-25,客訴處理,0
C1117,R111,2025-07-07,產品推廣,0
C1117,R111,2025-07-30,產品推廣,0
C1117,R111,2025-07-12,關係維護,0
C1117,R111,2025-08-03,關係維護,0
C1117,R111,2025-08-14,產品推廣,0
C1117,R111,2025-08-12,關係維護,0
C1117,R111,2025-09-07,產品推廣,0
C1117,R111,2025-10-07,收款,0
C1117,R111,2025-11-19,產品推廣,0
C1117,R111,2025-12-26,產品推廣,0
C1117,R111,2025-12-28,產品推廣,0
C1117,R111,2026-02-11,產品推廣,0
C1117,R111,2026-02-20,產品推廣,0
C1117,R111,2026-04-19,產品推廣,0
C1117,R111,2026-04-22,產品推廣,0
C1117,R111,2026-04-18,產品推廣,0
C1117,R111,2026-06-27,關係維護,0
C1117,R111,2026-06-09,產品推廣,0
C1117,R111,2026-06-05,關係維護,0
C1117,R111,2026-06-30,收款,0
C1117,R111,2026-06-24,關係維護,0
C1117,R111,2026-06-28,關係維護,0
C1117,R111,2026-07-25,產品推廣,0
C1117,R111,2026-07-30,收款,0
C1118,R101,2025-02-19,收款,1
C1118,R101,2025-03-18,收款,1
C1118,R101,2025-03-12,產品推廣,0
C1118,R101,2025-04-30,產品推廣,1
C1118,R101,2025-05-02,關係維護,1
C1118,R101,2025-05-30,產品推廣,0
C1118,R101,2025-06-26,產品推廣,0
C1118,R101,2025-06-22,關係維護,0
C1118,R101,2025-06-17,產品推廣,1
C1118,R101,2025-07-11,關係維護,1
C1118,R101,2025-08-01,收款,1
C1118,R101,2025-07-26,產品推廣,0
C1118,R101,2025-07-24,關係維護,0
C1118,R101,2025-09-08,產品推廣,1
C1118,R101,2025-12-01,產品推廣,0
C1118,R101,2026-02-23,產品推廣,0
C1118,R101,2026-03-16,關係維護,0
C1118,R101,2026-05-10,產品推廣,0
C1118,R101,2026-06-23,收款,1
C1118,R101,2026-06-03,產品推廣,0
C1118,R101,2026-07-26,產品推廣,0
C1119,R113,2025-04-14,產品推廣,0
C1119,R113,2025-06-01,產品推廣,1
C1119,R113,2025-07-10,關係維護,1
C1119,R113,2025-08-17,產品推廣,0
C1119,R113,2025-09-27,關係維護,1
C1119,R113,2025-10-24,關係維護,1
C1119,R113,2025-10-20,產品推廣,1
C1119,R113,2025-10-26,產品推廣,0
C1119,R113,2025-11-27,產品推廣,1
C1119,R113,2025-12-15,產品推廣,0
C1119,R113,2026-02-18,產品推廣,1
C1119,R113,2026-03-27,產品推廣,0
C1119,R113,2026-03-11,收款,0
C1119,R113,2026-05-12,關係維護,0
C1120,R108,2025-02-10,產品推廣,0
C1120,R108,2025-06-22,收款,0
C1120,R108,2025-06-17,產品推廣,1
C1120,R108,2025-08-28,關係維護,0
C1120,R108,2025-11-22,產品推廣,0
C1120,R108,2025-12-16,產品推廣,0
C1120,R108,2025-12-20,產品推廣,1
C1120,R108,2026-02-11,關係維護,1
C1120,R108,2026-05-01,收款,1
C1120,R108,2026-05-12,關係維護,0
C1121,R112,2025-02-11,關係維護,0
C1121,R112,2025-03-13,關係維護,0
C1121,R112,2025-04-03,產品推廣,0
C1121,R112,2025-05-29,產品推廣,0
C1121,R112,2025-05-23,產品推廣,0
C1121,R112,2025-05-13,客訴處理,0
C1121,R112,2025-06-09,產品推廣,0
C1121,R112,2025-06-24,客訴處理,0
C1121,R112,2025-07-18,關係維護,0
C1121,R112,2025-08-30,產品推廣,0
C1121,R112,2025-08-17,客訴處理,0
C1121,R112,2025-08-22,產品推廣,0
C1121,R112,2025-09-21,產品推廣,0
C1121,R112,2025-09-11,收款,0
C1121,R112,2025-09-24,產品推廣,0
C1121,R112,2025-10-31,收款,0
C1121,R112,2025-10-19,產品推廣,0
C1121,R112,2025-11-06,產品推廣,0
C1121,R112,2025-11-04,關係維護,0
C1121,R112,2025-11-14,關係維護,0
C1121,R112,2025-11-21,產品推廣,0
C1121,R112,2026-01-01,產品推廣,0
C1121,R112,2026-01-16,產品推廣,0
C1121,R112,2026-01-04,客訴處理,0
C1121,R112,2026-02-08,關係維護,0
C1121,R112,2026-03-29,關係維護,0
C1121,R112,2026-03-22,關係維護,0
C1121,R112,2026-04-16,關係維護,0
C1121,R112,2026-05-16,產品推廣,0
C1121,R112,2026-05-25,關係維護,0
C1121,R112,2026-06-27,關係維護,0
C1121,R112,2026-07-12,產品推廣,0
C1121,R112,2026-07-14,產品推廣,0
C1121,R112,2026-07-14,產品推廣,0
C1121,R112,2026-07-05,收款,0
C1121,R112,2026-07-23,產品推廣,0
C1122,R101,2025-02-17,產品推廣,0
C1122,R101,2025-02-27,關係維護,0
C1122,R101,2025-04-01,產品推廣,0
C1122,R101,2025-03-13,客訴處理,0
C1122,R101,2025-03-21,產品推廣,0
C1122,R101,2025-04-05,產品推廣,0
C1122,R101,2025-03-15,產品推廣,0
C1122,R101,2025-05-17,產品推廣,0
C1122,R101,2025-05-11,產品推廣,0
C1122,R101,2025-06-15,產品推廣,0
C1122,R101,2025-06-22,產品推廣,0
C1122,R101,2025-08-24,關係維護,0
C1122,R101,2025-08-16,產品推廣,0
C1122,R101,2025-09-27,關係維護,0
C1122,R101,2025-09-20,產品推廣,0
C1122,R101,2025-11-20,關係維護,0
C1122,R101,2025-11-25,產品推廣,0
C1122,R101,2025-11-14,客訴處理,0
C1122,R101,2025-11-19,產品推廣,0
C1122,R101,2025-11-15,產品推廣,0
C1122,R101,2025-11-14,關係維護,0
C1122,R101,2025-12-30,關係維護,0
C1122,R101,2025-12-10,產品推廣,0
C1122,R101,2026-01-08,產品推廣,0
C1122,R101,2026-01-12,關係維護,0
C1122,R101,2026-03-11,產品推廣,0
C1122,R101,2026-03-06,客訴處理,0
C1122,R101,2026-03-27,產品推廣,0
C1122,R101,2026-04-26,關係維護,0
C1122,R101,2026-04-07,產品推廣,0
C1122,R101,2026-05-08,關係維護,0
C1122,R101,2026-05-21,產品推廣,0
C1122,R101,2026-05-31,收款,0
C1122,R101,2026-06-14,產品推廣,0
C1122,R101,2026-07-12,客訴處理,0
C1122,R101,2026-07-24,收款,0
C1123,R100,2025-03-01,產品推廣,0
C1123,R100,2025-02-24,產品推廣,0
C1123,R100,2025-02-14,產品推廣,0
C1123,R100,2025-03-13,客訴處理,0
C1123,R100,2025-04-02,客訴處理,0
C1123,R100,2025-03-23,產品推廣,0
C1123,R100,2025-04-10,產品推廣,0
C1123,R100,2025-05-19,產品推廣,0
C1123,R100,2025-06-17,產品推廣,0
C1123,R100,2025-06-25,收款,0
C1123,R100,2025-10-02,收款,0
C1123,R100,2025-09-08,產品推廣,0
C1123,R100,2025-10-17,產品推廣,0
C1123,R100,2025-11-07,產品推廣,0
C1123,R100,2025-11-07,關係維護,0
C1123,R100,2025-12-15,收款,0
C1123,R100,2025-12-23,產品推廣,0
C1123,R100,2025-12-10,客訴處理,0
C1123,R100,2026-01-10,產品推廣,0
C1123,R100,2026-02-23,產品推廣,0
C1123,R100,2026-03-14,客訴處理,0
C1123,R100,2026-03-28,關係維護,0
C1123,R100,2026-03-10,產品推廣,0
C1123,R100,2026-03-28,關係維護,0
C1123,R100,2026-04-16,產品推廣,0
C1123,R100,2026-05-18,收款,0
C1123,R100,2026-05-19,產品推廣,0
C1123,R100,2026-06-10,產品推廣,0
C1123,R100,2026-06-26,產品推廣,0
C1123,R100,2026-06-27,客訴處理,0
C1123,R100,2026-06-10,產品推廣,0
C1123,R100,2026-07-03,產品推廣,0
C1124,R104,2025-03-01,產品推廣,0
C1124,R104,2025-04-05,產品推廣,0
C1124,R104,2025-03-30,關係維護,0
C1124,R104,2025-05-05,產品推廣,0
C1124,R104,2025-07-30,關係維護,0
C1124,R104,2025-10-10,收款,0
C1124,R104,2025-10-26,收款,0
C1124,R104,2026-02-09,產品推廣,0
C1124,R104,2026-05-23,產品推廣,0
C1124,R104,2026-05-19,收款,0
C1125,R102,2025-03-05,關係維護,0
C1125,R102,2025-03-30,關係維護,0
C1125,R102,2025-03-09,收款,0
C1125,R102,2025-07-17,產品推廣,0
C1125,R102,2025-09-02,產品推廣,0
C1125,R102,2025-09-01,產品推廣,0
C1125,R102,2025-08-09,產品推廣,0
C1125,R102,2025-10-05,客訴處理,0
C1125,R102,2025-10-06,關係維護,0
C1125,R102,2025-11-11,關係維護,0
C1125,R102,2026-02-19,客訴處理,0
C1125,R102,2026-03-15,收款,0
C1126,R109,2025-02-09,產品推廣,0
C1126,R109,2025-02-22,關係維護,0
C1126,R109,2025-03-21,關係維護,0
C1126,R109,2025-04-09,收款,0
C1126,R109,2025-05-29,產品推廣,0
C1126,R109,2025-06-01,產品推廣,0
C1126,R109,2025-06-14,客訴處理,0
C1126,R109,2025-07-03,產品推廣,0
C1126,R109,2025-08-21,產品推廣,0
C1126,R109,2025-08-27,關係維護,0
C1126,R109,2025-10-24,產品推廣,0
C1126,R109,2025-12-18,收款,0
C1126,R109,2025-12-29,關係維護,0
C1126,R109,2025-12-17,產品推廣,0
C1126,R109,2026-01-18,客訴處理,0
C1126,R109,2026-01-15,收款,0
C1126,R109,2026-01-14,關係維護,0
C1126,R109,2026-02-02,收款,0
C1126,R109,2026-03-24,產品推廣,0
C1126,R109,2026-03-23,關係維護,0
C1126,R109,2026-03-13,產品推廣,0
C1126,R109,2026-03-29,產品推廣,0
C1126,R109,2026-05-05,收款,0
C1126,R109,2026-05-03,產品推廣,0
C1126,R109,2026-06-26,產品推廣,0
C1126,R109,2026-07-02,關係維護,0
C1127,R103,2025-03-21,收款,0
C1127,R103,2025-03-21,客訴處理,0
C1127,R103,2025-04-25,產品推廣,0
C1127,R103,2025-05-29,產品推廣,0
C1127,R103,2025-06-02,關係維護,0
C1127,R103,2025-05-29,產品推廣,0
C1127,R103,2025-07-27,客訴處理,0
C1127,R103,2025-09-03,客訴處理,0
C1127,R103,2025-08-06,產品推廣,0
C1127,R103,2025-09-25,產品推廣,0
C1127,R103,2025-09-18,關係維護,0
C1127,R103,2025-10-03,關係維護,0
C1127,R103,2025-09-24,產品推廣,0
C1127,R103,2025-10-07,關係維護,0
C1127,R103,2025-11-09,產品推廣,0
C1127,R103,2025-12-01,產品推廣,0
C1127,R103,2025-11-19,產品推廣,0
C1127,R103,2025-12-30,關係維護,0
C1127,R103,2025-12-16,關係維護,0
C1127,R103,2026-02-12,產品推廣,0
C1127,R103,2026-02-09,關係維護,0
C1127,R103,2026-02-10,產品推廣,0
C1127,R103,2026-03-28,關係維護,0
C1127,R103,2026-04-04,產品推廣,0
C1127,R103,2026-04-29,產品推廣,0
C1127,R103,2026-04-17,關係維護,0
C1127,R103,2026-05-30,產品推廣,0
C1128,R116,2025-02-20,產品推廣,0
C1128,R116,2025-03-12,收款,0
C1128,R116,2025-04-02,產品推廣,0
C1128,R116,2025-05-04,產品推廣,0
C1128,R116,2025-04-27,收款,0
C1128,R116,2025-06-23,產品推廣,0
C1128,R116,2025-06-13,收款,0
C1128,R116,2025-07-08,產品推廣,0
C1128,R116,2025-09-06,收款,0
C1128,R116,2025-09-05,關係維護,0
C1128,R116,2025-09-05,產品推廣,0
C1128,R116,2025-09-23,關係維護,0
C1128,R116,2025-09-21,產品推廣,0
C1128,R116,2025-10-28,產品推廣,0
C1128,R116,2025-11-25,產品推廣,0
C1128,R116,2026-01-13,產品推廣,0
C1128,R116,2026-01-07,產品推廣,0
C1128,R116,2026-02-24,產品推廣,0
C1128,R116,2026-04-17,產品推廣,0
C1128,R116,2026-05-14,收款,0
C1128,R116,2026-06-09,關係維護,0
C1128,R116,2026-06-17,收款,0
C1128,R116,2026-06-30,產品推廣,0
C1128,R116,2026-07-05,產品推廣,0
C1128,R116,2026-07-25,產品推廣,0
C1129,R105,2025-02-22,產品推廣,0
C1129,R105,2025-02-20,產品推廣,0
C1129,R105,2025-03-10,產品推廣,0
C1129,R105,2025-03-15,收款,0
C1129,R105,2025-04-04,產品推廣,0
C1129,R105,2025-03-31,收款,0
C1129,R105,2025-04-15,產品推廣,0
C1129,R105,2025-04-11,收款,0
C1129,R105,2025-04-22,產品推廣,0
C1129,R105,2025-05-22,關係維護,0
C1129,R105,2025-05-16,關係維護,0
C1129,R105,2025-05-18,關係維護,0
C1129,R105,2025-06-01,產品推廣,0
C1129,R105,2025-05-14,關係維護,0
C1129,R105,2025-06-16,產品推廣,0
C1129,R105,2025-06-23,關係維護,0
C1129,R105,2025-06-14,產品推廣,0
C1129,R105,2025-07-17,關係維護,0
C1129,R105,2025-07-23,收款,0
C1129,R105,2025-07-10,收款,0
C1129,R105,2025-07-10,產品推廣,0
C1129,R105,2025-08-29,產品推廣,0
C1129,R105,2025-08-23,收款,0
C1129,R105,2025-08-26,關係維護,0
C1129,R105,2025-08-30,關係維護,0
C1129,R105,2025-09-01,產品推廣,0
C1129,R105,2025-09-13,產品推廣,0
C1129,R105,2025-11-02,收款,0
C1129,R105,2025-10-11,產品推廣,0
C1129,R105,2025-10-12,客訴處理,0
C1129,R105,2025-11-25,關係維護,0
C1129,R105,2025-11-18,產品推廣,0
C1129,R105,2025-11-04,收款,0
C1129,R105,2025-11-28,產品推廣,0
C1129,R105,2025-12-13,產品推廣,0
C1129,R105,2025-12-11,客訴處理,0
C1129,R105,2026-01-24,產品推廣,0
C1129,R105,2026-01-09,關係維護,0
C1129,R105,2026-02-23,關係維護,0
C1129,R105,2026-02-14,產品推廣,0
C1129,R105,2026-03-10,產品推廣,0
C1129,R105,2026-03-19,關係維護,0
C1129,R105,2026-04-13,關係維護,0
C1129,R105,2026-05-24,客訴處理,0
C1129,R105,2026-05-12,產品推廣,0
C1129,R105,2026-05-18,產品推廣,0
C1129,R105,2026-05-25,關係維護,0
C1129,R105,2026-05-09,產品推廣,0
C1129,R105,2026-05-22,產品推廣,0
C1129,R105,2026-06-25,產品推廣,0
C1129,R105,2026-06-04,產品推廣,0
C1129,R105,2026-07-08,產品推廣,0
C1129,R105,2026-07-27,產品推廣,0
C1129,R105,2026-07-27,產品推廣,0
C1130,R116,2025-04-19,關係維護,1
C1130,R116,2025-04-23,產品推廣,0
C1130,R116,2025-04-17,產品推廣,0
C1130,R116,2025-09-02,關係維護,1
C1130,R116,2025-11-02,關係維護,1
C1130,R116,2025-10-30,產品推廣,1
C1130,R116,2025-11-26,產品推廣,1
C1130,R116,2025-11-30,產品推廣,0
C1130,R116,2025-12-08,客訴處理,0
C1130,R116,2026-01-09,關係維護,0
C1130,R116,2026-04-19,產品推廣,0
C1130,R116,2026-04-05,關係維護,1
C1130,R116,2026-05-10,收款,1
C1130,R116,2026-07-14,關係維護,0
C1131,R102,2025-03-07,產品推廣,0
C1131,R102,2025-05-05,關係維護,0
C1131,R102,2025-09-20,產品推廣,0
C1131,R102,2025-09-11,產品推廣,0
C1131,R102,2025-10-28,產品推廣,0
C1131,R102,2025-11-13,產品推廣,0
C1131,R102,2026-01-01,產品推廣,0
C1131,R102,2026-02-06,產品推廣,0
C1131,R102,2026-04-05,客訴處理,0
C1131,R102,2026-06-18,收款,0
C1132,R105,2025-02-16,收款,0
C1132,R105,2025-02-18,關係維護,0
C1132,R105,2025-04-05,關係維護,0
C1132,R105,2025-05-21,產品推廣,0
C1132,R105,2025-05-12,關係維護,0
C1132,R105,2025-06-14,產品推廣,0
C1132,R105,2025-07-23,產品推廣,0
C1132,R105,2025-07-26,產品推廣,0
C1132,R105,2025-09-08,關係維護,0
C1132,R105,2025-09-14,產品推廣,0
C1132,R105,2025-09-13,產品推廣,0
C1132,R105,2025-10-27,關係維護,0
C1132,R105,2025-11-01,產品推廣,0
C1132,R105,2025-10-22,收款,0
C1132,R105,2025-10-30,客訴處理,0
C1132,R105,2025-11-08,產品推廣,0
C1132,R105,2025-11-08,產品推廣,0
C1132,R105,2025-11-30,產品推廣,0
C1132,R105,2025-12-30,收款,0
C1132,R105,2025-12-31,客訴處理,0
C1132,R105,2025-12-28,產品推廣,0
C1132,R105,2026-01-16,產品推廣,0
C1132,R105,2026-01-05,關係維護,0
C1132,R105,2026-01-04,客訴處理,0
C1132,R105,2026-02-25,產品推廣,0
C1132,R105,2026-02-28,產品推廣,0
C1132,R105,2026-02-09,產品推廣,0
C1132,R105,2026-05-08,產品推廣,0
C1132,R105,2026-05-10,關係維護,0
C1132,R105,2026-05-18,收款,0
C1132,R105,2026-06-26,產品推廣,0
C1132,R105,2026-06-22,關係維護,0
C1132,R105,2026-06-27,收款,0
C1132,R105,2026-07-26,產品推廣,0
C1132,R105,2026-07-11,收款,0
C1132,R105,2026-07-28,收款,0
C1133,R117,2025-02-21,產品推廣,1
C1133,R117,2025-02-28,產品推廣,0
C1133,R117,2025-02-19,產品推廣,0
C1133,R117,2025-04-10,客訴處理,1
C1133,R117,2025-05-06,收款,1
C1133,R117,2025-05-25,關係維護,1
C1133,R117,2025-05-30,關係維護,1
C1133,R117,2025-06-04,產品推廣,1
C1133,R117,2025-07-08,產品推廣,1
C1133,R117,2025-07-21,產品推廣,0
C1133,R117,2025-08-02,收款,0
C1133,R117,2025-08-14,產品推廣,0
C1133,R117,2025-08-19,產品推廣,1
C1133,R117,2025-09-09,產品推廣,0
C1133,R117,2025-10-15,產品推廣,1
C1133,R117,2025-11-24,收款,0
C1133,R117,2025-12-14,產品推廣,0
C1133,R117,2026-01-23,關係維護,0
C1133,R117,2026-01-31,收款,1
C1133,R117,2026-02-22,產品推廣,1
C1133,R117,2026-04-07,關係維護,0
C1133,R117,2026-05-07,產品推廣,0
C1133,R117,2026-06-24,產品推廣,0
C1133,R117,2026-07-04,產品推廣,0
C1134,R107,2025-02-14,產品推廣,0
C1134,R107,2025-02-09,收款,0
C1134,R107,2025-03-29,產品推廣,1
C1134,R107,2025-03-22,產品推廣,1
C1134,R107,2025-05-28,產品推廣,0
C1134,R107,2025-06-08,關係維護,0
C1134,R107,2025-07-26,產品推廣,0
C1134,R107,2025-07-07,收款,1
C1134,R107,2025-08-07,產品推廣,0
C1134,R107,2025-09-14,關係維護,0
C1134,R107,2025-10-22,產品推廣,1
C1134,R107,2025-10-13,產品推廣,0
C1134,R107,2025-10-15,產品推廣,0
C1134,R107,2025-10-22,產品推廣,1
C1134,R107,2025-10-08,客訴處理,1
C1134,R107,2025-11-18,產品推廣,1
C1134,R107,2025-12-02,關係維護,1
C1134,R107,2026-01-10,產品推廣,0
C1134,R107,2026-03-17,產品推廣,0
C1134,R107,2026-04-25,產品推廣,0
C1134,R107,2026-05-20,產品推廣,0
C1134,R107,2026-05-10,收款,0
C1134,R107,2026-06-30,收款,1
C1134,R107,2026-06-15,客訴處理,1
C1134,R107,2026-07-03,產品推廣,0
C1134,R107,2026-07-22,收款,1
C1135,R115,2025-03-17,產品推廣,0
C1135,R115,2025-06-17,產品推廣,0
C1135,R115,2025-09-27,關係維護,0
C1135,R115,2025-09-19,收款,0
C1135,R115,2025-10-08,產品推廣,0
C1135,R115,2025-12-08,產品推廣,0
C1135,R115,2026-03-25,產品推廣,0
C1135,R115,2026-04-17,產品推廣,0
C1135,R115,2026-06-20,收款,0
C1135,R115,2026-06-11,關係維護,0
C1135,R115,2026-07-20,收款,0
C1135,R115,2026-07-05,產品推廣,0
C1136,R102,2025-02-11,產品推廣,1
C1136,R102,2025-04-12,收款,0
C1136,R102,2025-04-26,產品推廣,1
C1136,R102,2025-05-03,產品推廣,1
C1136,R102,2025-04-26,關係維護,1
C1136,R102,2025-04-13,收款,0
C1136,R102,2025-05-31,產品推廣,0
C1136,R102,2025-05-21,產品推廣,0
C1136,R102,2025-05-22,收款,1
C1136,R102,2025-06-17,收款,0
C1136,R102,2025-07-11,收款,0
C1136,R102,2025-07-08,產品推廣,0
C1136,R102,2025-07-22,產品推廣,1
C1136,R102,2025-08-15,產品推廣,0
C1136,R102,2025-09-22,收款,0
C1136,R102,2025-11-18,產品推廣,0
C1136,R102,2025-12-18,產品推廣,1
C1136,R102,2025-12-14,關係維護,0
C1136,R102,2026-01-12,關係維護,0
C1136,R102,2026-01-09,產品推廣,1
C1136,R102,2026-02-06,收款,0
C1136,R102,2026-03-06,產品推廣,0
C1136,R102,2026-06-24,收款,1
C1136,R102,2026-06-12,收款,0
C1136,R102,2026-06-19,產品推廣,1
C1136,R102,2026-07-09,產品推廣,1
C1137,R117,2025-03-05,產品推廣,0
C1137,R117,2025-03-01,關係維護,0
C1137,R117,2025-02-17,產品推廣,0
C1137,R117,2025-03-09,產品推廣,0
C1137,R117,2025-04-26,客訴處理,0
C1137,R117,2025-05-17,收款,0
C1137,R117,2025-06-18,收款,0
C1137,R117,2025-08-04,產品推廣,0
C1137,R117,2025-09-13,產品推廣,0
C1137,R117,2025-10-25,收款,0
C1137,R117,2025-11-20,客訴處理,0
C1137,R117,2025-11-29,關係維護,0
C1137,R117,2025-12-31,客訴處理,0
C1137,R117,2026-01-12,產品推廣,0
C1137,R117,2026-02-24,客訴處理,0
C1137,R117,2026-02-22,關係維護,0
C1137,R117,2026-03-26,產品推廣,0
C1137,R117,2026-04-30,產品推廣,0
C1137,R117,2026-05-20,收款,0
C1137,R117,2026-05-17,產品推廣,0
C1137,R117,2026-05-04,產品推廣,0
C1137,R117,2026-07-29,客訴處理,0
C1137,R117,2026-07-20,產品推廣,0
C1138,R116,2025-03-03,關係維護,1
C1138,R116,2025-02-25,產品推廣,0
C1138,R116,2025-03-05,關係維護,0
C1138,R116,2025-04-01,產品推廣,1
C1138,R116,2025-04-10,收款,1
C1138,R116,2025-06-19,產品推廣,0
C1138,R116,2025-08-04,收款,1
C1138,R116,2025-09-03,關係維護,1
C1138,R116,2025-09-24,產品推廣,0
C1138,R116,2025-09-17,關係維護,1
C1138,R116,2026-01-26,客訴處理,0
C1138,R116,2026-03-18,關係維護,0
C1138,R116,2026-03-23,產品推廣,0
C1138,R116,2026-03-18,產品推廣,1
C1138,R116,2026-06-11,產品推廣,0
C1138,R116,2026-07-10,關係維護,1
C1139,R105,2025-02-28,產品推廣,0
C1139,R105,2025-03-13,產品推廣,0
C1139,R105,2025-03-13,產品推廣,1
C1139,R105,2025-05-16,關係維護,0
C1139,R105,2025-06-07,產品推廣,1
C1139,R105,2025-07-31,產品推廣,0
C1139,R105,2025-07-19,產品推廣,0
C1139,R105,2025-08-30,產品推廣,0
C1139,R105,2025-11-05,產品推廣,0
C1139,R105,2026-03-26,產品推廣,1
C1139,R105,2026-05-05,產品推廣,1
C1139,R105,2026-07-06,收款,1
C1140,R104,2025-03-04,關係維護,1
C1140,R104,2025-03-03,關係維護,0
C1140,R104,2025-02-21,產品推廣,1
C1140,R104,2025-03-31,收款,1
C1140,R104,2025-03-20,關係維護,0
C1140,R104,2025-04-06,產品推廣,0
C1140,R104,2025-03-22,收款,0
C1140,R104,2025-04-27,產品推廣,1
C1140,R104,2025-04-24,產品推廣,0
C1140,R104,2025-05-01,產品推廣,0
C1140,R104,2025-04-12,收款,1
C1140,R104,2025-05-01,關係維護,0
C1140,R104,2025-05-25,關係維護,1
C1140,R104,2025-05-22,產品推廣,0
C1140,R104,2025-05-31,產品推廣,1
C1140,R104,2025-06-19,產品推廣,0
C1140,R104,2025-08-04,產品推廣,0
C1140,R104,2025-07-14,產品推廣,0
C1140,R104,2025-07-26,關係維護,1
C1140,R104,2025-07-15,產品推廣,0
C1140,R104,2025-08-31,產品推廣,1
C1140,R104,2025-09-02,關係維護,0
C1140,R104,2025-08-27,關係維護,1
C1140,R104,2025-08-27,產品推廣,1
C1140,R104,2025-10-22,產品推廣,0
C1140,R104,2025-10-12,收款,0
C1140,R104,2025-10-23,收款,1
C1140,R104,2025-11-11,客訴處理,0
C1140,R104,2025-11-17,關係維護,1
C1140,R104,2025-12-10,關係維護,0
C1140,R104,2025-12-24,收款,1
C1140,R104,2025-12-31,產品推廣,0
C1140,R104,2025-12-22,產品推廣,1
C1140,R104,2026-01-05,關係維護,0
C1140,R104,2026-01-26,產品推廣,0
C1140,R104,2026-01-29,收款,1
C1140,R104,2026-01-05,客訴處理,0
C1140,R104,2026-02-23,關係維護,0
C1140,R104,2026-03-30,收款,1
C1140,R104,2026-05-01,關係維護,0
C1140,R104,2026-05-27,關係維護,0
C1140,R104,2026-06-18,關係維護,0
C1140,R104,2026-06-19,收款,1
C1140,R104,2026-07-21,關係維護,0
C1140,R104,2026-07-17,產品推廣,1
C1141,R111,2025-03-03,產品推廣,0
C1141,R111,2025-02-15,收款,0
C1141,R111,2025-03-17,收款,0
C1141,R111,2025-04-22,產品推廣,0
C1141,R111,2025-06-24,客訴處理,0
C1141,R111,2025-06-10,產品推廣,0
C1141,R111,2025-08-23,收款,0
C1141,R111,2025-10-28,客訴處理,0
C1141,R111,2025-11-17,關係維護,0
C1141,R111,2026-02-21,關係維護,0
C1141,R111,2026-03-25,客訴處理,0
C1141,R111,2026-04-06,產品推廣,0
C1141,R111,2026-06-05,關係維護,0
C1142,R108,2025-02-08,產品推廣,0
C1142,R108,2025-02-15,收款,0
C1142,R108,2025-03-05,產品推廣,0
C1142,R108,2025-02-27,收款,0
C1142,R108,2025-03-04,產品推廣,0
C1142,R108,2025-04-05,客訴處理,0
C1142,R108,2025-03-31,關係維護,0
C1142,R108,2025-04-03,關係維護,0
C1142,R108,2025-04-08,關係維護,0
C1142,R108,2025-04-09,產品推廣,0
C1142,R108,2025-04-13,產品推廣,0
C1142,R108,2025-05-06,產品推廣,0
C1142,R108,2025-04-29,關係維護,0
C1142,R108,2025-05-18,產品推廣,0
C1142,R108,2025-05-13,關係維護,0
C1142,R108,2025-05-12,產品推廣,0
C1142,R108,2025-05-20,產品推廣,0
C1142,R108,2025-05-24,關係維護,0
C1142,R108,2025-06-16,產品推廣,0
C1142,R108,2025-06-16,客訴處理,0
C1142,R108,2025-06-11,產品推廣,0
C1142,R108,2025-07-30,關係維護,0
C1142,R108,2025-07-20,產品推廣,0
C1142,R108,2025-07-19,關係維護,0
C1142,R108,2025-08-15,產品推廣,0
C1142,R108,2025-08-11,產品推廣,0
C1142,R108,2025-08-29,產品推廣,0
C1142,R108,2025-09-21,收款,0
C1142,R108,2025-09-15,產品推廣,0
C1142,R108,2025-10-08,產品推廣,0
C1142,R108,2025-10-13,關係維護,0
C1142,R108,2025-10-06,收款,0
C1142,R108,2025-11-21,產品推廣,0
C1142,R108,2025-11-04,收款,0
C1142,R108,2025-11-12,產品推廣,0
C1142,R108,2025-11-10,收款,0
C1142,R108,2025-12-27,產品推廣,0
C1142,R108,2025-12-25,產品推廣,0
C1142,R108,2025-12-29,產品推廣,0
C1142,R108,2026-01-11,產品推廣,0
C1142,R108,2026-01-15,產品推廣,0
C1142,R108,2026-01-30,收款,0
C1142,R108,2026-02-07,關係維護,0
C1142,R108,2026-02-25,產品推廣,0
C1142,R108,2026-03-24,客訴處理,0
C1142,R108,2026-04-07,產品推廣,0
C1142,R108,2026-04-17,產品推廣,0
C1142,R108,2026-05-23,產品推廣,0
C1142,R108,2026-05-27,產品推廣,0
C1142,R108,2026-05-21,關係維護,0
C1142,R108,2026-05-17,產品推廣,0
C1142,R108,2026-05-23,產品推廣,0
C1142,R108,2026-05-10,產品推廣,0
C1142,R108,2026-05-20,產品推廣,0
C1142,R108,2026-05-13,收款,0
C1142,R108,2026-05-16,收款,0
C1142,R108,2026-06-20,產品推廣,0
C1142,R108,2026-06-25,產品推廣,0
C1142,R108,2026-06-14,關係維護,0
C1142,R108,2026-06-15,收款,0
C1142,R108,2026-07-08,產品推廣,0
C1142,R108,2026-07-25,客訴處理,0
C1142,R108,2026-07-29,關係維護,0
C1143,R105,2025-03-20,產品推廣,0
C1143,R105,2025-05-27,關係維護,0
C1143,R105,2025-08-04,關係維護,0
C1143,R105,2025-08-30,產品推廣,0
C1143,R105,2025-09-26,產品推廣,0
C1143,R105,2025-09-29,產品推廣,0
C1143,R105,2025-10-09,產品推廣,0
C1143,R105,2025-12-10,產品推廣,0
C1143,R105,2025-12-18,產品推廣,0
C1143,R105,2026-01-23,產品推廣,0
C1143,R105,2026-05-13,收款,0
C1143,R105,2026-05-17,關係維護,0
C1143,R105,2026-06-07,產品推廣,0
C1143,R105,2026-06-03,產品推廣,0
C1144,R105,2025-04-21,產品推廣,1
C1144,R105,2025-05-21,關係維護,0
C1144,R105,2025-06-17,客訴處理,0
C1144,R105,2025-08-03,收款,0
C1144,R105,2025-08-03,關係維護,0
C1144,R105,2025-08-29,收款,0
C1144,R105,2025-08-19,收款,0
C1144,R105,2025-08-19,關係維護,0
C1144,R105,2025-10-31,產品推廣,1
C1144,R105,2025-10-26,產品推廣,1
C1144,R105,2025-11-17,關係維護,0
C1144,R105,2025-12-04,關係維護,0
C1144,R105,2025-12-05,產品推廣,0
C1144,R105,2026-03-29,關係維護,0
C1144,R105,2026-05-17,產品推廣,0
C1144,R105,2026-06-02,關係維護,1
C1144,R105,2026-06-29,產品推廣,1
C1145,R103,2025-03-04,產品推廣,0
C1145,R103,2025-02-14,產品推廣,0
C1145,R103,2025-02-28,關係維護,0
C1145,R103,2025-02-15,產品推廣,0
C1145,R103,2025-03-21,產品推廣,0
C1145,R103,2025-03-27,收款,0
C1145,R103,2025-03-29,產品推廣,0
C1145,R103,2025-03-26,收款,0
C1145,R103,2025-03-31,產品推廣,0
C1145,R103,2025-04-29,關係維護,0
C1145,R103,2025-04-30,收款,0
C1145,R103,2025-05-19,關係維護,0
C1145,R103,2025-05-08,客訴處理,0
C1145,R103,2025-06-29,收款,0
C1145,R103,2025-07-25,客訴處理,0
C1145,R103,2025-07-19,產品推廣,0
C1145,R103,2025-07-22,產品推廣,0
C1145,R103,2025-08-12,產品推廣,0
C1145,R103,2025-08-25,產品推廣,0
C1145,R103,2025-08-08,客訴處理,0
C1145,R103,2025-09-26,關係維護,0
C1145,R103,2025-09-27,客訴處理,0
C1145,R103,2025-10-08,收款,0
C1145,R103,2025-11-23,客訴處理,0
C1145,R103,2025-11-04,產品推廣,0
C1145,R103,2025-11-26,產品推廣,0
C1145,R103,2025-11-23,關係維護,0
C1145,R103,2025-12-22,客訴處理,0
C1145,R103,2026-01-06,產品推廣,0
C1145,R103,2026-01-10,產品推廣,0
C1145,R103,2026-01-28,產品推廣,0
C1145,R103,2026-01-09,收款,0
C1145,R103,2026-01-30,產品推廣,0
C1145,R103,2026-02-14,收款,0
C1145,R103,2026-04-12,客訴處理,0
C1145,R103,2026-04-08,收款,0
C1145,R103,2026-05-12,關係維護,0
C1145,R103,2026-06-10,產品推廣,0
C1145,R103,2026-06-23,產品推廣,0
C1145,R103,2026-06-26,客訴處理,0
C1145,R103,2026-06-10,收款,0
C1145,R103,2026-07-09,關係維護,0
C1145,R103,2026-07-24,關係維護,0
C1146,R100,2025-03-14,收款,0
C1146,R100,2025-03-19,關係維護,0
C1146,R100,2025-05-01,關係維護,0
C1146,R100,2025-04-30,關係維護,0
C1146,R100,2025-04-14,收款,0
C1146,R100,2025-04-08,收款,0
C1146,R100,2025-05-20,產品推廣,0
C1146,R100,2025-06-27,關係維護,0
C1146,R100,2025-06-26,收款,0
C1146,R100,2025-08-21,關係維護,0
C1146,R100,2025-09-08,收款,0
C1146,R100,2025-09-12,客訴處理,0
C1146,R100,2025-09-27,產品推廣,0
C1146,R100,2025-10-24,關係維護,0
C1146,R100,2025-10-22,產品推廣,0
C1146,R100,2025-10-31,關係維護,0
C1146,R100,2025-11-07,產品推廣,0
C1146,R100,2026-02-09,客訴處理,0
C1146,R100,2026-02-07,產品推廣,0
C1146,R100,2026-02-05,客訴處理,0
C1146,R100,2026-03-26,產品推廣,0
C1146,R100,2026-04-03,收款,0
C1146,R100,2026-05-13,收款,0
C1146,R100,2026-06-21,關係維護,0
C1146,R100,2026-06-21,產品推廣,0
C1146,R100,2026-06-02,產品推廣,0
C1146,R100,2026-07-13,產品推廣,0
C1146,R100,2026-07-30,產品推廣,0
C1146,R100,2026-07-11,產品推廣,0
C1147,R102,2025-03-25,關係維護,0
C1147,R102,2025-03-28,關係維護,0
C1147,R102,2025-03-26,產品推廣,0
C1147,R102,2025-03-28,產品推廣,0
C1147,R102,2025-04-22,收款,0
C1147,R102,2025-08-16,產品推廣,0
C1147,R102,2025-10-19,產品推廣,0
C1147,R102,2025-11-10,客訴處理,0
C1147,R102,2025-11-16,產品推廣,0
C1147,R102,2025-11-09,關係維護,0
C1147,R102,2026-03-31,客訴處理,0
C1147,R102,2026-04-22,關係維護,0
C1147,R102,2026-07-19,產品推廣,0
C1147,R102,2026-07-15,客訴處理,0
C1148,R110,2025-02-17,關係維護,0
C1148,R110,2025-02-26,產品推廣,0
C1148,R110,2025-02-18,產品推廣,0
C1148,R110,2025-02-07,產品推廣,0
C1148,R110,2025-03-28,收款,0
C1148,R110,2025-03-27,產品推廣,0
C1148,R110,2025-03-26,產品推廣,0
C1148,R110,2025-05-27,收款,0
C1148,R110,2025-05-13,客訴處理,0
C1148,R110,2025-05-27,關係維護,0
C1148,R110,2025-07-19,關係維護,0
C1148,R110,2025-08-17,客訴處理,0
C1148,R110,2025-09-01,收款,0
C1148,R110,2025-08-31,客訴處理,0
C1148,R110,2025-08-27,產品推廣,0
C1148,R110,2025-09-25,產品推廣,0
C1148,R110,2025-10-17,關係維護,0
C1148,R110,2025-11-02,產品推廣,0
C1148,R110,2025-11-14,產品推廣,0
C1148,R110,2025-11-04,產品推廣,0
C1148,R110,2025-12-31,收款,0
C1148,R110,2025-12-14,收款,0
C1148,R110,2025-12-27,產品推廣,0
C1148,R110,2026-01-24,產品推廣,0
C1148,R110,2026-01-12,產品推廣,0
C1148,R110,2026-03-31,產品推廣,0
C1148,R110,2026-03-08,產品推廣,0
C1148,R110,2026-03-27,收款,0
C1148,R110,2026-04-23,關係維護,0
C1148,R110,2026-04-12,產品推廣,0
C1148,R110,2026-04-26,關係維護,0
C1148,R110,2026-05-12,產品推廣,0
C1148,R110,2026-05-15,關係維護,0
C1148,R110,2026-06-06,產品推廣,0
C1148,R110,2026-06-17,收款,0
C1148,R110,2026-06-03,收款,0
C1148,R110,2026-07-10,產品推廣,0
C1148,R110,2026-07-27,關係維護,0
C1148,R110,2026-07-07,收款,0
C1148,R110,2026-07-14,產品推廣,0
C1149,R106,2025-02-28,產品推廣,0
C1149,R106,2025-03-04,產品推廣,0
C1149,R106,2025-04-15,產品推廣,0
C1149,R106,2025-05-23,客訴處理,0
C1149,R106,2025-08-18,產品推廣,0
C1149,R106,2025-09-25,關係維護,0
C1149,R106,2025-10-24,關係維護,0
C1149,R106,2026-01-23,產品推廣,0
C1149,R106,2026-01-03,關係維護,0
C1149,R106,2026-02-14,產品推廣,0
C1149,R106,2026-03-19,客訴處理,0
C1149,R106,2026-04-17,產品推廣,0
C1149,R106,2026-04-20,產品推廣,0
C1149,R106,2026-05-24,產品推廣,0
C1149,R106,2026-06-07,產品推廣,0
C1150,R102,2025-02-26,產品推廣,0
C1150,R102,2025-02-20,收款,0
C1150,R102,2025-03-14,產品推廣,0
C1150,R102,2025-03-25,產品推廣,0
C1150,R102,2025-05-03,關係維護,0
C1150,R102,2025-04-16,收款,0
C1150,R102,2025-04-24,關係維護,0
C1150,R102,2025-05-25,關係維護,0
C1150,R102,2025-05-24,產品推廣,0
C1150,R102,2025-06-23,關係維護,0
C1150,R102,2025-06-08,關係維護,0
C1150,R102,2025-06-28,產品推廣,0
C1150,R102,2025-07-03,客訴處理,0
C1150,R102,2025-07-11,產品推廣,0
C1150,R102,2025-07-28,關係維護,0
C1150,R102,2025-07-30,收款,0
C1150,R102,2025-07-12,產品推廣,0
C1150,R102,2025-07-27,產品推廣,0
C1150,R102,2025-09-03,關係維護,0
C1150,R102,2025-08-07,關係維護,0
C1150,R102,2025-08-28,客訴處理,0
C1150,R102,2025-08-09,產品推廣,0
C1150,R102,2025-08-23,收款,0
C1150,R102,2025-09-30,收款,0
C1150,R102,2025-09-08,客訴處理,0
C1150,R102,2025-10-29,產品推廣,0
C1150,R102,2025-10-21,客訴處理,0
C1150,R102,2025-11-13,客訴處理,0
C1150,R102,2025-11-12,產品推廣,0
C1150,R102,2025-12-15,產品推廣,0
C1150,R102,2025-12-09,產品推廣,0
C1150,R102,2025-12-17,產品推廣,0
C1150,R102,2026-01-06,產品推廣,0
C1150,R102,2026-02-15,收款,0
C1150,R102,2026-02-13,關係維護,0
C1150,R102,2026-05-06,關係維護,0
C1150,R102,2026-06-24,收款,0
C1150,R102,2026-06-13,收款,0
C1150,R102,2026-07-05,關係維護,0
C1150,R102,2026-07-30,關係維護,0
C1151,R110,2025-02-19,關係維護,1
C1151,R110,2025-04-12,客訴處理,0
C1151,R110,2025-04-14,產品推廣,0
C1151,R110,2025-06-21,產品推廣,0
C1151,R110,2025-06-30,關係維護,0
C1151,R110,2025-07-12,客訴處理,0
C1151,R110,2025-08-09,產品推廣,0
C1151,R110,2025-09-17,產品推廣,1
C1151,R110,2025-10-30,產品推廣,0
C1151,R110,2026-02-03,收款,1
C1151,R110,2026-04-01,產品推廣,1
C1152,R108,2025-02-18,關係維護,0
C1152,R108,2025-02-25,產品推廣,0
C1152,R108,2025-03-26,關係維護,0
C1152,R108,2025-04-06,關係維護,0
C1152,R108,2025-03-23,產品推廣,0
C1152,R108,2025-04-21,關係維護,0
C1152,R108,2025-06-02,產品推廣,0
C1152,R108,2025-06-04,產品推廣,0
C1152,R108,2025-06-07,產品推廣,0
C1152,R108,2025-06-14,產品推廣,0
C1152,R108,2025-09-28,產品推廣,0
C1152,R108,2025-10-15,關係維護,0
C1152,R108,2025-11-02,產品推廣,0
C1152,R108,2025-11-19,客訴處理,0
C1152,R108,2025-12-29,關係維護,0
C1152,R108,2025-12-20,關係維護,0
C1152,R108,2025-12-14,產品推廣,0
C1152,R108,2025-12-09,收款,0
C1152,R108,2026-01-13,客訴處理,0
C1152,R108,2026-01-21,客訴處理,0
C1152,R108,2026-01-21,產品推廣,0
C1152,R108,2026-02-07,產品推廣,0
C1152,R108,2026-02-05,收款,0
C1152,R108,2026-02-15,產品推廣,0
C1152,R108,2026-03-11,收款,0
C1152,R108,2026-03-08,客訴處理,0
C1152,R108,2026-03-21,客訴處理,0
C1152,R108,2026-04-18,關係維護,0
C1152,R108,2026-04-18,產品推廣,0
C1152,R108,2026-05-23,客訴處理,0
C1152,R108,2026-05-24,產品推廣,0
C1152,R108,2026-05-20,收款,0
C1152,R108,2026-05-20,產品推廣,0
C1152,R108,2026-06-26,收款,0
C1152,R108,2026-07-04,收款,0
C1152,R108,2026-07-26,產品推廣,0
C1152,R108,2026-07-10,產品推廣,0
C1153,R108,2025-04-17,收款,0
C1153,R108,2025-05-01,關係維護,0
C1153,R108,2025-04-25,產品推廣,0
C1153,R108,2025-06-13,產品推廣,0
C1153,R108,2025-10-16,關係維護,0
C1153,R108,2025-11-20,產品推廣,0
C1153,R108,2025-12-21,關係維護,0
C1153,R108,2026-01-16,關係維護,0
C1153,R108,2026-05-11,產品推廣,0
C1153,R108,2026-05-05,收款,0
C1153,R108,2026-05-28,關係維護,0
C1153,R108,2026-05-28,關係維護,0
C1153,R108,2026-07-30,產品推廣,0
C1154,R100,2025-03-04,關係維護,0
C1154,R100,2025-02-08,關係維護,0
C1154,R100,2025-02-21,關係維護,0
C1154,R100,2025-02-18,產品推廣,0
C1154,R100,2025-04-03,客訴處理,0
C1154,R100,2025-05-03,產品推廣,0
C1154,R100,2025-04-17,客訴處理,0
C1154,R100,2025-06-21,關係維護,0
C1154,R100,2025-06-25,關係維護,0
C1154,R100,2025-07-11,關係維護,0
C1154,R100,2025-08-14,產品推廣,0
C1154,R100,2025-08-21,收款,0
C1154,R100,2025-09-22,產品推廣,0
C1154,R100,2025-09-13,收款,0
C1154,R100,2025-09-27,收款,0
C1154,R100,2025-10-10,產品推廣,0
C1154,R100,2025-11-16,產品推廣,0
C1154,R100,2026-01-14,產品推廣,0
C1154,R100,2026-01-26,關係維護,0
C1154,R100,2026-01-11,收款,0
C1154,R100,2026-02-04,產品推廣,0
C1154,R100,2026-03-24,關係維護,0
C1154,R100,2026-03-20,關係維護,0
C1154,R100,2026-04-18,收款,0
C1154,R100,2026-04-04,客訴處理,0
C1154,R100,2026-04-26,關係維護,0
C1154,R100,2026-04-04,產品推廣,0
C1154,R100,2026-04-10,產品推廣,0
C1154,R100,2026-05-14,關係維護,0
C1154,R100,2026-05-14,產品推廣,0
C1154,R100,2026-05-20,關係維護,0
C1154,R100,2026-05-13,客訴處理,0
C1154,R100,2026-05-27,關係維護,0
C1154,R100,2026-07-18,客訴處理,0
C1154,R100,2026-07-05,產品推廣,0
C1155,R116,2025-04-03,關係維護,0
C1155,R116,2025-06-11,產品推廣,0
C1155,R116,2025-08-31,關係維護,0
C1155,R116,2025-09-03,客訴處理,0
C1155,R116,2025-09-20,產品推廣,0
C1155,R116,2025-11-22,收款,0
C1155,R116,2025-12-17,產品推廣,0
C1155,R116,2025-12-11,收款,0
C1155,R116,2026-03-27,客訴處理,0
C1155,R116,2026-06-13,產品推廣,0
C1155,R116,2026-07-05,關係維護,0
C1155,R116,2026-07-04,收款,0
C1156,R108,2025-02-27,關係維護,0
C1156,R108,2025-03-20,收款,0
C1156,R108,2025-04-23,關係維護,0
C1156,R108,2025-04-19,客訴處理,0
C1156,R108,2025-05-10,產品推廣,0
C1156,R108,2025-06-20,產品推廣,0
C1156,R108,2025-06-13,產品推廣,0
C1156,R108,2025-08-01,關係維護,0
C1156,R108,2025-07-11,產品推廣,0
C1156,R108,2025-08-21,產品推廣,0
C1156,R108,2025-09-30,產品推廣,0
C1156,R108,2025-09-12,客訴處理,0
C1156,R108,2025-10-02,關係維護,0
C1156,R108,2025-09-19,產品推廣,0
C1156,R108,2025-11-05,產品推廣,0
C1156,R108,2025-11-12,關係維護,0
C1156,R108,2025-11-14,收款,0
C1156,R108,2025-11-14,產品推廣,0
C1156,R108,2025-11-26,關係維護,0
C1156,R108,2025-12-12,關係維護,0
C1156,R108,2026-01-01,產品推廣,0
C1156,R108,2026-01-20,產品推廣,0
C1156,R108,2026-01-06,產品推廣,0
C1156,R108,2026-01-20,產品推廣,0
C1156,R108,2026-01-23,收款,0
C1156,R108,2026-02-07,產品推廣,0
C1156,R108,2026-02-08,產品推廣,0
C1156,R108,2026-03-02,產品推廣,0
C1156,R108,2026-05-16,關係維護,0
C1156,R108,2026-05-28,客訴處理,0
C1156,R108,2026-06-08,產品推廣,0
C1157,R107,2025-02-09,產品推廣,1
C1157,R107,2025-02-23,關係維護,0
C1157,R107,2025-02-25,產品推廣,0
C1157,R107,2025-03-18,關係維護,1
C1157,R107,2025-03-09,收款,0
C1157,R107,2025-05-05,收款,0
C1157,R107,2025-05-14,產品推廣,1
C1157,R107,2025-05-17,產品推廣,0
C1157,R107,2025-05-20,產品推廣,0
C1157,R107,2025-06-13,產品推廣,0
C1157,R107,2025-06-23,關係維護,0
C1157,R107,2025-07-28,產品推廣,0
C1157,R107,2025-08-23,產品推廣,0
C1157,R107,2025-08-26,產品推廣,0
C1157,R107,2025-08-18,關係維護,0
C1157,R107,2025-08-27,關係維護,1
C1157,R107,2025-09-27,產品推廣,0
C1157,R107,2025-09-12,收款,0
C1157,R107,2025-10-03,收款,0
C1157,R107,2025-10-22,產品推廣,0
C1157,R107,2025-11-10,關係維護,0
C1157,R107,2025-12-02,產品推廣,0
C1157,R107,2026-01-27,客訴處理,1
C1157,R107,2026-01-24,產品推廣,1
C1157,R107,2026-02-06,產品推廣,1
C1157,R107,2026-02-09,收款,1
C1157,R107,2026-03-08,產品推廣,0
C1157,R107,2026-05-12,產品推廣,0
C1157,R107,2026-05-06,收款,0
C1157,R107,2026-06-16,產品推廣,1
C1157,R107,2026-06-25,產品推廣,1
C1157,R107,2026-07-19,產品推廣,0
C1158,R112,2025-02-23,產品推廣,0
C1158,R112,2025-03-22,關係維護,0
C1158,R112,2025-05-06,產品推廣,0
C1158,R112,2025-04-08,產品推廣,0
C1158,R112,2025-05-29,收款,0
C1158,R112,2025-05-20,產品推廣,0
C1158,R112,2025-09-03,產品推廣,0
C1158,R112,2025-08-10,收款,0
C1158,R112,2025-10-30,收款,0
C1158,R112,2025-11-28,關係維護,0
C1158,R112,2025-11-04,產品推廣,0
C1158,R112,2026-01-16,產品推廣,0
C1158,R112,2026-04-09,關係維護,0
C1158,R112,2026-05-22,關係維護,0
C1158,R112,2026-07-16,收款,0
C1159,R113,2025-05-26,產品推廣,0
C1159,R113,2025-08-18,產品推廣,0
C1159,R113,2025-10-10,關係維護,0
C1159,R113,2025-10-18,關係維護,1
C1159,R113,2025-10-16,產品推廣,0
C1159,R113,2025-10-18,收款,0
C1159,R113,2025-11-21,產品推廣,0
C1159,R113,2025-12-24,關係維護,1
C1159,R113,2026-01-06,產品推廣,0
C1159,R113,2026-05-15,產品推廣,0
C1160,R111,2025-02-20,產品推廣,0
C1160,R111,2025-02-17,收款,0
C1160,R111,2025-04-17,關係維護,0
C1160,R111,2025-04-18,關係維護,0
C1160,R111,2025-05-25,關係維護,0
C1160,R111,2025-05-25,關係維護,0
C1160,R111,2025-06-09,產品推廣,0
C1160,R111,2025-06-26,產品推廣,0
C1160,R111,2025-07-28,產品推廣,0
C1160,R111,2025-07-13,關係維護,0
C1160,R111,2025-08-29,收款,0
C1160,R111,2025-09-11,產品推廣,0
C1160,R111,2025-09-30,產品推廣,0
C1160,R111,2025-11-09,產品推廣,0
C1160,R111,2026-01-01,客訴處理,0
C1160,R111,2025-12-30,關係維護,0
C1160,R111,2025-12-21,客訴處理,0
C1160,R111,2025-12-17,產品推廣,0
C1160,R111,2026-01-06,收款,0
C1160,R111,2026-02-08,產品推廣,0
C1160,R111,2026-03-04,客訴處理,0
C1160,R111,2026-03-04,收款,0
C1160,R111,2026-03-15,產品推廣,0
C1160,R111,2026-04-30,產品推廣,0
C1160,R111,2026-04-05,產品推廣,0
C1160,R111,2026-04-27,產品推廣,0
C1160,R111,2026-04-27,產品推廣,0
C1160,R111,2026-05-27,產品推廣,0
C1160,R111,2026-05-22,產品推廣,0
C1160,R111,2026-07-02,產品推廣,0
C1160,R111,2026-07-21,收款,0
C1161,R102,2025-02-13,關係維護,0
C1161,R102,2025-02-14,產品推廣,0
C1161,R102,2025-02-09,產品推廣,0
C1161,R102,2025-03-19,產品推廣,0
C1161,R102,2025-03-13,產品推廣,0
C1161,R102,2025-05-28,產品推廣,0
C1161,R102,2025-05-27,產品推廣,0
C1161,R102,2025-05-08,產品推廣,0
C1161,R102,2025-05-19,關係維護,0
C1161,R102,2025-06-10,產品推廣,0
C1161,R102,2025-07-01,產品推廣,0
C1161,R102,2025-07-26,收款,0
C1161,R102,2025-07-15,收款,0
C1161,R102,2025-08-03,關係維護,0
C1161,R102,2025-08-28,關係維護,0
C1161,R102,2025-10-18,關係維護,0
C1161,R102,2025-11-29,收款,0
C1161,R102,2025-11-29,客訴處理,0
C1161,R102,2025-11-21,關係維護,0
C1161,R102,2026-01-29,產品推廣,0
C1161,R102,2026-01-12,關係維護,0
C1161,R102,2026-01-27,關係維護,0
C1161,R102,2026-03-14,產品推廣,0
C1161,R102,2026-03-15,收款,0
C1161,R102,2026-05-11,客訴處理,0
C1161,R102,2026-05-15,關係維護,0
C1161,R102,2026-05-26,關係維護,0
C1161,R102,2026-06-03,產品推廣,0
C1162,R101,2025-03-06,收款,0
C1162,R101,2025-03-04,產品推廣,0
C1162,R101,2025-03-30,產品推廣,0
C1162,R101,2025-04-08,收款,0
C1162,R101,2025-05-13,產品推廣,0
C1162,R101,2025-08-09,產品推廣,0
C1162,R101,2025-08-06,產品推廣,0
C1162,R101,2025-09-05,收款,0
C1162,R101,2025-10-30,收款,0
C1162,R101,2025-11-29,產品推廣,0
C1162,R101,2025-12-24,關係維護,0
C1162,R101,2026-01-21,關係維護,0
C1162,R101,2026-01-14,產品推廣,0
C1162,R101,2026-01-13,關係維護,0
C1162,R101,2026-02-10,關係維護,0
C1162,R101,2026-03-06,產品推廣,0
C1162,R101,2026-03-10,收款,0
C1162,R101,2026-04-16,產品推廣,0
C1162,R101,2026-04-29,產品推廣,0
C1162,R101,2026-05-20,關係維護,0
C1162,R101,2026-07-13,關係維護,0
C1162,R101,2026-07-24,產品推廣,0
C1162,R101,2026-07-30,關係維護,0
C1163,R114,2025-02-27,產品推廣,1
C1163,R114,2025-06-01,關係維護,0
C1163,R114,2025-05-26,關係維護,1
C1163,R114,2025-05-11,產品推廣,1
C1163,R114,2025-07-02,產品推廣,1
C1163,R114,2025-06-30,產品推廣,0
C1163,R114,2025-07-26,產品推廣,0
C1163,R114,2025-08-03,產品推廣,1
C1163,R114,2025-09-03,收款,0
C1163,R114,2025-08-30,客訴處理,1
C1163,R114,2025-09-01,產品推廣,1
C1163,R114,2025-08-16,產品推廣,0
C1163,R114,2025-09-19,產品推廣,1
C1163,R114,2025-09-30,產品推廣,0
C1163,R114,2025-09-05,關係維護,1
C1163,R114,2025-10-05,關係維護,1
C1163,R114,2026-01-23,產品推廣,0
C1163,R114,2026-01-09,收款,0
C1163,R114,2026-02-12,關係維護,0
C1163,R114,2026-03-16,產品推廣,1
C1163,R114,2026-03-13,客訴處理,1
C1163,R114,2026-05-21,收款,1
C1163,R114,2026-06-04,關係維護,1
C1163,R114,2026-06-17,產品推廣,0
C1163,R114,2026-07-19,客訴處理,0
C1163,R114,2026-07-11,產品推廣,0
C1164,R100,2025-02-11,產品推廣,0
C1164,R100,2025-02-26,客訴處理,0
C1164,R100,2025-03-07,收款,0
C1164,R100,2025-03-03,關係維護,0
C1164,R100,2025-02-20,關係維護,0
C1164,R100,2025-02-07,收款,0
C1164,R100,2025-03-26,收款,0
C1164,R100,2025-04-19,產品推廣,0
C1164,R100,2025-05-01,客訴處理,0
C1164,R100,2025-06-03,產品推廣,0
C1164,R100,2025-06-24,產品推廣,0
C1164,R100,2025-07-20,產品推廣,0
C1164,R100,2025-07-21,客訴處理,0
C1164,R100,2025-07-16,產品推廣,0
C1164,R100,2025-07-30,客訴處理,0
C1164,R100,2025-09-11,客訴處理,0
C1164,R100,2025-09-11,產品推廣,0
C1164,R100,2025-09-29,產品推廣,0
C1164,R100,2025-10-07,關係維護,0
C1164,R100,2025-10-08,關係維護,0
C1164,R100,2025-11-02,關係維護,0
C1164,R100,2025-10-11,產品推廣,0
C1164,R100,2025-10-15,產品推廣,0
C1164,R100,2025-10-21,收款,0
C1164,R100,2025-10-24,關係維護,0
C1164,R100,2025-11-18,產品推廣,0
C1164,R100,2025-11-25,產品推廣,0
C1164,R100,2025-12-07,客訴處理,0
C1164,R100,2026-01-16,產品推廣,0
C1164,R100,2026-01-29,產品推廣,0
C1164,R100,2026-01-23,產品推廣,0
C1164,R100,2026-01-08,產品推廣,0
C1164,R100,2026-01-25,產品推廣,0
C1164,R100,2026-02-16,收款,0
C1164,R100,2026-02-02,產品推廣,0
C1164,R100,2026-02-19,收款,0
C1164,R100,2026-02-10,收款,0
C1164,R100,2026-02-11,產品推廣,0
C1164,R100,2026-03-06,客訴處理,0
C1164,R100,2026-03-20,客訴處理,0
C1164,R100,2026-03-29,關係維護,0
C1164,R100,2026-04-17,產品推廣,0
C1164,R100,2026-04-20,客訴處理,0
C1164,R100,2026-04-28,收款,0
C1164,R100,2026-05-21,收款,0
C1164,R100,2026-05-30,產品推廣,0
C1164,R100,2026-05-22,產品推廣,0
C1164,R100,2026-06-24,產品推廣,0
C1165,R108,2025-02-07,收款,0
C1165,R108,2025-02-28,產品推廣,0
C1165,R108,2025-03-28,關係維護,0
C1165,R108,2025-04-19,關係維護,0
C1165,R108,2025-05-30,關係維護,0
C1165,R108,2025-06-02,客訴處理,0
C1165,R108,2025-05-14,客訴處理,0
C1165,R108,2025-06-30,產品推廣,0
C1165,R108,2025-06-22,產品推廣,0
C1165,R108,2025-07-29,關係維護,0
C1165,R108,2025-07-22,關係維護,0
C1165,R108,2025-07-27,關係維護,0
C1165,R108,2025-07-12,產品推廣,0
C1165,R108,2025-07-21,產品推廣,0
C1165,R108,2025-10-29,關係維護,0
C1165,R108,2025-11-22,產品推廣,0
C1165,R108,2025-11-07,產品推廣,0
C1165,R108,2025-11-12,關係維護,0
C1165,R108,2025-11-23,客訴處理,0
C1165,R108,2025-11-06,產品推廣,0
C1165,R108,2025-12-14,客訴處理,0
C1165,R108,2025-12-04,產品推廣,0
C1165,R108,2026-03-01,產品推廣,0
C1165,R108,2026-02-16,客訴處理,0
C1165,R108,2026-02-05,客訴處理,0
C1165,R108,2026-03-20,收款,0
C1165,R108,2026-05-11,收款,0
C1165,R108,2026-05-05,產品推廣,0
C1165,R108,2026-06-26,產品推廣,0
C1165,R108,2026-07-14,產品推廣,0
C1165,R108,2026-07-08,產品推廣,0
C1165,R108,2026-07-22,產品推廣,0
C1165,R108,2026-07-30,關係維護,0
C1166,R100,2025-02-17,產品推廣,0
C1166,R100,2025-04-02,收款,0
C1166,R100,2025-03-23,產品推廣,0
C1166,R100,2025-05-08,產品推廣,0
C1166,R100,2025-06-01,關係維護,0
C1166,R100,2025-08-24,關係維護,0
C1166,R100,2025-10-14,產品推廣,0
C1166,R100,2025-11-25,產品推廣,0
C1166,R100,2025-11-04,關係維護,0
C1166,R100,2025-12-25,產品推廣,0
C1166,R100,2026-01-29,關係維護,0
C1166,R100,2026-05-24,產品推廣,0
C1166,R100,2026-05-11,產品推廣,0
C1166,R100,2026-05-25,關係維護,0
C1166,R100,2026-05-25,關係維護,0
C1166,R100,2026-07-28,產品推廣,0
C1167,R108,2025-07-07,收款,0
C1167,R108,2025-07-30,產品推廣,0
C1167,R108,2025-08-31,產品推廣,0
C1167,R108,2025-09-05,客訴處理,0
C1167,R108,2025-09-20,產品推廣,0
C1167,R108,2026-02-07,收款,0
C1167,R108,2026-03-08,關係維護,0
C1167,R108,2026-06-29,產品推廣,0
C1167,R108,2026-07-12,產品推廣,0
C1168,R108,2025-02-19,產品推廣,0
C1168,R108,2025-03-25,關係維護,0
C1168,R108,2025-03-16,產品推廣,0
C1168,R108,2025-03-24,關係維護,0
C1168,R108,2025-03-27,產品推廣,0
C1168,R108,2025-03-14,客訴處理,0
C1168,R108,2025-05-06,產品推廣,0
C1168,R108,2025-04-22,產品推廣,0
C1168,R108,2025-05-14,產品推廣,0
C1168,R108,2025-06-05,產品推廣,0
C1168,R108,2025-06-29,關係維護,0
C1168,R108,2025-06-14,客訴處理,0
C1168,R108,2025-06-25,產品推廣,0
C1168,R108,2025-06-15,關係維護,0
C1168,R108,2025-07-16,收款,0
C1168,R108,2025-07-11,產品推廣,0
C1168,R108,2025-07-07,產品推廣,0
C1168,R108,2025-08-11,收款,0
C1168,R108,2025-08-27,產品推廣,0
C1168,R108,2025-08-07,產品推廣,0
C1168,R108,2025-09-24,產品推廣,0
C1168,R108,2025-09-18,產品推廣,0
C1168,R108,2025-10-25,關係維護,0
C1168,R108,2025-10-25,關係維護,0
C1168,R108,2025-12-02,產品推廣,0
C1168,R108,2025-12-01,產品推廣,0
C1168,R108,2025-11-21,產品推廣,0
C1168,R108,2025-11-04,產品推廣,0
C1168,R108,2025-12-28,產品推廣,0
C1168,R108,2025-12-24,關係維護,0
C1168,R108,2025-12-12,產品推廣,0
C1168,R108,2026-01-22,產品推廣,0
C1168,R108,2026-01-30,產品推廣,0
C1168,R108,2026-01-30,收款,0
C1168,R108,2026-01-28,收款,0
C1168,R108,2026-02-02,關係維護,0
C1168,R108,2026-02-05,關係維護,0
C1168,R108,2026-02-05,產品推廣,0
C1168,R108,2026-03-05,關係維護,0
C1168,R108,2026-03-22,產品推廣,0
C1168,R108,2026-04-27,產品推廣,0
C1168,R108,2026-04-06,產品推廣,0
C1168,R108,2026-04-11,產品推廣,0
C1168,R108,2026-05-13,關係維護,0
C1168,R108,2026-05-30,關係維護,0
C1168,R108,2026-05-06,收款,0
C1168,R108,2026-06-25,產品推廣,0
C1168,R108,2026-06-30,產品推廣,0
C1168,R108,2026-06-12,關係維護,0
C1168,R108,2026-06-18,產品推廣,0
C1168,R108,2026-06-22,關係維護,0
C1168,R108,2026-07-02,產品推廣,0
C1168,R108,2026-07-11,關係維護,0
C1168,R108,2026-07-24,客訴處理,0
C1168,R108,2026-07-19,關係維護,0
C1168,R108,2026-07-20,產品推廣,0
C1169,R114,2025-02-23,產品推廣,0
C1169,R114,2025-04-08,產品推廣,1
C1169,R114,2025-04-30,客訴處理,1
C1169,R114,2025-07-22,收款,0
C1169,R114,2025-09-08,收款,1
C1169,R114,2025-11-04,產品推廣,1
C1169,R114,2025-11-19,產品推廣,1
C1169,R114,2026-03-19,產品推廣,1
C1169,R114,2026-04-06,產品推廣,0
C1169,R114,2026-05-28,產品推廣,1
C1169,R114,2026-07-28,關係維護,1
C1170,R108,2025-03-23,關係維護,1
C1170,R108,2025-04-24,關係維護,0
C1170,R108,2025-04-26,關係維護,1
C1170,R108,2025-06-02,產品推廣,0
C1170,R108,2025-06-20,產品推廣,1
C1170,R108,2025-06-25,產品推廣,0
C1170,R108,2025-06-13,產品推廣,1
C1170,R108,2025-06-08,產品推廣,0
C1170,R108,2025-08-25,產品推廣,1
C1170,R108,2025-10-27,產品推廣,1
C1170,R108,2025-11-17,產品推廣,0
C1170,R108,2026-01-06,收款,0
C1170,R108,2026-01-31,產品推廣,0
C1170,R108,2026-02-27,產品推廣,1
C1170,R108,2026-02-08,收款,0
C1170,R108,2026-04-13,產品推廣,0
C1171,R102,2025-03-22,關係維護,0
C1171,R102,2025-04-17,收款,0
C1171,R102,2025-04-27,產品推廣,0
C1171,R102,2025-06-18,收款,0
C1171,R102,2025-07-02,關係維護,0
C1171,R102,2025-07-21,產品推廣,0
C1171,R102,2025-07-30,關係維護,0
C1171,R102,2025-10-03,客訴處理,0
C1171,R102,2025-10-03,關係維護,0
C1171,R102,2025-09-29,產品推廣,0
C1171,R102,2025-10-20,產品推廣,0
C1171,R102,2025-11-27,產品推廣,0
C1171,R102,2026-03-18,產品推廣,0
C1171,R102,2026-04-29,收款,0
C1171,R102,2026-04-06,產品推廣,0
C1171,R102,2026-05-17,產品推廣,0
C1171,R102,2026-06-17,產品推廣,0
C1171,R102,2026-07-16,產品推廣,0
C1172,R103,2025-03-01,收款,0
C1172,R103,2025-07-25,產品推廣,0
C1172,R103,2025-08-16,產品推廣,0
C1172,R103,2025-08-17,產品推廣,0
C1172,R103,2025-10-01,客訴處理,0
C1172,R103,2025-10-21,關係維護,0
C1172,R103,2025-12-16,產品推廣,0
C1172,R103,2025-12-22,產品推廣,0
C1172,R103,2026-01-24,產品推廣,0
C1172,R103,2026-02-12,關係維護,0
C1172,R103,2026-03-05,產品推廣,0
C1172,R103,2026-03-30,關係維護,0
C1172,R103,2026-04-06,產品推廣,0
C1172,R103,2026-05-20,產品推廣,0
C1173,R105,2025-03-02,產品推廣,0
C1173,R105,2025-03-20,產品推廣,0
C1173,R105,2025-04-18,產品推廣,0
C1173,R105,2025-04-10,收款,0
C1173,R105,2025-05-22,產品推廣,0
C1173,R105,2025-06-29,產品推廣,0
C1173,R105,2025-06-07,關係維護,0
C1173,R105,2025-07-28,產品推廣,0
C1173,R105,2025-08-25,產品推廣,0
C1173,R105,2025-10-01,關係維護,0
C1173,R105,2025-10-03,產品推廣,0
C1173,R105,2025-11-07,產品推廣,0
C1173,R105,2025-11-18,收款,0
C1173,R105,2025-11-20,收款,0
C1173,R105,2025-12-01,關係維護,0
C1173,R105,2025-11-26,關係維護,0
C1173,R105,2025-11-22,產品推廣,0
C1173,R105,2025-12-29,客訴處理,0
C1173,R105,2026-01-01,關係維護,0
C1173,R105,2025-12-25,產品推廣,0
C1173,R105,2026-01-30,產品推廣,0
C1173,R105,2026-01-06,關係維護,0
C1173,R105,2026-02-27,客訴處理,0
C1173,R105,2026-02-24,產品推廣,0
C1173,R105,2026-02-23,產品推廣,0
C1173,R105,2026-04-25,關係維護,0
C1173,R105,2026-04-20,產品推廣,0
C1173,R105,2026-06-08,產品推廣,0
C1173,R105,2026-06-15,產品推廣,0
C1173,R105,2026-07-18,產品推廣,0
C1174,R112,2025-02-17,產品推廣,0
C1174,R112,2025-02-19,收款,0
C1174,R112,2025-04-16,產品推廣,0
C1174,R112,2025-04-30,產品推廣,0
C1174,R112,2025-05-08,產品推廣,0
C1174,R112,2025-05-15,產品推廣,0
C1174,R112,2025-06-18,客訴處理,0
C1174,R112,2025-07-04,產品推廣,0
C1174,R112,2025-07-28,產品推廣,0
C1174,R112,2025-09-22,產品推廣,0
C1174,R112,2025-10-29,收款,0
C1174,R112,2025-10-30,產品推廣,0
C1174,R112,2025-12-27,關係維護,0
C1174,R112,2026-01-11,關係維護,0
C1174,R112,2026-02-22,產品推廣,0
C1174,R112,2026-02-17,關係維護,0
C1174,R112,2026-05-22,收款,0
C1174,R112,2026-05-19,關係維護,0
C1174,R112,2026-06-29,產品推廣,0
C1174,R112,2026-06-04,產品推廣,0
C1174,R112,2026-06-18,產品推廣,0
C1174,R112,2026-07-09,客訴處理,0
C1174,R112,2026-07-27,產品推廣,0
C1175,R103,2025-04-01,客訴處理,1
C1175,R103,2025-04-26,產品推廣,1
C1175,R103,2025-06-27,產品推廣,1
C1175,R103,2025-07-18,產品推廣,1
C1175,R103,2025-07-22,關係維護,0
C1175,R103,2025-09-16,關係維護,0
C1175,R103,2025-10-29,產品推廣,0
C1175,R103,2025-11-02,產品推廣,1
C1175,R103,2025-10-10,客訴處理,0
C1175,R103,2026-02-17,產品推廣,0
C1175,R103,2026-02-19,產品推廣,0
C1175,R103,2026-03-20,產品推廣,1
C1176,R101,2025-02-07,產品推廣,0
C1176,R101,2025-03-10,收款,0
C1176,R101,2025-03-16,產品推廣,0
C1176,R101,2025-04-15,產品推廣,0
C1176,R101,2025-04-30,產品推廣,0
C1176,R101,2025-06-03,關係維護,0
C1176,R101,2025-05-28,產品推廣,0
C1176,R101,2025-05-23,關係維護,0
C1176,R101,2025-05-28,關係維護,0
C1176,R101,2025-05-19,產品推廣,0
C1176,R101,2025-06-22,收款,0
C1176,R101,2025-06-10,客訴處理,0
C1176,R101,2025-06-29,產品推廣,0
C1176,R101,2025-06-07,產品推廣,0
C1176,R101,2025-07-19,收款,0
C1176,R101,2025-07-21,產品推廣,0
C1176,R101,2025-07-14,產品推廣,0
C1176,R101,2025-07-14,產品推廣,0
C1176,R101,2025-07-10,收款,0
C1176,R101,2025-08-01,收款,0
C1176,R101,2025-07-23,客訴處理,0
C1176,R101,2025-08-16,產品推廣,0
C1176,R101,2025-09-03,關係維護,0
C1176,R101,2025-09-23,關係維護,0
C1176,R101,2025-09-15,產品推廣,0
C1176,R101,2025-09-15,產品推廣,0
C1176,R101,2025-11-01,產品推廣,0
C1176,R101,2025-10-15,關係維護,0
C1176,R101,2025-10-22,收款,0
C1176,R101,2025-12-12,關係維護,0
C1176,R101,2025-12-30,產品推廣,0
C1176,R101,2025-12-29,產品推廣,0
C1176,R101,2025-12-15,關係維護,0
C1176,R101,2025-12-05,產品推廣,0
C1176,R101,2026-01-09,產品推廣,0
C1176,R101,2026-01-12,客訴處理,0
C1176,R101,2026-02-28,關係維護,0
C1176,R101,2026-02-25,產品推廣,0
C1176,R101,2026-03-17,產品推廣,0
C1176,R101,2026-03-22,收款,0
C1176,R101,2026-03-15,客訴處理,0
C1176,R101,2026-04-09,產品推廣,0
C1176,R101,2026-04-21,關係維護,0
C1176,R101,2026-04-22,關係維護,0
C1176,R101,2026-04-12,產品推廣,0
C1176,R101,2026-04-04,產品推廣,0
C1176,R101,2026-04-21,收款,0
C1176,R101,2026-05-24,客訴處理,0
C1176,R101,2026-05-14,關係維護,0
C1176,R101,2026-05-10,產品推廣,0
C1176,R101,2026-06-14,產品推廣,0
C1176,R101,2026-06-12,關係維護,0
C1176,R101,2026-07-20,關係維護,0
C1176,R101,2026-07-21,產品推廣,0
C1176,R101,2026-07-28,產品推廣,0
C1177,R117,2025-03-26,關係維護,0
C1177,R117,2025-03-29,產品推廣,0
C1177,R117,2025-05-02,產品推廣,0
C1177,R117,2025-05-25,產品推廣,0
C1177,R117,2025-08-27,產品推廣,0
C1177,R117,2025-09-02,產品推廣,0
C1177,R117,2025-09-21,客訴處理,0
C1177,R117,2025-10-11,產品推廣,0
C1177,R117,2025-10-17,關係維護,0
C1177,R117,2025-10-10,產品推廣,0
C1177,R117,2025-11-21,客訴處理,0
C1177,R117,2025-12-19,產品推廣,0
C1177,R117,2025-12-06,關係維護,0
C1177,R117,2025-12-10,關係維護,0
C1177,R117,2026-03-01,產品推廣,0
C1177,R117,2026-02-26,產品推廣,0
C1177,R117,2026-04-01,產品推廣,0
C1177,R117,2026-04-12,關係維護,0
C1177,R117,2026-05-18,關係維護,0
C1177,R117,2026-05-09,收款,0
C1177,R117,2026-05-10,關係維護,0
C1177,R117,2026-07-09,產品推廣,0
C1178,R114,2025-02-19,產品推廣,0
C1178,R114,2025-04-02,關係維護,1
C1178,R114,2025-03-30,產品推廣,0
C1178,R114,2025-03-25,產品推廣,0
C1178,R114,2025-05-10,關係維護,0
C1178,R114,2025-05-26,客訴處理,1
C1178,R114,2025-07-03,客訴處理,0
C1178,R114,2025-07-10,產品推廣,0
C1178,R114,2025-07-23,產品推廣,0
C1178,R114,2025-10-22,關係維護,1
C1178,R114,2025-12-01,產品推廣,1
C1178,R114,2025-12-12,收款,1
C1178,R114,2026-01-30,產品推廣,1
C1178,R114,2026-02-19,產品推廣,1
C1178,R114,2026-03-05,關係維護,1
C1178,R114,2026-06-29,關係維護,0
C1178,R114,2026-07-22,收款,1
C1179,R108,2025-03-04,產品推廣,0
C1179,R108,2025-06-12,關係維護,0
C1179,R108,2025-06-17,關係維護,0
C1179,R108,2025-06-08,關係維護,0
C1179,R108,2025-08-26,產品推廣,0
C1179,R108,2025-09-01,關係維護,0
C1179,R108,2025-08-10,客訴處理,0
C1179,R108,2025-09-06,產品推廣,0
C1179,R108,2025-11-08,產品推廣,0
C1179,R108,2026-01-15,客訴處理,0
C1179,R108,2026-03-21,產品推廣,0
C1179,R108,2026-05-31,產品推廣,0
C1179,R108,2026-05-22,關係維護,0
C1179,R108,2026-07-28,產品推廣,0
C1180,R102,2025-03-18,收款,0
C1180,R102,2025-04-04,關係維護,0
C1180,R102,2025-07-20,關係維護,0
C1180,R102,2025-07-31,產品推廣,0
C1180,R102,2025-07-26,產品推廣,0
C1180,R102,2025-11-08,關係維護,0
C1180,R102,2026-01-17,產品推廣,0
C1180,R102,2026-03-02,產品推廣,0
C1180,R102,2026-03-09,產品推廣,0
C1180,R102,2026-03-09,收款,0
C1180,R102,2026-04-05,產品推廣,0
C1180,R102,2026-05-29,關係維護,0
C1180,R102,2026-06-11,收款,0
C1181,R102,2025-02-13,關係維護,0
C1181,R102,2025-02-27,產品推廣,0
C1181,R102,2025-02-11,產品推廣,0
C1181,R102,2025-02-16,關係維護,0
C1181,R102,2025-04-09,產品推廣,0
C1181,R102,2025-05-08,產品推廣,0
C1181,R102,2025-07-05,收款,0
C1181,R102,2025-06-13,關係維護,0
C1181,R102,2025-07-17,產品推廣,0
C1181,R102,2025-07-07,產品推廣,0
C1181,R102,2025-07-20,收款,0
C1181,R102,2025-08-06,客訴處理,0
C1181,R102,2025-10-03,產品推廣,0
C1181,R102,2025-09-29,關係維護,0
C1181,R102,2025-11-02,產品推廣,0
C1181,R102,2025-10-17,產品推廣,0
C1181,R102,2025-12-02,收款,0
C1181,R102,2025-11-13,關係維護,0
C1181,R102,2025-11-06,產品推廣,0
C1181,R102,2025-12-06,產品推廣,0
C1181,R102,2026-02-17,客訴處理,0
C1181,R102,2026-03-24,關係維護,0
C1181,R102,2026-03-25,產品推廣,0
C1181,R102,2026-03-25,收款,0
C1181,R102,2026-04-24,關係維護,0
C1181,R102,2026-05-25,關係維護,0
C1181,R102,2026-06-27,產品推廣,0
C1181,R102,2026-06-21,關係維護,0
C1182,R116,2025-03-07,關係維護,1
C1182,R116,2025-03-02,關係維護,0
C1182,R116,2025-04-01,客訴處理,0
C1182,R116,2025-03-22,產品推廣,1
C1182,R116,2025-03-21,產品推廣,1
C1182,R116,2025-04-27,收款,1
C1182,R116,2025-05-10,產品推廣,1
C1182,R116,2025-05-20,客訴處理,1
C1182,R116,2025-05-23,客訴處理,1
C1182,R116,2025-06-26,產品推廣,0
C1182,R116,2025-07-21,產品推廣,0
C1182,R116,2025-07-07,關係維護,0
C1182,R116,2025-09-17,產品推廣,1
C1182,R116,2025-10-27,關係維護,1
C1182,R116,2025-11-08,客訴處理,1
C1182,R116,2025-12-13,收款,0
C1182,R116,2026-01-17,產品推廣,1
C1182,R116,2026-01-11,產品推廣,1
C1182,R116,2026-03-20,收款,1
C1182,R116,2026-05-19,關係維護,1
C1183,R116,2025-02-18,關係維護,1
C1183,R116,2025-02-16,產品推廣,1
C1183,R116,2025-03-14,客訴處理,1
C1183,R116,2025-04-15,收款,0
C1183,R116,2025-05-01,產品推廣,0
C1183,R116,2025-05-26,產品推廣,1
C1183,R116,2025-05-13,產品推廣,0
C1183,R116,2025-06-26,產品推廣,0
C1183,R116,2025-06-21,關係維護,1
C1183,R116,2025-07-07,收款,0
C1183,R116,2025-07-10,產品推廣,1
C1183,R116,2025-07-11,產品推廣,1
C1183,R116,2025-09-26,收款,1
C1183,R116,2025-10-26,產品推廣,1
C1183,R116,2025-11-23,產品推廣,1
C1183,R116,2025-11-20,產品推廣,1
C1183,R116,2025-11-05,客訴處理,0
C1183,R116,2025-11-28,客訴處理,0
C1183,R116,2025-12-12,產品推廣,1
C1183,R116,2025-12-25,產品推廣,0
C1183,R116,2025-12-06,產品推廣,0
C1183,R116,2026-02-27,關係維護,0
C1183,R116,2026-02-27,產品推廣,0
C1183,R116,2026-03-21,產品推廣,1
C1183,R116,2026-05-08,關係維護,0
C1184,R105,2025-02-15,產品推廣,0
C1184,R105,2025-04-02,產品推廣,0
C1184,R105,2025-05-03,產品推廣,0
C1184,R105,2025-05-13,收款,0
C1184,R105,2025-11-06,產品推廣,0
C1184,R105,2025-12-29,關係維護,0
C1184,R105,2026-03-10,客訴處理,0
C1184,R105,2026-03-27,關係維護,0
C1184,R105,2026-04-11,收款,0
C1184,R105,2026-05-01,客訴處理,0
C1184,R105,2026-07-19,產品推廣,0
C1185,R103,2025-03-07,產品推廣,0
C1185,R103,2025-03-15,產品推廣,0
C1185,R103,2025-03-12,產品推廣,0
C1185,R103,2025-05-21,關係維護,0
C1185,R103,2025-06-26,產品推廣,0
C1185,R103,2025-07-16,產品推廣,0
C1185,R103,2025-07-18,產品推廣,0
C1185,R103,2025-07-28,收款,0
C1185,R103,2025-11-27,收款,0
C1185,R103,2025-11-27,客訴處理,0
C1185,R103,2025-12-27,客訴處理,0
C1185,R103,2026-03-02,產品推廣,0
C1185,R103,2026-02-13,客訴處理,0
C1185,R103,2026-03-29,產品推廣,0
C1185,R103,2026-03-04,產品推廣,0
C1185,R103,2026-03-06,產品推廣,0
C1185,R103,2026-05-09,關係維護,0
C1185,R103,2026-06-30,關係維護,0
C1185,R103,2026-07-12,產品推廣,0
C1186,R111,2025-02-08,收款,0
C1186,R111,2025-03-20,收款,0
C1186,R111,2025-06-13,關係維護,0
C1186,R111,2025-06-16,產品推廣,0
C1186,R111,2025-07-22,產品推廣,0
C1186,R111,2025-08-26,產品推廣,0
C1186,R111,2025-10-14,關係維護,0
C1186,R111,2026-02-14,產品推廣,0
C1186,R111,2026-03-27,關係維護,0
C1186,R111,2026-03-11,關係維護,0
C1186,R111,2026-05-04,客訴處理,0
C1186,R111,2026-06-20,產品推廣,0
C1187,R111,2025-03-09,產品推廣,0
C1187,R111,2025-03-28,產品推廣,0
C1187,R111,2025-07-31,產品推廣,0
C1187,R111,2025-07-22,收款,0
C1187,R111,2025-08-14,產品推廣,0
C1187,R111,2025-08-20,關係維護,0
C1187,R111,2025-09-09,產品推廣,0
C1187,R111,2025-11-29,關係維護,0
C1187,R111,2026-01-10,產品推廣,0
C1187,R111,2026-02-15,關係維護,0
C1187,R111,2026-04-29,產品推廣,0
C1187,R111,2026-05-15,關係維護,0
C1187,R111,2026-06-26,產品推廣,0
C1187,R111,2026-07-13,產品推廣,0
C1187,R111,2026-07-04,產品推廣,0
C1188,R110,2025-02-18,產品推廣,0
C1188,R110,2025-02-20,關係維護,0
C1188,R110,2025-03-27,產品推廣,0
C1188,R110,2025-04-03,關係維護,0
C1188,R110,2025-05-30,關係維護,0
C1188,R110,2025-07-28,產品推廣,0
C1188,R110,2025-07-13,產品推廣,1
C1188,R110,2025-10-14,關係維護,0
C1188,R110,2025-10-17,關係維護,0
C1188,R110,2025-12-24,關係維護,0
C1188,R110,2026-03-12,收款,0
C1188,R110,2026-05-22,產品推廣,0
C1189,R102,2025-02-18,關係維護,0
C1189,R102,2025-02-11,產品推廣,0
C1189,R102,2025-02-20,產品推廣,0
C1189,R102,2025-03-07,產品推廣,0
C1189,R102,2025-03-05,產品推廣,0
C1189,R102,2025-03-03,關係維護,0
C1189,R102,2025-03-25,產品推廣,0
C1189,R102,2025-03-26,產品推廣,0
C1189,R102,2025-04-06,關係維護,0
C1189,R102,2025-03-25,收款,0
C1189,R102,2025-04-24,收款,0
C1189,R102,2025-04-28,關係維護,0
C1189,R102,2025-05-04,關係維護,0
C1189,R102,2025-04-15,產品推廣,0
C1189,R102,2025-04-22,產品推廣,0
C1189,R102,2025-05-21,關係維護,0
C1189,R102,2025-05-30,客訴處理,0
C1189,R102,2025-06-02,產品推廣,0
C1189,R102,2025-05-20,關係維護,0
C1189,R102,2025-05-11,客訴處理,0
C1189,R102,2025-06-30,關係維護,0
C1189,R102,2025-06-10,關係維護,0
C1189,R102,2025-06-15,產品推廣,0
C1189,R102,2025-07-05,產品推廣,0
C1189,R102,2025-07-07,關係維護,0
C1189,R102,2025-07-13,產品推廣,0
C1189,R102,2025-07-29,產品推廣,0
C1189,R102,2025-07-07,產品推廣,0
C1189,R102,2025-08-11,收款,0
C1189,R102,2025-08-31,產品推廣,0
C1189,R102,2025-08-20,產品推廣,0
C1189,R102,2025-08-06,產品推廣,0
C1189,R102,2025-09-03,產品推廣,0
C1189,R102,2025-09-20,收款,0
C1189,R102,2025-10-16,關係維護,0
C1189,R102,2025-10-29,產品推廣,0
C1189,R102,2025-10-28,收款,0
C1189,R102,2025-10-31,客訴處理,0
C1189,R102,2025-10-06,產品推廣,0
C1189,R102,2025-11-10,產品推廣,0
C1189,R102,2025-11-15,產品推廣,0
C1189,R102,2025-11-20,產品推廣,0
C1189,R102,2025-12-26,產品推廣,0
C1189,R102,2025-12-23,產品推廣,0
C1189,R102,2026-01-30,產品推廣,0
C1189,R102,2026-02-21,產品推廣,0
C1189,R102,2026-02-22,產品推廣,0
C1189,R102,2026-02-02,產品推廣,0
C1189,R102,2026-03-28,產品推廣,0
C1189,R102,2026-03-11,收款,0
C1189,R102,2026-03-07,客訴處理,0
C1189,R102,2026-03-31,關係維護,0
C1189,R102,2026-03-24,產品推廣,0
C1189,R102,2026-03-16,收款,0
C1189,R102,2026-03-04,產品推廣,0
C1189,R102,2026-03-14,關係維護,0
C1189,R102,2026-04-26,產品推廣,0
C1189,R102,2026-05-30,收款,0
C1189,R102,2026-06-08,關係維護,0
C1189,R102,2026-06-06,關係維護,0
C1189,R102,2026-07-17,產品推廣,0
C1189,R102,2026-07-27,產品推廣,0
C1190,R115,2025-02-21,關係維護,1
C1190,R115,2025-03-21,產品推廣,1
C1190,R115,2025-03-17,產品推廣,0
C1190,R115,2025-03-15,關係維護,1
C1190,R115,2025-03-13,產品推廣,0
C1190,R115,2025-04-13,產品推廣,0
C1190,R115,2025-05-27,關係維護,1
C1190,R115,2025-06-09,客訴處理,1
C1190,R115,2025-07-20,產品推廣,1
C1190,R115,2025-07-28,產品推廣,1
C1190,R115,2025-07-17,產品推廣,0
C1190,R115,2025-07-21,產品推廣,0
C1190,R115,2025-08-12,關係維護,0
C1190,R115,2025-08-29,收款,0
C1190,R115,2025-09-10,客訴處理,0
C1190,R115,2025-09-13,產品推廣,0
C1190,R115,2025-10-20,收款,0
C1190,R115,2025-12-12,產品推廣,0
C1190,R115,2025-12-25,產品推廣,1
C1190,R115,2026-03-04,關係維護,0
C1190,R115,2026-03-17,客訴處理,0
C1190,R115,2026-03-19,產品推廣,1
C1190,R115,2026-03-18,產品推廣,0
C1190,R115,2026-04-11,關係維護,0
C1190,R115,2026-05-20,產品推廣,0
C1190,R115,2026-05-31,客訴處理,0
C1190,R115,2026-06-25,產品推廣,0
C1190,R115,2026-07-29,產品推廣,0
C1191,R109,2025-02-21,關係維護,0
C1191,R109,2025-05-06,收款,0
C1191,R109,2025-05-20,產品推廣,0
C1191,R109,2025-06-15,產品推廣,0
C1191,R109,2025-06-08,產品推廣,0
C1191,R109,2025-06-16,產品推廣,0
C1191,R109,2025-07-08,關係維護,0
C1191,R109,2025-08-10,產品推廣,0
C1191,R109,2025-10-21,產品推廣,0
C1191,R109,2025-10-16,產品推廣,0
C1191,R109,2026-02-27,客訴處理,0
C1191,R109,2026-03-18,收款,0
C1191,R109,2026-03-15,產品推廣,0
C1191,R109,2026-06-03,產品推廣,0
C1192,R108,2025-02-25,客訴處理,0
C1192,R108,2025-02-22,客訴處理,0
C1192,R108,2025-03-25,關係維護,0
C1192,R108,2025-03-12,產品推廣,0
C1192,R108,2025-06-19,產品推廣,0
C1192,R108,2025-07-14,產品推廣,0
C1192,R108,2025-07-28,關係維護,0
C1192,R108,2025-08-14,產品推廣,0
C1192,R108,2025-08-10,產品推廣,0
C1192,R108,2025-10-02,產品推廣,0
C1192,R108,2025-09-14,產品推廣,0
C1192,R108,2025-10-06,關係維護,0
C1192,R108,2025-10-25,產品推廣,0
C1192,R108,2025-11-25,關係維護,0
C1192,R108,2025-11-25,產品推廣,0
C1192,R108,2025-12-10,產品推廣,0
C1192,R108,2025-12-26,產品推廣,0
C1192,R108,2026-03-18,產品推廣,0
C1192,R108,2026-05-24,關係維護,0
C1192,R108,2026-06-29,關係維護,0
C1192,R108,2026-06-19,收款,0
C1192,R108,2026-07-22,關係維護,0
C1192,R108,2026-07-26,收款,0
C1193,R110,2025-02-21,客訴處理,0
C1193,R110,2025-02-09,產品推廣,0
C1193,R110,2025-04-22,產品推廣,0
C1193,R110,2025-04-28,產品推廣,0
C1193,R110,2025-05-30,客訴處理,0
C1193,R110,2025-06-28,產品推廣,0
C1193,R110,2025-07-11,關係維護,0
C1193,R110,2025-07-19,產品推廣,0
C1193,R110,2025-07-28,關係維護,0
C1193,R110,2025-09-15,產品推廣,0
C1193,R110,2026-01-01,產品推廣,0
C1193,R110,2025-12-05,產品推廣,0
C1193,R110,2026-03-29,產品推廣,0
C1193,R110,2026-05-27,關係維護,0
C1194,R105,2025-02-19,產品推廣,0
C1194,R105,2025-02-14,關係維護,0
C1194,R105,2025-03-07,產品推廣,0
C1194,R105,2025-04-20,產品推廣,0
C1194,R105,2025-05-18,客訴處理,1
C1194,R105,2025-05-24,產品推廣,0
C1194,R105,2025-05-17,收款,0
C1194,R105,2025-06-07,產品推廣,1
C1194,R105,2025-07-04,產品推廣,0
C1194,R105,2025-07-04,產品推廣,0
C1194,R105,2025-07-29,客訴處理,0
C1194,R105,2025-09-01,產品推廣,0
C1194,R105,2025-08-16,關係維護,0
C1194,R105,2025-10-19,客訴處理,0
C1194,R105,2025-11-24,收款,0
C1194,R105,2025-11-07,產品推廣,1
C1194,R105,2025-12-20,產品推廣,1
C1194,R105,2026-01-31,產品推廣,1
C1194,R105,2026-02-27,產品推廣,1
C1194,R105,2026-02-16,產品推廣,1
C1194,R105,2026-04-01,關係維護,0
C1194,R105,2026-03-19,產品推廣,0
C1194,R105,2026-03-19,收款,0
C1194,R105,2026-07-18,關係維護,0
C1194,R105,2026-07-11,關係維護,1
C1195,R116,2025-06-12,關係維護,0
C1195,R116,2025-08-07,產品推廣,0
C1195,R116,2025-09-21,產品推廣,0
C1195,R116,2025-11-04,客訴處理,0
C1195,R116,2025-11-06,客訴處理,0
C1195,R116,2025-11-08,產品推廣,0
C1195,R116,2026-01-15,關係維護,0
C1195,R116,2026-03-26,關係維護,0
C1195,R116,2026-04-14,產品推廣,0
C1195,R116,2026-05-04,關係維護,0
C1195,R116,2026-07-21,客訴處理,0
C1196,R111,2025-04-29,產品推廣,0
C1196,R111,2025-04-24,關係維護,1
C1196,R111,2025-06-18,產品推廣,0
C1196,R111,2025-07-29,收款,1
C1196,R111,2025-07-17,收款,0
C1196,R111,2025-10-15,關係維護,0
C1196,R111,2025-12-22,產品推廣,0
C1196,R111,2026-01-11,產品推廣,0
C1196,R111,2026-02-04,產品推廣,1
C1196,R111,2026-04-09,產品推廣,0
C1197,R104,2025-07-01,關係維護,0
C1197,R104,2025-08-30,產品推廣,1
C1197,R104,2025-09-17,關係維護,1
C1197,R104,2025-09-12,客訴處理,1
C1197,R104,2025-10-05,產品推廣,1
C1197,R104,2026-03-22,產品推廣,0
C1197,R104,2026-06-22,產品推廣,1
C1198,R111,2025-02-23,產品推廣,0
C1198,R111,2025-02-18,收款,0
C1198,R111,2025-04-08,產品推廣,0
C1198,R111,2025-05-14,客訴處理,0
C1198,R111,2025-07-05,收款,0
C1198,R111,2025-07-30,產品推廣,0
C1198,R111,2025-10-09,關係維護,0
C1198,R111,2026-01-29,產品推廣,0
C1198,R111,2026-06-20,收款,0
C1199,R103,2025-02-15,產品推廣,0
C1199,R103,2025-02-16,產品推廣,0
C1199,R103,2025-02-17,產品推廣,0
C1199,R103,2025-02-10,產品推廣,0
C1199,R103,2025-03-29,關係維護,0
C1199,R103,2025-03-28,產品推廣,0
C1199,R103,2025-04-05,產品推廣,0
C1199,R103,2025-03-31,客訴處理,0
C1199,R103,2025-04-03,產品推廣,0
C1199,R103,2025-04-27,關係維護,0
C1199,R103,2025-05-18,產品推廣,0
C1199,R103,2025-05-26,產品推廣,0
C1199,R103,2025-06-04,產品推廣,0
C1199,R103,2025-06-13,收款,0
C1199,R103,2025-06-11,關係維護,0
C1199,R103,2025-06-14,關係維護,0
C1199,R103,2025-06-12,產品推廣,0
C1199,R103,2025-06-08,客訴處理,0
C1199,R103,2025-07-28,收款,0
C1199,R103,2025-08-02,客訴處理,0
C1199,R103,2025-07-28,產品推廣,0
C1199,R103,2025-07-15,收款,0
C1199,R103,2025-10-25,產品推廣,0
C1199,R103,2025-11-13,關係維護,0
C1199,R103,2025-11-24,產品推廣,0
C1199,R103,2025-12-11,收款,0
C1199,R103,2025-12-22,產品推廣,0
C1199,R103,2026-01-23,收款,0
C1199,R103,2026-02-04,產品推廣,0
C1199,R103,2026-03-10,關係維護,0
C1199,R103,2026-04-23,關係維護,0
C1199,R103,2026-04-06,產品推廣,0
C1199,R103,2026-05-10,關係維護,0
C1199,R103,2026-05-26,收款,0
C1199,R103,2026-06-14,關係維護,0
C1199,R103,2026-06-16,產品推廣,0
C1199,R103,2026-07-23,關係維護,0
C1200,R115,2025-04-29,關係維護,0
C1200,R115,2025-05-24,產品推廣,0
C1200,R115,2025-07-12,客訴處理,0
C1200,R115,2025-08-03,關係維護,0
C1200,R115,2025-07-22,產品推廣,0
C1200,R115,2025-08-18,關係維護,0
C1200,R115,2025-09-07,產品推廣,0
C1200,R115,2025-10-30,關係維護,0
C1200,R115,2025-12-16,產品推廣,0
C1200,R115,2026-01-07,客訴處理,0
C1200,R115,2026-02-10,客訴處理,0
C1200,R115,2026-03-21,產品推廣,0
C1200,R115,2026-04-03,關係維護,0
C1200,R115,2026-04-30,產品推廣,0
C1200,R115,2026-05-03,產品推廣,0
C1200,R115,2026-05-04,收款,0
C1200,R115,2026-06-10,收款,0
C1201,R100,2025-02-07,產品推廣,0
C1201,R100,2025-02-23,關係維護,0
C1201,R100,2025-03-14,產品推廣,0
C1201,R100,2025-03-12,關係維護,0
C1201,R100,2025-04-04,關係維護,0
C1201,R100,2025-03-29,產品推廣,0
C1201,R100,2025-04-11,產品推廣,0
C1201,R100,2025-04-13,產品推廣,0
C1201,R100,2025-05-20,產品推廣,0
C1201,R100,2025-05-08,關係維護,0
C1201,R100,2025-05-23,產品推廣,0
C1201,R100,2025-07-03,收款,0
C1201,R100,2025-06-14,收款,0
C1201,R100,2025-06-12,產品推廣,0
C1201,R100,2025-07-28,客訴處理,0
C1201,R100,2025-07-30,產品推廣,0
C1201,R100,2025-07-17,收款,0
C1201,R100,2025-08-23,產品推廣,0
C1201,R100,2025-08-24,產品推廣,0
C1201,R100,2025-08-31,產品推廣,0
C1201,R100,2025-09-25,客訴處理,0
C1201,R100,2025-09-17,產品推廣,0
C1201,R100,2025-09-22,產品推廣,0
C1201,R100,2025-09-18,產品推廣,0
C1201,R100,2025-10-17,關係維護,0
C1201,R100,2025-10-26,收款,0
C1201,R100,2025-10-30,產品推廣,0
C1201,R100,2025-11-13,收款,0
C1201,R100,2025-12-19,客訴處理,0
C1201,R100,2025-12-28,關係維護,0
C1201,R100,2025-12-08,產品推廣,0
C1201,R100,2025-12-23,產品推廣,0
C1201,R100,2026-01-17,產品推廣,0
C1201,R100,2026-02-18,收款,0
C1201,R100,2026-02-17,產品推廣,0
C1201,R100,2026-02-15,收款,0
C1201,R100,2026-02-11,客訴處理,0
C1201,R100,2026-03-12,產品推廣,0
C1201,R100,2026-03-10,產品推廣,0
C1201,R100,2026-04-26,客訴處理,0
C1201,R100,2026-05-01,關係維護,0
C1201,R100,2026-04-22,產品推廣,0
C1201,R100,2026-04-03,關係維護,0
C1201,R100,2026-04-30,收款,0
C1201,R100,2026-04-28,產品推廣,0
C1201,R100,2026-04-23,關係維護,0
C1201,R100,2026-05-07,關係維護,0
C1201,R100,2026-05-27,產品推廣,0
C1201,R100,2026-05-24,收款,0
C1201,R100,2026-05-26,客訴處理,0
C1201,R100,2026-05-25,關係維護,0
C1201,R100,2026-06-21,產品推廣,0
C1201,R100,2026-06-17,產品推廣,0
C1201,R100,2026-07-18,產品推廣,0
C1201,R100,2026-07-04,產品推廣,0
C1201,R100,2026-07-08,產品推廣,0
C1201,R100,2026-07-05,收款,0
C1202,R111,2025-03-07,產品推廣,0
C1202,R111,2025-03-02,關係維護,0
C1202,R111,2025-03-19,關係維護,0
C1202,R111,2025-03-16,收款,0
C1202,R111,2025-04-21,產品推廣,0
C1202,R111,2025-05-23,產品推廣,0
C1202,R111,2025-05-23,產品推廣,0
C1202,R111,2025-05-21,關係維護,0
C1202,R111,2025-05-19,關係維護,0
C1202,R111,2025-05-29,收款,0
C1202,R111,2025-07-02,客訴處理,0
C1202,R111,2025-06-26,產品推廣,0
C1202,R111,2025-06-25,產品推廣,0
C1202,R111,2025-07-09,產品推廣,0
C1202,R111,2025-07-08,收款,0
C1202,R111,2025-07-22,收款,0
C1202,R111,2025-08-17,關係維護,0
C1202,R111,2025-08-08,產品推廣,0
C1202,R111,2025-09-29,收款,0
C1202,R111,2025-09-16,產品推廣,0
C1202,R111,2025-09-16,收款,0
C1202,R111,2025-10-09,關係維護,0
C1202,R111,2025-10-25,客訴處理,0
C1202,R111,2025-10-26,關係維護,0
C1202,R111,2025-11-17,產品推廣,0
C1202,R111,2025-12-09,產品推廣,0
C1202,R111,2026-01-01,客訴處理,0
C1202,R111,2025-12-18,關係維護,0
C1202,R111,2025-12-19,收款,0
C1202,R111,2025-12-17,產品推廣,0
C1202,R111,2026-01-31,關係維護,0
C1202,R111,2026-01-20,產品推廣,0
C1202,R111,2026-01-12,產品推廣,0
C1202,R111,2026-01-21,收款,0
C1202,R111,2026-02-22,產品推廣,0
C1202,R111,2026-02-04,產品推廣,0
C1202,R111,2026-02-04,關係維護,0
C1202,R111,2026-02-22,關係維護,0
C1202,R111,2026-02-18,收款,0
C1202,R111,2026-03-27,客訴處理,0
C1202,R111,2026-04-01,產品推廣,0
C1202,R111,2026-03-06,產品推廣,0
C1202,R111,2026-03-27,關係維護,0
C1202,R111,2026-03-25,客訴處理,0
C1202,R111,2026-04-30,產品推廣,0
C1202,R111,2026-04-24,客訴處理,0
C1202,R111,2026-04-09,產品推廣,0
C1202,R111,2026-05-23,產品推廣,0
C1202,R111,2026-05-06,客訴處理,0
C1202,R111,2026-05-25,關係維護,0
C1202,R111,2026-06-12,關係維護,0
C1202,R111,2026-06-22,產品推廣,0
C1202,R111,2026-06-14,產品推廣,0
C1202,R111,2026-06-13,收款,0
C1202,R111,2026-06-11,關係維護,0
C1202,R111,2026-07-23,關係維護,0
C1202,R111,2026-07-03,關係維護,0
C1202,R111,2026-07-23,產品推廣,0
C1203,R108,2025-02-23,收款,0
C1203,R108,2025-03-11,關係維護,0
C1203,R108,2025-03-13,客訴處理,0
C1203,R108,2025-04-25,產品推廣,0
C1203,R108,2025-04-11,產品推廣,0
C1203,R108,2025-05-25,關係維護,0
C1203,R108,2025-05-17,關係維護,0
C1203,R108,2025-06-30,產品推廣,0
C1203,R108,2025-06-26,產品推廣,0
C1203,R108,2025-08-01,關係維護,0
C1203,R108,2025-08-08,關係維護,0
C1203,R108,2025-08-18,收款,0
C1203,R108,2025-10-26,產品推廣,0
C1203,R108,2025-10-07,產品推廣,0
C1203,R108,2025-11-30,收款,0
C1203,R108,2026-01-11,產品推廣,0
C1203,R108,2026-01-18,收款,0
C1203,R108,2026-02-05,產品推廣,0
C1203,R108,2026-02-02,關係維護,0
C1203,R108,2026-03-30,產品推廣,0
C1203,R108,2026-05-29,關係維護,0
C1203,R108,2026-07-06,關係維護,0
C1203,R108,2026-07-11,產品推廣,0
C1203,R108,2026-07-29,產品推廣,0
C1203,R108,2026-07-23,產品推廣,0
C1203,R108,2026-07-17,關係維護,0
C1204,R117,2025-03-22,關係維護,0
C1204,R117,2025-05-08,收款,0
C1204,R117,2025-07-10,關係維護,0
C1204,R117,2025-08-08,客訴處理,0
C1204,R117,2025-09-28,產品推廣,0
C1204,R117,2025-10-11,產品推廣,0
C1204,R117,2025-10-06,關係維護,0
C1204,R117,2025-11-13,關係維護,0
C1204,R117,2025-12-07,產品推廣,0
C1204,R117,2025-12-21,產品推廣,0
C1204,R117,2026-01-07,產品推廣,0
C1204,R117,2026-01-06,關係維護,0
C1204,R117,2026-01-07,關係維護,0
C1204,R117,2026-03-12,關係維護,0
C1204,R117,2026-03-11,關係維護,0
C1204,R117,2026-04-07,客訴處理,0
C1204,R117,2026-05-15,關係維護,0
C1204,R117,2026-06-16,客訴處理,0
C1204,R117,2026-07-15,產品推廣,0
C1204,R117,2026-07-05,關係維護,0
C1205,R108,2025-02-20,關係維護,0
C1205,R108,2025-03-01,產品推廣,0
C1205,R108,2025-04-19,產品推廣,1
C1205,R108,2025-05-17,收款,0
C1205,R108,2025-05-21,產品推廣,0
C1205,R108,2025-05-16,產品推廣,1
C1205,R108,2025-05-17,關係維護,0
C1205,R108,2025-07-04,關係維護,0
C1205,R108,2025-06-07,產品推廣,0
C1205,R108,2025-06-17,關係維護,0
C1205,R108,2025-06-29,產品推廣,0
C1205,R108,2025-07-26,產品推廣,1
C1205,R108,2025-07-28,產品推廣,1
C1205,R108,2025-07-19,關係維護,0
C1205,R108,2025-08-25,關係維護,1
C1205,R108,2025-08-17,客訴處理,1
C1205,R108,2025-08-22,關係維護,1
C1205,R108,2025-08-21,客訴處理,1
C1205,R108,2025-09-12,產品推廣,0
C1205,R108,2025-09-18,關係維護,1
C1205,R108,2025-09-06,客訴處理,0
C1205,R108,2025-09-19,產品推廣,1
C1205,R108,2025-10-03,產品推廣,1
C1205,R108,2025-10-24,產品推廣,0
C1205,R108,2025-10-25,客訴處理,0
C1205,R108,2025-10-30,關係維護,0
C1205,R108,2025-11-27,關係維護,1
C1205,R108,2025-11-14,收款,0
C1205,R108,2025-11-11,客訴處理,1
C1205,R108,2025-11-30,客訴處理,0
C1205,R108,2025-12-01,關係維護,1
C1205,R108,2025-12-10,關係維護,0
C1205,R108,2026-01-06,產品推廣,1
C1205,R108,2026-01-31,產品推廣,0
C1205,R108,2026-01-16,關係維護,1
C1205,R108,2026-01-30,產品推廣,0
C1205,R108,2026-01-30,收款,0
C1205,R108,2026-01-11,產品推廣,1
C1205,R108,2026-02-15,客訴處理,1
C1205,R108,2026-02-10,產品推廣,0
C1205,R108,2026-02-08,關係維護,1
C1205,R108,2026-02-24,收款,1
C1205,R108,2026-03-16,產品推廣,0
C1205,R108,2026-04-23,關係維護,1
C1205,R108,2026-05-28,客訴處理,0
C1205,R108,2026-05-08,產品推廣,1
C1205,R108,2026-05-03,客訴處理,0
C1205,R108,2026-06-16,產品推廣,0
C1205,R108,2026-07-13,關係維護,0
C1205,R108,2026-07-27,產品推廣,1
C1206,R115,2025-02-28,產品推廣,0
C1206,R115,2025-02-20,關係維護,0
C1206,R115,2025-04-11,產品推廣,1
C1206,R115,2025-04-15,關係維護,0
C1206,R115,2025-05-22,產品推廣,0
C1206,R115,2025-08-13,產品推廣,1
C1206,R115,2025-10-16,關係維護,1
C1206,R115,2025-11-28,產品推廣,1
C1206,R115,2025-12-14,收款,0
C1206,R115,2026-02-19,產品推廣,0
C1206,R115,2026-02-28,收款,0
C1206,R115,2026-05-07,產品推廣,1
C1206,R115,2026-06-21,收款,0
C1206,R115,2026-07-29,產品推廣,1
C1206,R115,2026-07-21,關係維護,0
C1207,R115,2025-03-05,產品推廣,0
C1207,R115,2025-04-17,產品推廣,0
C1207,R115,2025-05-06,收款,0
C1207,R115,2025-04-24,關係維護,0
C1207,R115,2025-05-13,客訴處理,0
C1207,R115,2025-05-26,產品推廣,0
C1207,R115,2025-07-04,產品推廣,0
C1207,R115,2025-06-23,關係維護,0
C1207,R115,2025-07-31,產品推廣,0
C1207,R115,2025-08-25,關係維護,0
C1207,R115,2025-08-07,收款,0
C1207,R115,2025-08-15,產品推廣,0
C1207,R115,2025-09-24,產品推廣,0
C1207,R115,2025-09-10,關係維護,0
C1207,R115,2025-10-14,客訴處理,0
C1207,R115,2025-11-14,產品推廣,0
C1207,R115,2025-11-29,關係維護,0
C1207,R115,2025-12-24,產品推廣,0
C1207,R115,2025-12-22,關係維護,0
C1207,R115,2026-01-31,產品推廣,0
C1207,R115,2026-01-06,產品推廣,0
C1207,R115,2026-01-13,產品推廣,0
C1207,R115,2026-01-25,產品推廣,0
C1207,R115,2026-04-29,產品推廣,0
C1207,R115,2026-04-25,關係維護,0
C1207,R115,2026-04-22,關係維護,0
C1207,R115,2026-05-03,產品推廣,0
C1207,R115,2026-06-21,產品推廣,0
C1207,R115,2026-06-08,產品推廣,0
C1207,R115,2026-06-22,產品推廣,0
C1207,R115,2026-06-15,關係維護,0
C1207,R115,2026-06-10,產品推廣,0
C1207,R115,2026-07-04,產品推廣,0
C1207,R115,2026-07-28,產品推廣,0
C1207,R115,2026-07-08,收款,0
C1208,R107,2025-03-21,產品推廣,0
C1208,R107,2025-03-19,產品推廣,0
C1208,R107,2025-05-19,收款,0
C1208,R107,2025-06-28,關係維護,0
C1208,R107,2025-07-19,產品推廣,0
C1208,R107,2025-08-16,產品推廣,0
C1208,R107,2025-10-25,產品推廣,0
C1208,R107,2025-12-06,關係維護,0
C1208,R107,2025-12-14,產品推廣,0
C1208,R107,2026-03-20,產品推廣,0
C1208,R107,2026-03-05,客訴處理,0
C1208,R107,2026-03-13,產品推廣,0
C1208,R107,2026-04-18,收款,0
C1209,R102,2025-03-03,關係維護,0
C1209,R102,2025-05-04,關係維護,0
C1209,R102,2025-04-29,關係維護,0
C1209,R102,2025-05-19,客訴處理,0
C1209,R102,2025-07-12,關係維護,0
C1209,R102,2025-08-16,關係維護,0
C1209,R102,2025-09-11,產品推廣,0
C1209,R102,2025-10-09,收款,0
C1209,R102,2025-10-21,產品推廣,0
C1209,R102,2025-11-29,產品推廣,0
C1209,R102,2025-11-04,產品推廣,0
C1209,R102,2025-11-09,收款,0
C1209,R102,2025-11-30,產品推廣,0
C1209,R102,2025-11-28,收款,0
C1209,R102,2025-12-14,關係維護,0
C1209,R102,2026-01-27,關係維護,0
C1209,R102,2026-02-24,客訴處理,0
C1209,R102,2026-02-04,關係維護,0
C1209,R102,2026-03-05,客訴處理,0
C1209,R102,2026-04-15,產品推廣,0
C1209,R102,2026-05-08,收款,0
C1209,R102,2026-06-06,產品推廣,0
C1209,R102,2026-06-19,產品推廣,0
C1209,R102,2026-07-27,收款,0
C1209,R102,2026-07-30,產品推廣,0
C1210,R107,2025-03-24,產品推廣,0
C1210,R107,2025-04-24,客訴處理,0
C1210,R107,2025-04-16,收款,1
C1210,R107,2025-06-27,產品推廣,1
C1210,R107,2025-08-19,產品推廣,0
C1210,R107,2025-09-15,關係維護,0
C1210,R107,2025-10-01,關係維護,1
C1210,R107,2025-10-19,產品推廣,1
C1210,R107,2026-01-22,產品推廣,0
C1210,R107,2026-05-19,產品推廣,1
C1210,R107,2026-06-15,關係維護,0
C1210,R107,2026-06-02,產品推廣,1
C1210,R107,2026-07-23,關係維護,0
C1211,R109,2025-02-24,關係維護,0
C1211,R109,2025-02-25,客訴處理,0
C1211,R109,2025-02-24,收款,0
C1211,R109,2025-04-06,產品推廣,0
C1211,R109,2025-03-14,關係維護,0
C1211,R109,2025-04-23,產品推廣,0
C1211,R109,2025-05-29,產品推廣,0
C1211,R109,2025-06-04,關係維護,0
C1211,R109,2025-07-03,產品推廣,0
C1211,R109,2025-07-04,產品推廣,0
C1211,R109,2025-06-14,產品推廣,0
C1211,R109,2025-06-12,收款,0
C1211,R109,2025-06-10,產品推廣,0
C1211,R109,2025-07-16,產品推廣,0
C1211,R109,2025-07-12,產品推廣,0
C1211,R109,2025-07-25,產品推廣,0
C1211,R109,2025-08-09,收款,0
C1211,R109,2025-08-18,收款,0
C1211,R109,2025-10-01,客訴處理,0
C1211,R109,2025-09-12,產品推廣,0
C1211,R109,2025-12-01,產品推廣,0
C1211,R109,2025-11-08,產品推廣,0
C1211,R109,2025-12-25,產品推廣,0
C1211,R109,2026-02-21,客訴處理,0
C1211,R109,2026-02-16,產品推廣,0
C1211,R109,2026-03-19,產品推廣,0
C1211,R109,2026-03-16,產品推廣,0
C1211,R109,2026-05-18,產品推廣,0
C1211,R109,2026-05-18,關係維護,0
C1211,R109,2026-05-18,關係維護,0
C1211,R109,2026-06-30,產品推廣,0
C1211,R109,2026-06-06,產品推廣,0
C1211,R109,2026-07-12,產品推廣,0
C1211,R109,2026-07-22,客訴處理,0
C1212,R104,2025-02-26,產品推廣,0
C1212,R104,2025-02-10,產品推廣,0
C1212,R104,2025-02-25,產品推廣,0
C1212,R104,2025-03-03,產品推廣,0
C1212,R104,2025-04-02,產品推廣,0
C1212,R104,2025-03-31,產品推廣,0
C1212,R104,2025-04-19,產品推廣,0
C1212,R104,2025-05-21,收款,0
C1212,R104,2025-07-20,關係維護,0
C1212,R104,2025-07-08,關係維護,0
C1212,R104,2025-08-18,客訴處理,0
C1212,R104,2025-08-28,關係維護,0
C1212,R104,2025-09-07,關係維護,0
C1212,R104,2025-09-29,客訴處理,0
C1212,R104,2025-10-07,產品推廣,0
C1212,R104,2025-10-27,客訴處理,0
C1212,R104,2025-11-26,收款,0
C1212,R104,2025-11-16,產品推廣,0
C1212,R104,2025-11-11,收款,0
C1212,R104,2025-12-13,收款,0
C1212,R104,2025-12-14,產品推廣,0
C1212,R104,2026-01-03,收款,0
C1212,R104,2026-02-23,產品推廣,0
C1212,R104,2026-02-27,產品推廣,0
C1212,R104,2026-02-21,產品推廣,0
C1212,R104,2026-03-18,客訴處理,0
C1212,R104,2026-03-06,產品推廣,0
C1212,R104,2026-03-31,產品推廣,0
C1212,R104,2026-04-16,客訴處理,0
C1212,R104,2026-04-23,客訴處理,0
C1212,R104,2026-05-29,客訴處理,0
C1212,R104,2026-06-05,關係維護,0
C1212,R104,2026-06-30,關係維護,0
C1212,R104,2026-07-27,產品推廣,0
C1212,R104,2026-07-20,產品推廣,0
C1213,R108,2025-03-15,收款,0
C1213,R108,2025-05-14,產品推廣,1
C1213,R108,2025-07-24,關係維護,1
C1213,R108,2025-09-22,產品推廣,0
C1213,R108,2026-01-27,收款,0
C1213,R108,2026-03-30,產品推廣,0
C1213,R108,2026-03-30,產品推廣,0
C1213,R108,2026-03-18,收款,1
C1213,R108,2026-03-19,關係維護,1
C1213,R108,2026-05-11,產品推廣,0
C1214,R108,2025-02-10,客訴處理,0
C1214,R108,2025-05-05,產品推廣,0
C1214,R108,2025-05-05,關係維護,0
C1214,R108,2025-06-17,產品推廣,0
C1214,R108,2025-07-26,收款,0
C1214,R108,2025-11-01,關係維護,0
C1214,R108,2025-11-16,關係維護,0
C1214,R108,2025-11-09,產品推廣,0
C1214,R108,2025-12-22,關係維護,0
C1214,R108,2025-12-26,產品推廣,0
C1214,R108,2025-12-15,產品推廣,0
C1214,R108,2026-01-28,客訴處理,0
C1214,R108,2026-01-23,產品推廣,0
C1214,R108,2026-02-14,關係維護,0
C1214,R108,2026-03-16,關係維護,0
C1214,R108,2026-03-24,收款,0
C1214,R108,2026-04-16,產品推廣,0
C1214,R108,2026-05-09,客訴處理,0
C1214,R108,2026-05-19,產品推廣,0
C1214,R108,2026-05-14,產品推廣,0
C1214,R108,2026-05-08,產品推廣,0
C1214,R108,2026-05-18,關係維護,0
C1214,R108,2026-06-17,關係維護,0
C1214,R108,2026-07-22,產品推廣,0
C1214,R108,2026-07-19,產品推廣,0
C1214,R108,2026-07-14,關係維護,0
C1214,R108,2026-07-17,收款,0
C1215,R100,2025-02-12,產品推廣,0
C1215,R100,2025-02-10,關係維護,0
C1215,R100,2025-03-14,客訴處理,0
C1215,R100,2025-03-24,產品推廣,0
C1215,R100,2025-03-14,產品推廣,0
C1215,R100,2025-04-02,收款,0
C1215,R100,2025-03-12,產品推廣,0
C1215,R100,2025-03-12,關係維護,0
C1215,R100,2025-05-05,產品推廣,0
C1215,R100,2025-04-17,產品推廣,0
C1215,R100,2025-04-16,產品推廣,0
C1215,R100,2025-04-14,關係維護,0
C1215,R100,2025-06-05,產品推廣,0
C1215,R100,2025-05-21,關係維護,0
C1215,R100,2025-05-08,產品推廣,0
C1215,R100,2025-05-20,收款,0
C1215,R100,2025-06-24,產品推廣,0
C1215,R100,2025-07-12,產品推廣,0
C1215,R100,2025-08-04,關係維護,0
C1215,R100,2025-07-30,收款,0
C1215,R100,2025-08-04,收款,0
C1215,R100,2025-08-24,客訴處理,0
C1215,R100,2025-09-01,產品推廣,0
C1215,R100,2025-08-30,產品推廣,0
C1215,R100,2025-08-23,客訴處理,0
C1215,R100,2025-09-02,關係維護,0
C1215,R100,2025-09-29,產品推廣,0
C1215,R100,2025-09-24,產品推廣,0
C1215,R100,2025-09-06,產品推廣,0
C1215,R100,2025-10-13,關係維護,0
C1215,R100,2025-10-17,客訴處理,0
C1215,R100,2025-10-06,產品推廣,0
C1215,R100,2025-10-09,收款,0
C1215,R100,2025-10-18,關係維護,0
C1215,R100,2025-11-12,關係維護,0
C1215,R100,2025-11-24,客訴處理,0
C1215,R100,2025-11-07,客訴處理,0
C1215,R100,2025-12-22,產品推廣,0
C1215,R100,2025-12-06,關係維護,0
C1215,R100,2025-12-31,產品推廣,0
C1215,R100,2026-01-28,產品推廣,0
C1215,R100,2026-01-22,關係維護,0
C1215,R100,2026-01-17,關係維護,0
C1215,R100,2026-01-07,客訴處理,0
C1215,R100,2026-01-16,產品推廣,0
C1215,R100,2026-01-23,關係維護,0
C1215,R100,2026-01-04,產品推廣,0
C1215,R100,2026-02-27,收款,0
C1215,R100,2026-02-27,產品推廣,0
C1215,R100,2026-02-06,關係維護,0
C1215,R100,2026-02-07,產品推廣,0
C1215,R100,2026-03-13,收款,0
C1215,R100,2026-03-26,產品推廣,0
C1215,R100,2026-03-31,收款,0
C1215,R100,2026-03-30,產品推廣,0
C1215,R100,2026-03-18,產品推廣,0
C1215,R100,2026-03-14,產品推廣,0
C1215,R100,2026-04-27,客訴處理,0
C1215,R100,2026-04-04,產品推廣,0
C1215,R100,2026-04-14,產品推廣,0
C1215,R100,2026-04-22,關係維護,0
C1215,R100,2026-04-28,產品推廣,0
C1215,R100,2026-05-03,關係維護,0
C1215,R100,2026-05-18,產品推廣,0
C1215,R100,2026-05-08,關係維護,0
C1215,R100,2026-05-15,產品推廣,0
C1215,R100,2026-06-09,產品推廣,0
C1215,R100,2026-07-27,產品推廣,0
C1215,R100,2026-07-05,產品推廣,0
C1216,R101,2025-02-22,產品推廣,0
C1216,R101,2025-04-06,產品推廣,0
C1216,R101,2025-05-04,收款,0
C1216,R101,2025-05-25,收款,1
C1216,R101,2025-05-28,關係維護,0
C1216,R101,2025-05-13,關係維護,1
C1216,R101,2025-05-27,收款,0
C1216,R101,2025-05-24,產品推廣,0
C1216,R101,2025-06-21,關係維護,0
C1216,R101,2025-07-21,關係維護,0
C1216,R101,2025-07-14,產品推廣,0
C1216,R101,2025-08-17,產品推廣,0
C1216,R101,2025-09-27,關係維護,1
C1216,R101,2025-09-17,收款,0
C1216,R101,2025-10-22,產品推廣,0
C1216,R101,2025-10-07,客訴處理,0
C1216,R101,2025-11-11,收款,0
C1216,R101,2025-11-13,產品推廣,1
C1216,R101,2026-01-13,收款,0
C1216,R101,2026-01-04,關係維護,0
C1216,R101,2026-01-21,產品推廣,0
C1216,R101,2026-05-24,關係維護,0
C1216,R101,2026-06-21,關係維護,0
C1217,R113,2025-02-12,客訴處理,0
C1217,R113,2025-03-15,產品推廣,0
C1217,R113,2025-03-21,關係維護,0
C1217,R113,2025-04-08,關係維護,0
C1217,R113,2025-06-01,關係維護,0
C1217,R113,2025-05-23,關係維護,0
C1217,R113,2025-05-20,收款,0
C1217,R113,2025-05-12,產品推廣,0
C1217,R113,2025-07-15,產品推廣,0
C1217,R113,2025-08-08,產品推廣,0
C1217,R113,2025-08-22,產品推廣,0
C1217,R113,2025-08-17,關係維護,0
C1217,R113,2025-09-26,產品推廣,0
C1217,R113,2025-09-30,產品推廣,0
C1217,R113,2025-09-11,產品推廣,0
C1217,R113,2025-09-28,產品推廣,0
C1217,R113,2025-11-02,產品推廣,0
C1217,R113,2025-10-15,產品推廣,0
C1217,R113,2025-11-15,收款,0
C1217,R113,2025-11-07,收款,0
C1217,R113,2025-11-12,產品推廣,0
C1217,R113,2025-11-22,產品推廣,0
C1217,R113,2025-12-11,產品推廣,0
C1217,R113,2026-02-24,產品推廣,0
C1217,R113,2026-02-27,收款,0
C1217,R113,2026-03-10,產品推廣,0
C1217,R113,2026-04-21,產品推廣,0
C1217,R113,2026-04-05,產品推廣,0
C1217,R113,2026-04-27,產品推廣,0
C1217,R113,2026-05-09,產品推廣,0
C1217,R113,2026-05-15,產品推廣,0
C1217,R113,2026-05-21,產品推廣,0
C1217,R113,2026-05-30,收款,0
C1217,R113,2026-06-04,產品推廣,0
C1218,R107,2025-03-26,產品推廣,0
C1218,R107,2025-05-15,產品推廣,1
C1218,R107,2025-05-08,產品推廣,0
C1218,R107,2025-10-02,收款,0
C1218,R107,2025-09-17,產品推廣,0
C1218,R107,2025-10-16,收款,1
C1218,R107,2025-10-25,收款,0
C1218,R107,2025-10-11,關係維護,1
C1218,R107,2025-11-28,關係維護,0
C1218,R107,2026-03-27,產品推廣,0
C1218,R107,2026-04-03,產品推廣,0
C1218,R107,2026-07-28,產品推廣,0
C1219,R108,2025-03-01,產品推廣,0
C1219,R108,2025-03-10,關係維護,0
C1219,R108,2025-03-13,產品推廣,0
C1219,R108,2025-03-16,關係維護,0
C1219,R108,2025-04-30,產品推廣,0
C1219,R108,2025-06-02,關係維護,0
C1219,R108,2025-07-29,產品推廣,0
C1219,R108,2025-07-19,關係維護,0
C1219,R108,2025-07-22,關係維護,0
C1219,R108,2025-08-04,收款,0
C1219,R108,2025-08-13,收款,0
C1219,R108,2025-08-14,關係維護,0
C1219,R108,2025-11-25,客訴處理,0
C1219,R108,2025-11-14,關係維護,0
C1219,R108,2025-12-07,收款,0
C1219,R108,2025-12-05,關係維護,0
C1219,R108,2026-01-04,產品推廣,0
C1219,R108,2026-01-05,產品推廣,0
C1219,R108,2026-02-22,關係維護,0
C1219,R108,2026-03-01,產品推廣,0
C1219,R108,2026-02-19,產品推廣,0
C1219,R108,2026-05-01,產品推廣,0
C1219,R108,2026-05-28,收款,0
C1219,R108,2026-06-18,產品推廣,0
C1220,R105,2025-02-28,產品推廣,0
C1220,R105,2025-05-31,關係維護,0
C1220,R105,2025-05-21,關係維護,0
C1220,R105,2025-07-10,收款,0
C1220,R105,2025-09-03,產品推廣,0
C1220,R105,2025-08-11,產品推廣,0
C1220,R105,2025-10-09,關係維護,0
C1220,R105,2026-01-29,產品推廣,0
C1220,R105,2026-06-29,產品推廣,0
C1221,R107,2025-03-07,產品推廣,0
C1221,R107,2025-02-09,關係維護,0
C1221,R107,2025-04-02,產品推廣,0
C1221,R107,2025-04-16,產品推廣,0
C1221,R107,2025-06-02,產品推廣,0
C1221,R107,2025-06-01,客訴處理,0
C1221,R107,2025-05-21,產品推廣,0
C1221,R107,2025-06-11,產品推廣,0
C1221,R107,2025-07-10,產品推廣,0
C1221,R107,2025-08-09,關係維護,0
C1221,R107,2025-08-18,關係維護,0
C1221,R107,2025-09-23,關係維護,0
C1221,R107,2025-09-05,關係維護,0
C1221,R107,2025-09-27,客訴處理,0
C1221,R107,2025-09-17,客訴處理,0
C1221,R107,2025-09-09,客訴處理,0
C1221,R107,2025-10-16,收款,0
C1221,R107,2025-10-09,關係維護,0
C1221,R107,2025-10-20,收款,0
C1221,R107,2025-11-23,產品推廣,0
C1221,R107,2025-11-11,關係維護,0
C1221,R107,2025-12-24,產品推廣,0
C1221,R107,2025-12-18,產品推廣,0
C1221,R107,2025-12-26,收款,0
C1221,R107,2025-12-04,產品推廣,0
C1221,R107,2026-01-01,產品推廣,0
C1221,R107,2026-01-06,關係維護,0
C1221,R107,2026-01-13,收款,0
C1221,R107,2026-02-06,關係維護,0
C1221,R107,2026-02-14,收款,0
C1221,R107,2026-03-23,收款,0
C1221,R107,2026-04-18,產品推廣,0
C1221,R107,2026-04-27,收款,0
C1221,R107,2026-04-17,產品推廣,0
C1221,R107,2026-04-27,收款,0
C1221,R107,2026-06-30,產品推廣,0
C1221,R107,2026-07-17,客訴處理,0
C1222,R106,2025-03-26,產品推廣,0
C1222,R106,2025-04-04,產品推廣,0
C1222,R106,2025-04-18,客訴處理,0
C1222,R106,2025-05-06,產品推廣,0
C1222,R106,2025-05-15,收款,0
C1222,R106,2025-06-17,關係維護,0
C1222,R106,2025-07-18,關係維護,0
C1222,R106,2025-07-31,收款,0
C1222,R106,2025-08-22,關係維護,0
C1222,R106,2025-08-15,產品推廣,0
C1222,R106,2025-08-08,關係維護,0
C1222,R106,2025-08-12,產品推廣,0
C1222,R106,2025-09-26,產品推廣,0
C1222,R106,2025-11-04,收款,0
C1222,R106,2025-12-30,關係維護,0
C1222,R106,2025-12-28,產品推廣,0
C1222,R106,2025-12-17,關係維護,0
C1222,R106,2026-01-20,產品推廣,0
C1222,R106,2026-02-15,關係維護,0
C1222,R106,2026-02-18,產品推廣,0
C1222,R106,2026-02-24,產品推廣,0
C1222,R106,2026-03-19,產品推廣,0
C1222,R106,2026-04-04,產品推廣,0
C1222,R106,2026-04-10,收款,0
C1222,R106,2026-06-20,產品推廣,0
C1223,R102,2025-03-31,關係維護,0
C1223,R102,2025-04-08,關係維護,0
C1223,R102,2025-04-15,收款,0
C1223,R102,2025-06-22,關係維護,0
C1223,R102,2025-07-15,產品推廣,0
C1223,R102,2025-08-18,產品推廣,0
C1223,R102,2025-09-25,關係維護,0
C1223,R102,2025-12-04,關係維護,0
C1223,R102,2026-01-26,產品推廣,0
C1223,R102,2026-01-15,產品推廣,0
C1223,R102,2026-03-18,收款,0
C1223,R102,2026-04-28,客訴處理,0
C1223,R102,2026-05-30,產品推廣,0
C1223,R102,2026-06-12,產品推廣,0
C1223,R102,2026-06-23,關係維護,0
C1223,R102,2026-06-16,產品推廣,0
C1223,R102,2026-07-05,產品推廣,0
C1224,R107,2025-02-16,產品推廣,0
C1224,R107,2025-02-22,產品推廣,0
C1224,R107,2025-03-03,產品推廣,0
C1224,R107,2025-02-13,產品推廣,0
C1224,R107,2025-03-15,產品推廣,0
C1224,R107,2025-03-29,收款,0
C1224,R107,2025-04-23,產品推廣,0
C1224,R107,2025-04-26,關係維護,0
C1224,R107,2025-06-03,收款,0
C1224,R107,2025-07-05,產品推廣,0
C1224,R107,2025-07-23,關係維護,0
C1224,R107,2025-08-10,客訴處理,0
C1224,R107,2025-08-06,產品推廣,0
C1224,R107,2025-08-15,關係維護,0
C1224,R107,2025-09-30,關係維護,0
C1224,R107,2025-09-23,產品推廣,0
C1224,R107,2025-11-02,客訴處理,0
C1224,R107,2025-11-06,產品推廣,0
C1224,R107,2025-11-25,產品推廣,0
C1224,R107,2025-12-15,關係維護,0
C1224,R107,2025-12-25,產品推廣,0
C1224,R107,2025-12-29,產品推廣,0
C1224,R107,2026-01-01,產品推廣,0
C1224,R107,2025-12-28,產品推廣,0
C1224,R107,2026-01-31,客訴處理,0
C1224,R107,2026-01-24,產品推廣,0
C1224,R107,2026-02-11,產品推廣,0
C1224,R107,2026-02-05,產品推廣,0
C1224,R107,2026-02-02,關係維護,0
C1224,R107,2026-02-05,收款,0
C1224,R107,2026-02-18,產品推廣,0
C1224,R107,2026-02-25,關係維護,0
C1224,R107,2026-02-23,收款,0
C1224,R107,2026-03-10,產品推廣,0
C1224,R107,2026-03-16,產品推廣,0
C1224,R107,2026-03-20,客訴處理,0
C1224,R107,2026-03-12,客訴處理,0
C1224,R107,2026-03-26,產品推廣,0
C1224,R107,2026-03-12,客訴處理,0
C1224,R107,2026-04-21,產品推廣,0
C1224,R107,2026-04-13,產品推廣,0
C1224,R107,2026-05-05,關係維護,0
C1224,R107,2026-05-23,客訴處理,0
C1224,R107,2026-06-29,產品推廣,0
C1224,R107,2026-06-02,關係維護,0
C1224,R107,2026-06-19,產品推廣,0
C1224,R107,2026-06-23,產品推廣,0
C1224,R107,2026-06-05,產品推廣,0
C1224,R107,2026-07-29,收款,0
C1224,R107,2026-07-28,產品推廣,0
C1224,R107,2026-07-02,關係維護,0
C1224,R107,2026-07-16,收款,0
C1224,R107,2026-07-04,關係維護,0
C1225,R103,2025-05-22,產品推廣,0
C1225,R103,2025-06-01,產品推廣,1
C1225,R103,2025-07-29,產品推廣,0
C1225,R103,2025-10-20,產品推廣,0
C1225,R103,2025-12-08,客訴處理,0
C1225,R103,2025-12-31,收款,1
C1225,R103,2026-01-24,產品推廣,1
C1225,R103,2026-01-15,產品推廣,1
C1225,R103,2026-03-07,產品推廣,0
C1225,R103,2026-03-21,產品推廣,0
C1225,R103,2026-03-18,客訴處理,0
C1226,R112,2025-04-09,收款,0
C1226,R112,2025-06-25,產品推廣,1
C1226,R112,2025-06-12,產品推廣,0
C1226,R112,2025-10-28,產品推廣,1
C1226,R112,2025-10-16,客訴處理,1
C1226,R112,2025-10-21,關係維護,0
C1226,R112,2025-10-08,關係維護,0
C1226,R112,2025-10-31,客訴處理,1
C1226,R112,2026-04-06,客訴處理,1
C1226,R112,2026-04-21,產品推廣,0
C1226,R112,2026-05-22,產品推廣,0
C1227,R116,2025-02-28,關係維護,0
C1227,R116,2025-02-24,產品推廣,0
C1227,R116,2025-04-03,產品推廣,0
C1227,R116,2025-05-10,關係維護,0
C1227,R116,2025-06-27,客訴處理,0
C1227,R116,2025-07-07,關係維護,0
C1227,R116,2025-07-30,產品推廣,0
C1227,R116,2025-08-18,關係維護,0
C1227,R116,2025-08-17,產品推廣,0
C1227,R116,2025-09-17,關係維護,0
C1227,R116,2025-10-08,收款,0
C1227,R116,2025-11-07,產品推廣,0
C1227,R116,2025-12-07,關係維護,0
C1227,R116,2025-12-19,產品推廣,0
C1227,R116,2025-12-21,產品推廣,0
C1227,R116,2026-01-15,關係維護,0
C1227,R116,2026-01-06,關係維護,0
C1227,R116,2026-02-16,產品推廣,0
C1227,R116,2026-02-26,關係維護,0
C1227,R116,2026-03-15,關係維護,0
C1227,R116,2026-04-13,產品推廣,0
C1227,R116,2026-04-22,產品推廣,0
C1227,R116,2026-05-07,產品推廣,0
C1227,R116,2026-05-12,產品推廣,0
C1227,R116,2026-06-23,關係維護,0
C1227,R116,2026-06-05,收款,0
C1228,R111,2025-03-17,產品推廣,0
C1228,R111,2025-05-03,客訴處理,0
C1228,R111,2025-04-29,產品推廣,1
C1228,R111,2025-05-05,客訴處理,1
C1228,R111,2025-05-20,產品推廣,0
C1228,R111,2025-05-10,關係維護,1
C1228,R111,2025-05-31,關係維護,0
C1228,R111,2025-06-28,關係維護,0
C1228,R111,2025-06-07,產品推廣,1
C1228,R111,2025-08-08,產品推廣,0
C1228,R111,2025-08-13,關係維護,1
C1228,R111,2025-09-07,產品推廣,1
C1228,R111,2025-09-14,產品推廣,0
C1228,R111,2025-10-24,產品推廣,0
C1228,R111,2025-10-15,產品推廣,1
C1228,R111,2025-10-12,客訴處理,0
C1228,R111,2025-11-11,產品推廣,0
C1228,R111,2025-11-26,產品推廣,0
C1228,R111,2025-11-22,產品推廣,0
C1228,R111,2025-11-28,產品推廣,1
C1228,R111,2025-12-28,產品推廣,1
C1228,R111,2026-01-08,產品推廣,0
C1228,R111,2026-01-04,產品推廣,0
C1228,R111,2026-03-01,關係維護,0
C1228,R111,2026-02-14,收款,0
C1228,R111,2026-03-25,產品推廣,0
C1228,R111,2026-04-23,產品推廣,0
C1228,R111,2026-04-03,產品推廣,0
C1228,R111,2026-04-22,產品推廣,0
C1228,R111,2026-04-13,收款,1
C1228,R111,2026-05-26,收款,1
C1228,R111,2026-05-10,關係維護,1
C1229,R102,2025-02-10,關係維護,1
C1229,R102,2025-03-22,收款,0
C1229,R102,2025-04-28,產品推廣,1
C1229,R102,2025-05-27,產品推廣,0
C1229,R102,2025-06-15,產品推廣,1
C1229,R102,2025-07-25,產品推廣,1
C1229,R102,2025-08-09,收款,0
C1229,R102,2025-08-22,客訴處理,0
C1229,R102,2025-09-20,關係維護,1
C1229,R102,2025-10-28,關係維護,0
C1229,R102,2025-11-19,產品推廣,0
C1229,R102,2025-11-24,關係維護,0
C1229,R102,2025-12-01,產品推廣,0
C1229,R102,2025-12-09,產品推廣,1
C1229,R102,2026-01-14,關係維護,0
C1229,R102,2026-02-25,關係維護,0
C1229,R102,2026-03-02,關係維護,1
C1229,R102,2026-03-04,關係維護,0
C1230,R117,2025-06-02,關係維護,0
C1230,R117,2025-07-19,產品推廣,0
C1230,R117,2025-08-28,產品推廣,0
C1230,R117,2025-10-07,產品推廣,0
C1230,R117,2025-12-22,產品推廣,0
C1230,R117,2026-02-08,收款,0
C1230,R117,2026-02-26,產品推廣,0
C1230,R117,2026-02-18,關係維護,0
C1230,R117,2026-03-16,產品推廣,0
C1230,R117,2026-04-12,產品推廣,0
C1230,R117,2026-05-17,產品推廣,0
C1230,R117,2026-05-05,產品推廣,0
C1230,R117,2026-07-06,產品推廣,0
C1231,R114,2025-02-22,產品推廣,0
C1231,R114,2025-02-24,收款,0
C1231,R114,2025-02-17,關係維護,0
C1231,R114,2025-03-01,產品推廣,0
C1231,R114,2025-02-24,收款,0
C1231,R114,2025-02-08,產品推廣,0
C1231,R114,2025-02-07,產品推廣,0
C1231,R114,2025-02-20,關係維護,0
C1231,R114,2025-04-06,產品推廣,0
C1231,R114,2025-04-03,產品推廣,0
C1231,R114,2025-03-12,關係維護,0
C1231,R114,2025-04-13,關係維護,0
C1231,R114,2025-04-23,客訴處理,0
C1231,R114,2025-05-05,收款,0
C1231,R114,2025-04-23,收款,0
C1231,R114,2025-04-17,產品推廣,0
C1231,R114,2025-04-30,收款,0
C1231,R114,2025-05-23,收款,0
C1231,R114,2025-05-30,關係維護,0
C1231,R114,2025-06-20,產品推廣,0
C1231,R114,2025-06-18,產品推廣,0
C1231,R114,2025-06-09,關係維護,0
C1231,R114,2025-07-19,產品推廣,0
C1231,R114,2025-07-11,產品推廣,0
C1231,R114,2025-07-21,關係維護,0
C1231,R114,2025-08-16,收款,0
C1231,R114,2025-08-21,產品推廣,0
C1231,R114,2025-09-02,客訴處理,0
C1231,R114,2025-08-20,關係維護,0
C1231,R114,2025-08-14,關係維護,0
C1231,R114,2025-09-03,產品推廣,0
C1231,R114,2025-09-26,產品推廣,0
C1231,R114,2025-09-28,客訴處理,0
C1231,R114,2025-09-06,產品推廣,0
C1231,R114,2025-10-24,產品推廣,0
C1231,R114,2025-10-21,收款,0
C1231,R114,2025-10-18,關係維護,0
C1231,R114,2025-10-14,產品推廣,0
C1231,R114,2025-10-06,產品推廣,0
C1231,R114,2025-10-23,收款,0
C1231,R114,2025-10-07,產品推廣,0
C1231,R114,2025-11-11,收款,0
C1231,R114,2025-11-10,關係維護,0
C1231,R114,2025-11-14,收款,0
C1231,R114,2025-11-26,收款,0
C1231,R114,2025-11-11,客訴處理,0
C1231,R114,2025-11-27,產品推廣,0
C1231,R114,2025-12-19,客訴處理,0
C1231,R114,2025-12-14,產品推廣,0
C1231,R114,2025-12-31,產品推廣,0
C1231,R114,2025-12-29,客訴處理,0
C1231,R114,2026-01-05,客訴處理,0
C1231,R114,2026-01-20,產品推廣,0
C1231,R114,2026-01-18,客訴處理,0
C1231,R114,2026-01-31,產品推廣,0
C1231,R114,2026-02-14,產品推廣,0
C1231,R114,2026-02-06,產品推廣,0
C1231,R114,2026-03-01,產品推廣,0
C1231,R114,2026-03-09,產品推廣,0
C1231,R114,2026-03-20,收款,0
C1231,R114,2026-03-09,關係維護,0
C1231,R114,2026-03-23,產品推廣,0
C1231,R114,2026-03-26,關係維護,0
C1231,R114,2026-04-17,收款,0
C1231,R114,2026-04-14,關係維護,0
C1231,R114,2026-04-24,收款,0
C1231,R114,2026-04-08,產品推廣,0
C1231,R114,2026-04-14,產品推廣,0
C1231,R114,2026-05-05,關係維護,0
C1231,R114,2026-05-31,產品推廣,0
C1231,R114,2026-06-19,產品推廣,0
C1231,R114,2026-06-10,產品推廣,0
C1231,R114,2026-06-26,產品推廣,0
C1231,R114,2026-06-30,產品推廣,0
C1231,R114,2026-07-24,關係維護,0
C1231,R114,2026-07-27,產品推廣,0
C1232,R111,2025-02-20,產品推廣,0
C1232,R111,2025-03-03,產品推廣,0
C1232,R111,2025-02-20,客訴處理,0
C1232,R111,2025-04-04,產品推廣,0
C1232,R111,2025-04-27,收款,0
C1232,R111,2025-04-14,產品推廣,0
C1232,R111,2025-04-08,產品推廣,0
C1232,R111,2025-04-11,關係維護,0
C1232,R111,2025-04-26,產品推廣,0
C1232,R111,2025-06-03,產品推廣,0
C1232,R111,2025-07-02,產品推廣,0
C1232,R111,2025-07-22,產品推廣,0
C1232,R111,2025-08-01,客訴處理,0
C1232,R111,2025-08-15,產品推廣,0
C1232,R111,2025-08-29,產品推廣,0
C1232,R111,2025-09-21,產品推廣,0
C1232,R111,2025-09-13,客訴處理,0
C1232,R111,2025-09-30,產品推廣,0
C1232,R111,2025-09-18,關係維護,0
C1232,R111,2025-10-23,關係維護,0
C1232,R111,2025-10-21,關係維護,0
C1232,R111,2025-10-09,產品推廣,0
C1232,R111,2025-10-30,產品推廣,0
C1232,R111,2025-10-22,收款,0
C1232,R111,2025-11-29,關係維護,0
C1232,R111,2025-11-26,產品推廣,0
C1232,R111,2025-11-11,收款,0
C1232,R111,2025-12-23,關係維護,0
C1232,R111,2025-12-28,客訴處理,0
C1232,R111,2025-12-30,關係維護,0
C1232,R111,2025-12-25,收款,0
C1232,R111,2026-01-08,產品推廣,0
C1232,R111,2026-01-09,關係維護,0
C1232,R111,2026-01-10,關係維護,0
C1232,R111,2026-02-09,收款,0
C1232,R111,2026-04-01,產品推廣,0
C1232,R111,2026-03-06,關係維護,0
C1232,R111,2026-03-07,產品推廣,0
C1232,R111,2026-03-25,關係維護,0
C1232,R111,2026-03-14,關係維護,0
C1232,R111,2026-03-11,產品推廣,0
C1232,R111,2026-04-17,產品推廣,0
C1232,R111,2026-04-24,收款,0
C1232,R111,2026-04-20,產品推廣,0
C1232,R111,2026-05-08,關係維護,0
C1232,R111,2026-05-29,產品推廣,0
C1232,R111,2026-05-15,客訴處理,0
C1232,R111,2026-05-07,收款,0
C1232,R111,2026-06-05,產品推廣,0
C1232,R111,2026-06-30,關係維護,0
C1232,R111,2026-06-11,關係維護,0
C1232,R111,2026-06-19,產品推廣,0
C1232,R111,2026-07-12,產品推廣,0
C1232,R111,2026-07-27,產品推廣,0
C1232,R111,2026-07-04,產品推廣,0
C1233,R105,2025-02-16,產品推廣,1
C1233,R105,2025-03-06,產品推廣,1
C1233,R105,2025-02-21,產品推廣,0
C1233,R105,2025-03-23,收款,0
C1233,R105,2025-04-21,產品推廣,1
C1233,R105,2025-04-08,關係維護,0
C1233,R105,2025-05-05,產品推廣,1
C1233,R105,2025-04-26,產品推廣,0
C1233,R105,2025-05-12,客訴處理,0
C1233,R105,2025-07-01,收款,0
C1233,R105,2025-06-08,產品推廣,1
C1233,R105,2025-06-12,關係維護,0
C1233,R105,2025-06-25,關係維護,0
C1233,R105,2025-08-02,產品推廣,0
C1233,R105,2025-07-21,產品推廣,0
C1233,R105,2025-08-14,產品推廣,0
C1233,R105,2025-08-28,收款,0
C1233,R105,2025-09-05,產品推廣,0
C1233,R105,2025-09-26,產品推廣,1
C1233,R105,2025-10-19,關係維護,0
C1233,R105,2025-11-02,產品推廣,0
C1233,R105,2025-11-23,客訴處理,1
C1233,R105,2025-12-27,關係維護,1
C1233,R105,2025-12-31,產品推廣,1
C1233,R105,2026-01-22,產品推廣,1
C1233,R105,2026-01-06,產品推廣,1
C1233,R105,2026-02-08,產品推廣,1
C1233,R105,2026-02-23,產品推廣,0
C1233,R105,2026-03-26,產品推廣,0
C1233,R105,2026-03-05,收款,1
C1233,R105,2026-05-01,關係維護,0
C1233,R105,2026-05-26,關係維護,1
C1233,R105,2026-05-08,產品推廣,0
C1233,R105,2026-05-26,收款,1
C1233,R105,2026-06-24,產品推廣,0
C1233,R105,2026-06-24,收款,1
C1233,R105,2026-06-26,產品推廣,0
C1234,R110,2025-02-25,產品推廣,0
C1234,R110,2025-02-09,產品推廣,1
C1234,R110,2025-02-28,關係維護,0
C1234,R110,2025-02-08,產品推廣,0
C1234,R110,2025-02-24,產品推廣,0
C1234,R110,2025-03-11,收款,1
C1234,R110,2025-03-31,產品推廣,1
C1234,R110,2025-03-30,產品推廣,1
C1234,R110,2025-04-26,收款,1
C1234,R110,2025-04-11,關係維護,0
C1234,R110,2025-04-18,關係維護,1
C1234,R110,2025-05-31,產品推廣,1
C1234,R110,2025-05-25,產品推廣,1
C1234,R110,2025-05-25,產品推廣,0
C1234,R110,2025-06-05,關係維護,1
C1234,R110,2025-05-24,產品推廣,0
C1234,R110,2025-05-15,產品推廣,1
C1234,R110,2025-06-05,產品推廣,0
C1234,R110,2025-06-30,收款,1
C1234,R110,2025-07-03,收款,0
C1234,R110,2025-07-15,產品推廣,0
C1234,R110,2025-07-09,關係維護,0
C1234,R110,2025-07-12,產品推廣,0
C1234,R110,2025-08-19,產品推廣,0
C1234,R110,2025-09-30,產品推廣,0
C1234,R110,2025-09-13,產品推廣,0
C1234,R110,2025-10-09,產品推廣,0
C1234,R110,2025-11-02,關係維護,0
C1234,R110,2025-10-12,產品推廣,0
C1234,R110,2025-10-14,關係維護,1
C1234,R110,2025-10-29,產品推廣,0
C1234,R110,2025-10-09,產品推廣,0
C1234,R110,2025-10-16,產品推廣,0
C1234,R110,2025-11-22,產品推廣,0
C1234,R110,2025-11-06,客訴處理,0
C1234,R110,2025-11-21,產品推廣,1
C1234,R110,2025-11-05,產品推廣,0
C1234,R110,2025-11-22,產品推廣,0
C1234,R110,2025-12-06,產品推廣,0
C1234,R110,2025-12-22,產品推廣,1
C1234,R110,2025-12-22,關係維護,0
C1234,R110,2025-12-23,產品推廣,0
C1234,R110,2026-01-07,產品推廣,0
C1234,R110,2026-01-18,關係維護,0
C1234,R110,2026-01-27,產品推廣,0
C1234,R110,2026-02-19,產品推廣,0
C1234,R110,2026-02-25,關係維護,0
C1234,R110,2026-02-21,關係維護,1
C1234,R110,2026-03-24,產品推廣,0
C1234,R110,2026-03-08,關係維護,0
C1234,R110,2026-03-25,產品推廣,0
C1234,R110,2026-04-15,產品推廣,1
C1234,R110,2026-04-26,客訴處理,1
C1234,R110,2026-04-09,關係維護,0
C1234,R110,2026-05-05,關係維護,0
C1234,R110,2026-05-26,關係維護,0
C1234,R110,2026-05-12,產品推廣,0
C1234,R110,2026-06-18,關係維護,0
C1234,R110,2026-06-02,客訴處理,0
C1234,R110,2026-07-09,客訴處理,0
C1234,R110,2026-07-26,產品推廣,0
C1234,R110,2026-07-08,關係維護,0
C1234,R110,2026-07-13,產品推廣,0
C1235,R106,2025-03-07,客訴處理,0
C1235,R106,2025-03-27,收款,0
C1235,R106,2025-05-28,產品推廣,0
C1235,R106,2025-05-18,產品推廣,0
C1235,R106,2025-05-17,關係維護,0
C1235,R106,2025-10-30,產品推廣,0
C1235,R106,2025-11-06,收款,0
C1235,R106,2025-12-21,產品推廣,0
C1235,R106,2025-12-07,產品推廣,0
C1235,R106,2026-01-31,產品推廣,0
C1235,R106,2026-04-24,產品推廣,0
C1235,R106,2026-04-04,關係維護,0
C1235,R106,2026-06-08,產品推廣,0
C1235,R106,2026-06-13,關係維護,0
C1235,R106,2026-07-12,關係維護,0
C1236,R106,2025-02-13,產品推廣,0
C1236,R106,2025-03-03,關係維護,0
C1236,R106,2025-03-03,關係維護,0
C1236,R106,2025-03-03,關係維護,0
C1236,R106,2025-03-26,產品推廣,0
C1236,R106,2025-04-11,關係維護,0
C1236,R106,2025-04-16,關係維護,0
C1236,R106,2025-05-04,關係維護,0
C1236,R106,2025-04-15,關係維護,0
C1236,R106,2025-04-25,收款,0
C1236,R106,2025-05-01,產品推廣,0
C1236,R106,2025-05-08,產品推廣,0
C1236,R106,2025-07-03,產品推廣,0
C1236,R106,2025-06-20,收款,0
C1236,R106,2025-06-12,產品推廣,0
C1236,R106,2025-07-31,關係維護,0
C1236,R106,2025-07-27,產品推廣,0
C1236,R106,2025-07-23,產品推廣,0
C1236,R106,2025-08-02,關係維護,0
C1236,R106,2025-07-24,產品推廣,0
C1236,R106,2025-08-06,產品推廣,0
C1236,R106,2025-08-25,關係維護,0
C1236,R106,2025-08-07,關係維護,0
C1236,R106,2025-09-07,收款,0
C1236,R106,2025-09-05,收款,0
C1236,R106,2025-09-28,關係維護,0
C1236,R106,2025-09-22,收款,0
C1236,R106,2025-09-06,關係維護,0
C1236,R106,2025-09-10,產品推廣,0
C1236,R106,2025-10-16,產品推廣,0
C1236,R106,2025-10-30,關係維護,0
C1236,R106,2025-10-30,產品推廣,0
C1236,R106,2025-10-31,產品推廣,0
C1236,R106,2025-10-17,客訴處理,0
C1236,R106,2025-10-18,關係維護,0
C1236,R106,2025-11-26,產品推廣,0
C1236,R106,2025-11-04,關係維護,0
C1236,R106,2025-11-21,關係維護,0
C1236,R106,2026-01-01,產品推廣,0
C1236,R106,2025-12-04,關係維護,0
C1236,R106,2025-12-07,產品推廣,0
C1236,R106,2025-12-04,收款,0
C1236,R106,2025-12-04,關係維護,0
C1236,R106,2026-01-29,產品推廣,0
C1236,R106,2026-01-14,產品推廣,0
C1236,R106,2026-01-05,客訴處理,0
C1236,R106,2026-02-13,客訴處理,0
C1236,R106,2026-02-25,產品推廣,0
C1236,R106,2026-03-15,客訴處理,0
C1236,R106,2026-03-20,關係維護,0
C1236,R106,2026-03-14,產品推廣,0
C1236,R106,2026-04-01,產品推廣,0
C1236,R106,2026-04-30,產品推廣,0
C1236,R106,2026-04-28,關係維護,0
C1236,R106,2026-04-06,產品推廣,0
C1236,R106,2026-04-25,關係維護,0
C1236,R106,2026-05-30,產品推廣,0
C1236,R106,2026-05-17,產品推廣,0
C1236,R106,2026-05-13,關係維護,0
C1236,R106,2026-06-16,客訴處理,0
C1236,R106,2026-06-24,產品推廣,0
C1236,R106,2026-06-27,收款,0
C1236,R106,2026-06-24,產品推廣,0
C1236,R106,2026-06-20,關係維護,0
C1236,R106,2026-07-25,產品推廣,0
C1236,R106,2026-07-19,產品推廣,0
C1237,R108,2025-03-02,關係維護,0
C1237,R108,2025-02-21,產品推廣,0
C1237,R108,2025-03-16,產品推廣,0
C1237,R108,2025-04-14,收款,0
C1237,R108,2025-04-18,關係維護,0
C1237,R108,2025-06-02,產品推廣,0
C1237,R108,2025-07-10,客訴處理,0
C1237,R108,2025-07-08,產品推廣,0
C1237,R108,2025-07-22,關係維護,0
C1237,R108,2025-08-26,收款,0
C1237,R108,2025-09-27,產品推廣,0
C1237,R108,2025-09-12,關係維護,0
C1237,R108,2025-11-01,關係維護,0
C1237,R108,2025-10-19,收款,0
C1237,R108,2025-11-17,產品推廣,0
C1237,R108,2025-12-23,產品推廣,0
C1237,R108,2026-01-21,產品推廣,0
C1237,R108,2026-01-20,產品推廣,0
C1237,R108,2026-01-20,產品推廣,0
C1237,R108,2026-02-05,產品推廣,0
C1237,R108,2026-03-02,產品推廣,0
C1237,R108,2026-02-06,產品推廣,0
C1237,R108,2026-03-27,收款,0
C1237,R108,2026-03-16,客訴處理,0
C1237,R108,2026-05-26,產品推廣,0
C1237,R108,2026-05-22,產品推廣,0
C1237,R108,2026-05-25,收款,0
C1237,R108,2026-05-08,收款,0
C1237,R108,2026-07-25,產品推廣,0
C1238,R102,2025-05-27,產品推廣,0
C1238,R102,2025-06-10,產品推廣,1
C1238,R102,2025-07-12,產品推廣,0
C1238,R102,2026-01-20,關係維護,0
C1238,R102,2026-07-26,關係維護,0
C1239,R113,2025-02-08,客訴處理,0
C1239,R113,2025-02-21,收款,0
C1239,R113,2025-03-16,關係維護,0
C1239,R113,2025-03-26,產品推廣,0
C1239,R113,2025-03-17,產品推廣,0
C1239,R113,2025-08-27,產品推廣,1
C1239,R113,2025-09-19,收款,0
C1239,R113,2025-09-15,產品推廣,0
C1239,R113,2025-09-06,收款,1
C1239,R113,2025-10-13,收款,1
C1239,R113,2025-12-28,產品推廣,1
C1239,R113,2026-02-17,客訴處理,1
C1239,R113,2026-05-24,關係維護,0
C1239,R113,2026-05-08,收款,0
C1240,R103,2025-05-03,產品推廣,0
C1240,R103,2025-04-10,產品推廣,0
C1240,R103,2025-04-09,產品推廣,0
C1240,R103,2025-05-21,產品推廣,0
C1240,R103,2025-05-16,產品推廣,0
C1240,R103,2025-07-04,關係維護,0
C1240,R103,2025-08-18,產品推廣,0
C1240,R103,2025-08-16,產品推廣,0
C1240,R103,2025-10-02,產品推廣,0
C1240,R103,2025-09-17,收款,0
C1240,R103,2025-09-30,產品推廣,0
C1240,R103,2025-10-31,關係維護,0
C1240,R103,2025-11-29,產品推廣,0
C1240,R103,2025-12-13,關係維護,0
C1240,R103,2025-12-24,產品推廣,0
C1240,R103,2025-12-11,產品推廣,0
C1240,R103,2026-01-30,收款,0
C1240,R103,2026-01-13,產品推廣,0
C1240,R103,2026-02-26,客訴處理,0
C1240,R103,2026-03-25,產品推廣,0
C1240,R103,2026-06-23,客訴處理,0
C1240,R103,2026-07-21,關係維護,0
C1240,R103,2026-07-29,關係維護,0
C1241,R105,2025-03-02,產品推廣,0
C1241,R105,2025-06-26,收款,0
C1241,R105,2025-09-03,收款,0
C1241,R105,2025-08-23,產品推廣,0
C1241,R105,2025-09-11,收款,0
C1241,R105,2025-09-24,產品推廣,0
C1241,R105,2025-11-05,關係維護,0
C1241,R105,2026-01-23,產品推廣,0
C1241,R105,2026-02-26,關係維護,0
C1241,R105,2026-03-23,產品推廣,0
C1242,R100,2025-03-07,關係維護,1
C1242,R100,2025-03-02,產品推廣,0
C1242,R100,2025-02-18,產品推廣,0
C1242,R100,2025-03-23,產品推廣,0
C1242,R100,2025-04-18,產品推廣,0
C1242,R100,2025-04-09,產品推廣,0
C1242,R100,2025-05-03,關係維護,1
C1242,R100,2025-05-28,產品推廣,0
C1242,R100,2025-05-31,關係維護,1
C1242,R100,2025-05-12,產品推廣,0
C1242,R100,2025-06-26,收款,0
C1242,R100,2025-06-14,客訴處理,0
C1242,R100,2025-06-30,產品推廣,0
C1242,R100,2025-07-04,關係維護,1
C1242,R100,2025-06-27,產品推廣,1
C1242,R100,2025-07-31,收款,1
C1242,R100,2025-07-14,關係維護,1
C1242,R100,2025-08-04,產品推廣,1
C1242,R100,2025-07-08,關係維護,0
C1242,R100,2025-07-24,產品推廣,0
C1242,R100,2025-07-17,產品推廣,1
C1242,R100,2025-07-19,關係維護,0
C1242,R100,2025-08-25,產品推廣,1
C1242,R100,2025-09-03,客訴處理,0
C1242,R100,2025-08-29,關係維護,0
C1242,R100,2025-08-08,收款,0
C1242,R100,2025-08-26,產品推廣,1
C1242,R100,2025-10-01,關係維護,0
C1242,R100,2025-10-02,關係維護,0
C1242,R100,2025-10-26,產品推廣,0
C1242,R100,2025-10-16,關係維護,1
C1242,R100,2025-11-09,關係維護,0
C1242,R100,2025-11-21,產品推廣,0
C1242,R100,2025-11-17,產品推廣,1
C1242,R100,2025-11-28,關係維護,0
C1242,R100,2025-11-24,關係維護,1
C1242,R100,2025-11-21,產品推廣,1
C1242,R100,2025-12-16,產品推廣,1
C1242,R100,2025-12-30,產品推廣,1
C1242,R100,2025-12-09,關係維護,1
C1242,R100,2026-01-03,客訴處理,1
C1242,R100,2026-01-14,關係維護,0
C1242,R100,2026-01-03,關係維護,0
C1242,R100,2026-01-27,產品推廣,1
C1242,R100,2026-03-01,關係維護,0
C1242,R100,2026-02-18,收款,1
C1242,R100,2026-02-05,產品推廣,0
C1242,R100,2026-03-19,關係維護,1
C1242,R100,2026-03-18,產品推廣,1
C1242,R100,2026-03-13,收款,1
C1242,R100,2026-04-03,產品推廣,0
C1242,R100,2026-05-03,關係維護,1
C1242,R100,2026-05-05,產品推廣,1
C1242,R100,2026-06-19,產品推廣,0
C1242,R100,2026-06-26,產品推廣,1
C1242,R100,2026-06-12,產品推廣,1
C1242,R100,2026-07-18,客訴處理,0
C1242,R100,2026-07-27,收款,0
C1243,R114,2025-03-27,關係維護,0
C1243,R114,2025-05-22,產品推廣,0
C1243,R114,2025-05-09,產品推廣,0
C1243,R114,2025-06-03,關係維護,0
C1243,R114,2025-06-10,客訴處理,1
C1243,R114,2025-07-09,關係維護,0
C1243,R114,2025-08-11,產品推廣,0
C1243,R114,2025-09-14,產品推廣,0
C1243,R114,2025-12-17,產品推廣,0
C1243,R114,2026-02-22,產品推廣,1
C1243,R114,2026-02-15,產品推廣,0
C1243,R114,2026-04-16,產品推廣,0
C1243,R114,2026-05-28,產品推廣,1
C1243,R114,2026-05-15,收款,1
C1243,R114,2026-06-12,關係維護,1
C1244,R107,2025-03-01,關係維護,0
C1244,R107,2025-03-18,客訴處理,0
C1244,R107,2025-03-22,產品推廣,0
C1244,R107,2025-05-11,關係維護,0
C1244,R107,2025-09-01,產品推廣,0
C1244,R107,2025-09-06,產品推廣,0
C1244,R107,2025-11-06,收款,0
C1244,R107,2025-11-30,關係維護,0
C1244,R107,2026-02-24,產品推廣,0
C1244,R107,2026-03-17,產品推廣,0
C1244,R107,2026-04-19,產品推廣,0
C1244,R107,2026-05-18,客訴處理,0
C1244,R107,2026-07-19,產品推廣,0
C1245,R113,2025-03-26,客訴處理,0
C1245,R113,2025-09-21,產品推廣,0
C1245,R113,2025-12-09,產品推廣,0
C1245,R113,2026-02-05,產品推廣,0
C1245,R113,2026-02-05,收款,0
C1245,R113,2026-02-03,產品推廣,0
C1245,R113,2026-02-09,收款,0
C1245,R113,2026-03-30,收款,0
C1245,R113,2026-04-24,客訴處理,0
C1245,R113,2026-05-20,產品推廣,0
C1245,R113,2026-05-15,產品推廣,0
C1245,R113,2026-07-28,關係維護,0
C1246,R106,2025-04-01,客訴處理,0
C1246,R106,2025-03-14,產品推廣,0
C1246,R106,2025-05-03,關係維護,1
C1246,R106,2025-04-10,客訴處理,1
C1246,R106,2025-06-02,關係維護,0
C1246,R106,2025-05-08,關係維護,1
C1246,R106,2025-05-23,產品推廣,0
C1246,R106,2025-06-29,收款,0
C1246,R106,2025-08-24,產品推廣,0
C1246,R106,2025-10-02,收款,0
C1246,R106,2025-12-05,產品推廣,0
C1246,R106,2025-12-30,產品推廣,1
C1246,R106,2026-01-10,產品推廣,1
C1246,R106,2026-02-19,產品推廣,1
C1247,R111,2025-02-16,關係維護,0
C1247,R111,2025-03-31,產品推廣,0
C1247,R111,2025-04-28,關係維護,0
C1247,R111,2025-04-25,關係維護,0
C1247,R111,2025-05-11,產品推廣,0
C1247,R111,2025-06-07,產品推廣,0
C1247,R111,2025-07-03,產品推廣,0
C1247,R111,2025-06-17,關係維護,0
C1247,R111,2025-07-15,收款,0
C1247,R111,2025-08-03,客訴處理,0
C1247,R111,2025-07-22,收款,0
C1247,R111,2025-08-26,收款,0
C1247,R111,2025-08-17,產品推廣,0
C1247,R111,2025-08-27,產品推廣,0
C1247,R111,2025-08-09,產品推廣,0
C1247,R111,2025-09-17,關係維護,0
C1247,R111,2025-09-30,收款,0
C1247,R111,2025-10-05,關係維護,0
C1247,R111,2025-10-08,產品推廣,0
C1247,R111,2025-11-28,產品推廣,0
C1247,R111,2025-11-29,客訴處理,0
C1247,R111,2025-12-31,產品推廣,0
C1247,R111,2025-12-19,產品推廣,0
C1247,R111,2026-01-26,客訴處理,0
C1247,R111,2026-01-05,關係維護,0
C1247,R111,2026-02-10,關係維護,0
C1247,R111,2026-05-18,產品推廣,0
C1247,R111,2026-05-19,客訴處理,0
C1247,R111,2026-05-20,客訴處理,0
C1247,R111,2026-06-26,關係維護,0
C1247,R111,2026-06-19,關係維護,0
C1247,R111,2026-06-28,客訴處理,0
C1247,R111,2026-06-07,產品推廣,0
C1247,R111,2026-06-09,收款,0
C1247,R111,2026-06-04,關係維護,0
C1247,R111,2026-07-29,關係維護,0
C1248,R108,2025-03-16,關係維護,0
C1248,R108,2025-04-03,收款,0
C1248,R108,2025-03-18,關係維護,0
C1248,R108,2025-03-28,產品推廣,0
C1248,R108,2025-04-22,產品推廣,0
C1248,R108,2025-04-27,客訴處理,0
C1248,R108,2025-05-23,關係維護,0
C1248,R108,2025-05-19,產品推廣,0
C1248,R108,2025-07-15,收款,0
C1248,R108,2025-12-07,關係維護,0
C1248,R108,2026-01-10,產品推廣,0
C1248,R108,2026-02-13,產品推廣,0
C1248,R108,2026-03-05,關係維護,0
C1248,R108,2026-05-07,關係維護,0
C1248,R108,2026-05-25,產品推廣,0
C1248,R108,2026-06-06,產品推廣,0
C1248,R108,2026-07-23,產品推廣,0
C1248,R108,2026-07-05,客訴處理,0
C1249,R110,2025-02-20,關係維護,0
C1249,R110,2025-03-01,收款,0
C1249,R110,2025-04-04,產品推廣,0
C1249,R110,2025-04-13,關係維護,0
C1249,R110,2025-05-22,關係維護,0
C1249,R110,2025-08-22,關係維護,0
C1249,R110,2025-08-15,客訴處理,0
C1249,R110,2025-09-22,收款,0
C1249,R110,2025-10-14,關係維護,0
C1249,R110,2025-11-15,收款,0
C1249,R110,2026-02-02,客訴處理,0
C1249,R110,2026-02-18,關係維護,0
C1249,R110,2026-04-24,客訴處理,0
C1249,R110,2026-05-31,關係維護,0
C1249,R110,2026-05-28,產品推廣,0
C1249,R110,2026-05-06,產品推廣,0
C1250,R109,2025-02-17,產品推廣,0
C1250,R109,2025-02-23,產品推廣,0
C1250,R109,2025-03-02,關係維護,0
C1250,R109,2025-02-14,產品推廣,0
C1250,R109,2025-03-29,產品推廣,0
C1250,R109,2025-05-30,關係維護,0
C1250,R109,2025-05-31,產品推廣,0
C1250,R109,2025-05-29,關係維護,0
C1250,R109,2025-05-15,產品推廣,0
C1250,R109,2025-05-16,產品推廣,0
C1250,R109,2025-06-23,產品推廣,0
C1250,R109,2025-06-19,產品推廣,0
C1250,R109,2025-06-20,客訴處理,0
C1250,R109,2025-06-29,關係維護,0
C1250,R109,2025-06-27,關係維護,0
C1250,R109,2025-07-25,客訴處理,0
C1250,R109,2025-08-16,產品推廣,0
C1250,R109,2025-09-21,收款,0
C1250,R109,2025-09-24,收款,0
C1250,R109,2025-09-19,客訴處理,0
C1250,R109,2025-09-27,產品推廣,0
C1250,R109,2025-10-19,客訴處理,0
C1250,R109,2025-10-13,收款,0
C1250,R109,2025-10-19,產品推廣,0
C1250,R109,2025-10-24,產品推廣,0
C1250,R109,2025-10-24,產品推廣,0
C1250,R109,2025-11-21,產品推廣,0
C1250,R109,2025-11-22,客訴處理,0
C1250,R109,2025-12-17,產品推廣,0
C1250,R109,2025-12-16,產品推廣,0
C1250,R109,2025-12-31,關係維護,0
C1250,R109,2025-12-24,產品推廣,0
C1250,R109,2026-01-20,產品推廣,0
C1250,R109,2026-02-13,產品推廣,0
C1250,R109,2026-03-29,關係維護,0
C1250,R109,2026-03-18,關係維護,0
C1250,R109,2026-04-16,產品推廣,0
C1250,R109,2026-04-22,收款,0
C1250,R109,2026-05-10,關係維護,0
C1250,R109,2026-05-24,產品推廣,0
C1250,R109,2026-05-04,關係維護,0
C1250,R109,2026-06-11,產品推廣,0
C1250,R109,2026-06-22,關係維護,0
C1250,R109,2026-06-25,關係維護,0
C1250,R109,2026-07-30,客訴處理,0
C1250,R109,2026-07-16,收款,0
C1250,R109,2026-07-23,關係維護,0
C1250,R109,2026-07-02,客訴處理,0
C1251,R101,2025-02-08,收款,0
C1251,R101,2025-04-03,產品推廣,1
C1251,R101,2025-03-11,收款,0
C1251,R101,2025-05-08,產品推廣,1
C1251,R101,2025-06-04,關係維護,0
C1251,R101,2025-07-28,收款,0
C1251,R101,2025-07-09,產品推廣,0
C1251,R101,2025-07-15,關係維護,1
C1251,R101,2025-08-18,收款,1
C1251,R101,2025-08-21,產品推廣,1
C1251,R101,2025-09-09,產品推廣,0
C1251,R101,2025-11-25,收款,0
C1251,R101,2025-12-19,關係維護,1
C1251,R101,2025-12-07,產品推廣,0
C1251,R101,2026-01-04,關係維護,0
C1251,R101,2026-01-08,產品推廣,1
C1251,R101,2026-03-11,產品推廣,0
C1251,R101,2026-03-25,產品推廣,0
C1251,R101,2026-06-23,關係維護,0
C1251,R101,2026-06-27,關係維護,1
C1251,R101,2026-07-21,收款,1
C1252,R116,2025-02-19,產品推廣,0
C1252,R116,2025-02-13,產品推廣,0
C1252,R116,2025-03-13,關係維護,0
C1252,R116,2025-04-09,產品推廣,0
C1252,R116,2025-05-17,關係維護,0
C1252,R116,2025-06-08,關係維護,0
C1252,R116,2025-06-25,客訴處理,0
C1252,R116,2025-06-26,產品推廣,0
C1252,R116,2025-07-21,收款,0
C1252,R116,2025-07-13,客訴處理,0
C1252,R116,2025-07-23,產品推廣,0
C1252,R116,2025-09-02,關係維護,0
C1252,R116,2025-09-15,產品推廣,0
C1252,R116,2025-09-12,產品推廣,0
C1252,R116,2025-11-28,收款,0
C1252,R116,2025-12-11,產品推廣,0
C1252,R116,2025-12-31,收款,0
C1252,R116,2025-12-17,產品推廣,0
C1252,R116,2026-01-05,產品推廣,0
C1252,R116,2026-01-19,客訴處理,0
C1252,R116,2026-01-28,產品推廣,0
C1252,R116,2026-01-13,產品推廣,0
C1252,R116,2026-02-11,產品推廣,0
C1252,R116,2026-02-05,產品推廣,0
C1252,R116,2026-02-23,產品推廣,0
C1252,R116,2026-03-26,產品推廣,0
C1252,R116,2026-04-12,產品推廣,0
C1252,R116,2026-05-12,產品推廣,0
C1252,R116,2026-05-07,產品推廣,0
C1252,R116,2026-05-23,產品推廣,0
C1252,R116,2026-06-19,產品推廣,0
C1252,R116,2026-06-12,產品推廣,0
C1252,R116,2026-06-23,關係維護,0
C1252,R116,2026-06-24,產品推廣,0
C1252,R116,2026-07-24,關係維護,0
C1252,R116,2026-07-07,產品推廣,0
C1252,R116,2026-07-29,客訴處理,0
C1253,R116,2025-05-20,關係維護,0
C1253,R116,2025-05-15,產品推廣,0
C1253,R116,2025-07-22,客訴處理,0
C1253,R116,2025-07-13,產品推廣,0
C1253,R116,2025-11-18,客訴處理,0
C1253,R116,2025-12-11,客訴處理,0
C1253,R116,2025-12-10,關係維護,0
C1253,R116,2026-02-19,產品推廣,0
C1253,R116,2026-02-03,產品推廣,0
C1253,R116,2026-04-06,產品推廣,0
C1253,R116,2026-04-25,產品推廣,0
C1253,R116,2026-04-12,產品推廣,0
C1253,R116,2026-06-06,關係維護,0
C1254,R112,2025-04-08,收款,0
C1254,R112,2025-07-12,關係維護,0
C1254,R112,2025-07-26,關係維護,0
C1254,R112,2025-08-15,產品推廣,0
C1254,R112,2025-10-02,產品推廣,0
C1254,R112,2025-11-08,關係維護,0
C1254,R112,2026-01-31,產品推廣,0
C1254,R112,2026-04-28,收款,0
C1254,R112,2026-04-24,關係維護,0
C1254,R112,2026-05-06,關係維護,0
C1254,R112,2026-05-31,產品推廣,0
C1254,R112,2026-07-08,關係維護,0
C1255,R109,2025-02-26,產品推廣,0
C1255,R109,2025-03-24,客訴處理,0
C1255,R109,2025-05-15,產品推廣,0
C1255,R109,2025-07-30,產品推廣,0
C1255,R109,2025-07-23,產品推廣,0
C1255,R109,2025-07-28,收款,0
C1255,R109,2025-09-09,關係維護,0
C1255,R109,2025-11-01,關係維護,0
C1255,R109,2025-10-14,產品推廣,0
C1255,R109,2026-01-09,關係維護,0
C1255,R109,2026-01-19,收款,0
C1255,R109,2026-02-03,產品推廣,0
C1255,R109,2026-03-18,客訴處理,0
C1255,R109,2026-04-03,客訴處理,0
C1255,R109,2026-04-18,產品推廣,0
C1255,R109,2026-05-05,收款,0
C1256,R104,2025-03-18,產品推廣,0
C1256,R104,2025-03-18,收款,0
C1256,R104,2025-08-10,產品推廣,0
C1256,R104,2025-08-29,收款,0
C1256,R104,2025-11-20,產品推廣,0
C1256,R104,2026-02-03,客訴處理,0
C1256,R104,2026-02-10,產品推廣,0
C1256,R104,2026-03-19,收款,0
C1256,R104,2026-05-16,產品推廣,0
C1256,R104,2026-05-21,關係維護,0
C1257,R104,2025-03-07,關係維護,0
C1257,R104,2025-03-01,收款,0
C1257,R104,2025-02-09,產品推廣,0
C1257,R104,2025-02-28,關係維護,0
C1257,R104,2025-02-22,產品推廣,0
C1257,R104,2025-02-13,客訴處理,0
C1257,R104,2025-02-28,關係維護,0
C1257,R104,2025-03-30,關係維護,0
C1257,R104,2025-05-02,產品推廣,0
C1257,R104,2025-04-25,產品推廣,0
C1257,R104,2025-04-24,產品推廣,0
C1257,R104,2025-04-24,產品推廣,0
C1257,R104,2025-05-12,關係維護,0
C1257,R104,2025-05-12,產品推廣,0
C1257,R104,2025-06-30,產品推廣,0
C1257,R104,2025-06-14,產品推廣,0
C1257,R104,2025-07-14,產品推廣,0
C1257,R104,2025-08-04,產品推廣,0
C1257,R104,2025-08-13,關係維護,0
C1257,R104,2025-08-17,產品推廣,0
C1257,R104,2025-10-02,關係維護,0
C1257,R104,2025-09-13,收款,0
C1257,R104,2025-09-12,收款,0
C1257,R104,2025-09-16,收款,0
C1257,R104,2025-10-03,產品推廣,0
C1257,R104,2025-10-08,關係維護,0
C1257,R104,2025-10-14,產品推廣,0
C1257,R104,2025-10-20,關係維護,0
C1257,R104,2025-10-20,產品推廣,0
C1257,R104,2025-10-09,產品推廣,0
C1257,R104,2025-11-27,產品推廣,0
C1257,R104,2025-11-24,產品推廣,0
C1257,R104,2025-11-08,客訴處理,0
C1257,R104,2025-11-20,產品推廣,0
C1257,R104,2025-12-15,關係維護,0
C1257,R104,2026-01-07,關係維護,0
C1257,R104,2026-01-26,產品推廣,0
C1257,R104,2026-01-12,關係維護,0
C1257,R104,2026-01-03,關係維護,0
C1257,R104,2026-02-02,產品推廣,0
C1257,R104,2026-02-13,關係維護,0
C1257,R104,2026-02-21,客訴處理,0
C1257,R104,2026-02-16,關係維護,0
C1257,R104,2026-03-01,產品推廣,0
C1257,R104,2026-03-05,產品推廣,0
C1257,R104,2026-03-20,產品推廣,0
C1257,R104,2026-03-08,關係維護,0
C1257,R104,2026-04-06,關係維護,0
C1257,R104,2026-04-30,產品推廣,0
C1257,R104,2026-04-17,產品推廣,0
C1257,R104,2026-05-07,收款,0
C1257,R104,2026-05-04,收款,0
C1257,R104,2026-05-16,關係維護,0
C1257,R104,2026-05-24,產品推廣,0
C1257,R104,2026-05-07,關係維護,0
C1257,R104,2026-07-27,收款,0
C1257,R104,2026-07-09,客訴處理,0
C1258,R107,2025-02-23,產品推廣,0
C1258,R107,2025-02-14,關係維護,0
C1258,R107,2025-02-11,收款,0
C1258,R107,2025-04-03,產品推廣,0
C1258,R107,2025-03-25,產品推廣,0
C1258,R107,2025-04-03,客訴處理,0
C1258,R107,2025-03-21,產品推廣,0
C1258,R107,2025-05-05,關係維護,0
C1258,R107,2025-04-10,關係維護,0
C1258,R107,2025-05-06,收款,0
C1258,R107,2025-05-30,產品推廣,0
C1258,R107,2025-05-22,產品推廣,0
C1258,R107,2025-05-18,產品推廣,0
C1258,R107,2025-05-13,收款,0
C1258,R107,2025-06-30,收款,0
C1258,R107,2025-06-21,產品推廣,0
C1258,R107,2025-06-12,產品推廣,0
C1258,R107,2025-06-16,客訴處理,0
C1258,R107,2025-06-08,客訴處理,0
C1258,R107,2025-07-14,關係維護,0
C1258,R107,2025-07-24,產品推廣,0
C1258,R107,2025-07-30,產品推廣,0
C1258,R107,2025-08-27,關係維護,0
C1258,R107,2025-08-11,產品推廣,0
C1258,R107,2025-09-10,關係維護,0
C1258,R107,2025-09-10,產品推廣,0
C1258,R107,2025-10-09,客訴處理,0
C1258,R107,2025-11-25,產品推廣,0
C1258,R107,2025-11-26,客訴處理,0
C1258,R107,2025-12-18,關係維護,0
C1258,R107,2025-12-20,產品推廣,0
C1258,R107,2026-01-30,客訴處理,0
C1258,R107,2026-01-31,產品推廣,0
C1258,R107,2026-02-22,收款,0
C1258,R107,2026-02-27,收款,0
C1258,R107,2026-02-16,收款,0
C1258,R107,2026-02-16,收款,0
C1258,R107,2026-04-01,產品推廣,0
C1258,R107,2026-03-06,產品推廣,0
C1258,R107,2026-03-26,產品推廣,0
C1258,R107,2026-03-17,關係維護,0
C1258,R107,2026-03-27,收款,0
C1258,R107,2026-04-12,收款,0
C1258,R107,2026-04-24,產品推廣,0
C1258,R107,2026-05-29,收款,0
C1258,R107,2026-05-23,關係維護,0
C1258,R107,2026-05-26,產品推廣,0
C1258,R107,2026-06-06,關係維護,0
C1258,R107,2026-06-29,關係維護,0
C1258,R107,2026-06-16,客訴處理,0
C1258,R107,2026-07-10,關係維護,0
C1258,R107,2026-07-27,關係維護,0
C1258,R107,2026-07-06,產品推廣,0
C1258,R107,2026-07-21,產品推廣,0
C1259,R100,2025-02-09,關係維護,1
C1259,R100,2025-03-27,關係維護,0
C1259,R100,2025-06-08,產品推廣,0
C1259,R100,2025-06-29,產品推廣,0
C1259,R100,2025-08-22,產品推廣,0
C1259,R100,2025-08-31,關係維護,0
C1259,R100,2025-11-16,產品推廣,0
C1259,R100,2025-12-29,產品推廣,1
C1259,R100,2025-12-25,關係維護,0
C1259,R100,2026-01-17,客訴處理,1
C1259,R100,2026-01-09,產品推廣,0
C1259,R100,2026-01-30,產品推廣,0
C1259,R100,2026-01-21,收款,1
C1259,R100,2026-02-05,客訴處理,0
C1259,R100,2026-02-04,產品推廣,1
C1259,R100,2026-04-30,產品推廣,0
C1259,R100,2026-07-12,產品推廣,0
C1260,R116,2025-04-02,產品推廣,0
C1260,R116,2025-04-12,產品推廣,0
C1260,R116,2025-04-10,產品推廣,0
C1260,R116,2025-05-06,產品推廣,0
C1260,R116,2025-05-10,產品推廣,0
C1260,R116,2025-07-01,關係維護,0
C1260,R116,2025-06-13,關係維護,0
C1260,R116,2025-07-16,收款,0
C1260,R116,2025-07-13,產品推廣,0
C1260,R116,2025-07-29,關係維護,0
C1260,R116,2025-08-18,關係維護,0
C1260,R116,2025-08-17,產品推廣,0
C1260,R116,2025-10-05,關係維護,0
C1260,R116,2025-10-20,關係維護,0
C1260,R116,2025-10-15,產品推廣,0
C1260,R116,2025-12-02,產品推廣,0
C1260,R116,2025-11-20,產品推廣,0
C1260,R116,2025-11-05,收款,0
C1260,R116,2025-12-11,關係維護,0
C1260,R116,2026-01-29,關係維護,0
C1260,R116,2026-02-04,關係維護,0
C1260,R116,2026-03-26,關係維護,0
C1260,R116,2026-03-31,關係維護,0
C1260,R116,2026-04-07,產品推廣,0
C1260,R116,2026-05-25,產品推廣,0
C1260,R116,2026-05-20,收款,0
C1260,R116,2026-06-28,產品推廣,0
C1260,R116,2026-07-06,關係維護,0
C1260,R116,2026-07-09,產品推廣,0
C1260,R116,2026-07-26,關係維護,0
C1260,R116,2026-07-29,產品推廣,0
C1260,R116,2026-07-10,產品推廣,0
C1260,R116,2026-07-30,產品推廣,0
C1260,R116,2026-07-28,產品推廣,0
C1261,R111,2025-02-11,產品推廣,0
C1261,R111,2025-04-03,產品推廣,0
C1261,R111,2025-04-17,關係維護,0
C1261,R111,2025-09-10,客訴處理,0
C1261,R111,2025-10-23,產品推廣,0
C1261,R111,2025-12-14,關係維護,0
C1261,R111,2026-02-07,產品推廣,0
C1261,R111,2026-02-10,客訴處理,0
C1261,R111,2026-05-25,產品推廣,0
C1261,R111,2026-05-17,產品推廣,0
C1261,R111,2026-06-10,產品推廣,0
C1261,R111,2026-07-05,產品推廣,0
C1262,R107,2025-03-07,關係維護,0
C1262,R107,2025-03-17,產品推廣,0
C1262,R107,2025-05-05,關係維護,0
C1262,R107,2025-04-20,客訴處理,0
C1262,R107,2025-05-30,關係維護,0
C1262,R107,2025-08-20,產品推廣,0
C1262,R107,2025-08-13,客訴處理,0
C1262,R107,2025-10-01,收款,0
C1262,R107,2025-09-18,客訴處理,0
C1262,R107,2025-11-14,產品推廣,0
C1262,R107,2025-11-20,關係維護,0
C1262,R107,2026-02-10,產品推廣,0
C1262,R107,2026-03-20,產品推廣,0
C1262,R107,2026-04-28,產品推廣,0
C1262,R107,2026-05-20,產品推廣,0
C1262,R107,2026-05-05,產品推廣,0
C1262,R107,2026-05-27,產品推廣,0
C1263,R101,2025-03-01,關係維護,0
C1263,R101,2025-02-12,產品推廣,0
C1263,R101,2025-03-04,關係維護,0
C1263,R101,2025-03-02,收款,0
C1263,R101,2025-03-05,產品推廣,0
C1263,R101,2025-02-17,產品推廣,0
C1263,R101,2025-03-28,關係維護,0
C1263,R101,2025-03-21,產品推廣,0
C1263,R101,2025-03-09,收款,0
C1263,R101,2025-05-02,關係維護,0
C1263,R101,2025-05-25,關係維護,0
C1263,R101,2025-05-12,產品推廣,0
C1263,R101,2025-05-10,產品推廣,0
C1263,R101,2025-05-29,收款,0
C1263,R101,2025-06-17,客訴處理,0
C1263,R101,2025-07-07,產品推廣,0
C1263,R101,2025-08-04,關係維護,0
C1263,R101,2025-07-27,收款,0
C1263,R101,2025-07-24,關係維護,0
C1263,R101,2025-08-22,產品推廣,0
C1263,R101,2025-09-14,收款,0
C1263,R101,2025-09-30,產品推廣,0
C1263,R101,2025-09-15,客訴處理,0
C1263,R101,2025-09-26,關係維護,0
C1263,R101,2025-10-02,收款,0
C1263,R101,2025-10-29,產品推廣,0
C1263,R101,2025-10-09,客訴處理,0
C1263,R101,2025-12-02,關係維護,0
C1263,R101,2025-11-22,產品推廣,0
C1263,R101,2025-11-18,產品推廣,0
C1263,R101,2025-12-25,產品推廣,0
C1263,R101,2025-12-07,產品推廣,0
C1263,R101,2025-12-15,關係維護,0
C1263,R101,2025-12-15,關係維護,0
C1263,R101,2025-12-07,關係維護,0
C1263,R101,2026-01-08,客訴處理,0
C1263,R101,2026-01-07,客訴處理,0
C1263,R101,2026-01-09,關係維護,0
C1263,R101,2026-02-21,收款,0
C1263,R101,2026-02-08,收款,0
C1263,R101,2026-02-09,產品推廣,0
C1263,R101,2026-04-01,收款,0
C1263,R101,2026-03-07,產品推廣,0
C1263,R101,2026-03-21,關係維護,0
C1263,R101,2026-03-09,收款,0
C1263,R101,2026-04-22,收款,0
C1263,R101,2026-05-29,關係維護,0
C1263,R101,2026-05-28,產品推廣,0
C1263,R101,2026-05-28,產品推廣,0
C1263,R101,2026-05-08,客訴處理,0
C1263,R101,2026-06-16,產品推廣,0
C1263,R101,2026-06-14,產品推廣,0
C1263,R101,2026-06-22,產品推廣,0
C1263,R101,2026-07-20,收款,0
C1263,R101,2026-07-24,產品推廣,0
C1264,R104,2025-04-30,關係維護,0
C1264,R104,2025-05-29,產品推廣,1
C1264,R104,2025-06-23,產品推廣,0
C1264,R104,2025-09-07,客訴處理,0
C1264,R104,2025-10-05,收款,0
C1264,R104,2025-10-26,收款,1
C1264,R104,2026-01-14,產品推廣,0
C1264,R104,2026-03-01,產品推廣,0
C1264,R104,2026-03-20,產品推廣,0
C1265,R101,2025-04-20,關係維護,1
C1265,R101,2025-04-26,關係維護,0
C1265,R101,2025-06-01,產品推廣,0
C1265,R101,2025-06-10,關係維護,0
C1265,R101,2025-08-11,產品推廣,0
C1265,R101,2025-09-16,產品推廣,1
C1265,R101,2025-11-23,產品推廣,0
C1265,R101,2025-12-15,客訴處理,1
C1265,R101,2025-12-27,產品推廣,0
C1265,R101,2025-12-05,產品推廣,1
C1265,R101,2026-01-31,產品推廣,0
C1265,R101,2026-03-15,產品推廣,0
C1265,R101,2026-03-07,關係維護,0
C1265,R101,2026-04-15,產品推廣,1
C1265,R101,2026-05-21,關係維護,0
C1266,R107,2025-05-15,產品推廣,0
C1266,R107,2025-11-06,產品推廣,0
C1266,R107,2025-12-31,產品推廣,0
C1266,R107,2025-12-11,關係維護,0
C1266,R107,2026-01-14,關係維護,1
C1266,R107,2026-01-16,產品推廣,0
C1266,R107,2026-03-22,產品推廣,0
C1266,R107,2026-03-29,產品推廣,1
C1266,R107,2026-05-25,關係維護,1
C1266,R107,2026-06-26,產品推廣,0
C1266,R107,2026-07-29,產品推廣,1
C1267,R109,2025-04-23,產品推廣,0
C1267,R109,2025-06-10,產品推廣,0
C1267,R109,2025-06-12,關係維護,0
C1267,R109,2025-08-21,產品推廣,0
C1267,R109,2025-10-20,產品推廣,0
C1267,R109,2025-11-26,產品推廣,0
C1267,R109,2026-02-04,產品推廣,0
C1267,R109,2026-02-17,收款,0
C1267,R109,2026-04-05,關係維護,0
C1267,R109,2026-05-10,產品推廣,0
C1268,R107,2025-05-06,產品推廣,0
C1268,R107,2025-06-03,產品推廣,1
C1268,R107,2025-08-01,產品推廣,0
C1268,R107,2025-07-22,產品推廣,1
C1268,R107,2025-09-02,收款,1
C1268,R107,2025-08-26,關係維護,0
C1268,R107,2025-09-25,產品推廣,0
C1268,R107,2025-10-13,產品推廣,1
C1268,R107,2026-01-16,客訴處理,1
C1268,R107,2026-02-03,收款,1
C1268,R107,2026-05-15,關係維護,0
C1269,R101,2025-03-04,產品推廣,0
C1269,R101,2025-07-24,產品推廣,0
C1269,R101,2025-08-25,關係維護,0
C1269,R101,2025-12-21,關係維護,0
C1269,R101,2026-01-19,關係維護,0
C1269,R101,2026-02-06,產品推廣,0
C1269,R101,2026-05-27,客訴處理,0
C1269,R101,2026-05-23,關係維護,0
C1269,R101,2026-06-17,產品推廣,0
C1269,R101,2026-06-12,產品推廣,0
C1269,R101,2026-07-14,關係維護,0
C1270,R108,2025-02-11,產品推廣,0
C1270,R108,2025-03-17,產品推廣,0
C1270,R108,2025-04-28,產品推廣,0
C1270,R108,2025-05-20,關係維護,0
C1270,R108,2025-07-01,產品推廣,0
C1270,R108,2025-07-12,收款,0
C1270,R108,2025-08-27,關係維護,0
C1270,R108,2025-09-02,關係維護,0
C1270,R108,2025-08-13,產品推廣,0
C1270,R108,2025-08-14,產品推廣,0
C1270,R108,2025-12-10,產品推廣,0
C1270,R108,2025-12-09,產品推廣,0
C1270,R108,2026-02-21,收款,0
C1270,R108,2026-07-14,關係維護,0
C1271,R104,2025-03-10,產品推廣,0
C1271,R104,2025-04-10,關係維護,0
C1271,R104,2025-04-15,產品推廣,0
C1271,R104,2025-06-02,收款,0
C1271,R104,2025-08-09,產品推廣,0
C1271,R104,2025-09-07,收款,1
C1271,R104,2025-11-02,產品推廣,0
C1271,R104,2025-10-07,收款,0
C1271,R104,2025-11-14,產品推廣,0
C1271,R104,2025-12-23,產品推廣,0
C1271,R104,2026-06-21,客訴處理,0
C1271,R104,2026-07-07,產品推廣,0
C1271,R104,2026-07-21,產品推廣,0
C1272,R116,2025-03-15,客訴處理,0
C1272,R116,2025-05-30,產品推廣,0
C1272,R116,2025-08-16,收款,0
C1272,R116,2025-08-12,客訴處理,0
C1272,R116,2025-09-17,產品推廣,0
C1272,R116,2025-11-11,收款,0
C1272,R116,2025-11-19,關係維護,0
C1272,R116,2025-11-12,收款,0
C1272,R116,2026-01-20,收款,0
C1272,R116,2026-04-11,產品推廣,0
C1272,R116,2026-05-21,產品推廣,0
C1272,R116,2026-05-12,產品推廣,0
C1272,R116,2026-05-08,產品推廣,0
C1272,R116,2026-06-21,產品推廣,0
C1272,R116,2026-07-29,關係維護,0
C1273,R102,2025-02-12,產品推廣,0
C1273,R102,2025-03-04,關係維護,0
C1273,R102,2025-04-06,關係維護,0
C1273,R102,2025-04-29,產品推廣,0
C1273,R102,2025-04-19,收款,0
C1273,R102,2025-06-01,關係維護,0
C1273,R102,2025-05-20,產品推廣,0
C1273,R102,2025-08-28,收款,0
C1273,R102,2025-10-02,關係維護,0
C1273,R102,2025-09-29,收款,0
C1273,R102,2025-09-12,關係維護,0
C1273,R102,2025-12-26,關係維護,0
C1273,R102,2026-01-16,客訴處理,0
C1273,R102,2026-02-02,產品推廣,0
C1273,R102,2026-03-23,收款,0
C1273,R102,2026-05-26,客訴處理,0
C1273,R102,2026-05-14,關係維護,0
C1273,R102,2026-06-29,關係維護,0
C1273,R102,2026-06-03,收款,0
C1273,R102,2026-07-14,關係維護,0
C1274,R109,2025-03-31,關係維護,0
C1274,R109,2025-04-06,產品推廣,0
C1274,R109,2025-05-01,產品推廣,0
C1274,R109,2025-04-10,收款,0
C1274,R109,2025-05-27,客訴處理,0
C1274,R109,2025-05-27,客訴處理,0
C1274,R109,2025-06-02,產品推廣,0
C1274,R109,2025-08-27,收款,0
C1274,R109,2025-12-22,關係維護,0
C1274,R109,2026-03-12,產品推廣,0
C1274,R109,2026-03-21,關係維護,0
C1274,R109,2026-04-25,客訴處理,0
C1274,R109,2026-04-03,產品推廣,0
C1274,R109,2026-06-17,產品推廣,0
C1274,R109,2026-07-10,產品推廣,0
C1275,R101,2025-03-05,收款,1
C1275,R101,2025-02-25,產品推廣,1
C1275,R101,2025-03-05,產品推廣,1
C1275,R101,2025-03-21,關係維護,0
C1275,R101,2025-03-24,產品推廣,1
C1275,R101,2025-03-15,產品推廣,0
C1275,R101,2025-03-31,產品推廣,1
C1275,R101,2025-03-26,產品推廣,0
C1275,R101,2025-03-16,收款,1
C1275,R101,2025-04-06,關係維護,0
C1275,R101,2025-03-22,關係維護,1
C1275,R101,2025-04-20,客訴處理,1
C1275,R101,2025-04-26,產品推廣,0
C1275,R101,2025-05-15,關係維護,1
C1275,R101,2025-05-22,產品推廣,0
C1275,R101,2025-05-18,客訴處理,0
C1275,R101,2025-06-20,關係維護,0
C1275,R101,2025-06-25,產品推廣,1
C1275,R101,2025-06-19,關係維護,1
C1275,R101,2025-06-18,收款,0
C1275,R101,2025-06-20,關係維護,0
C1275,R101,2025-06-24,產品推廣,0
C1275,R101,2025-08-02,產品推廣,1
C1275,R101,2025-07-20,產品推廣,0
C1275,R101,2025-07-15,客訴處理,1
C1275,R101,2025-08-19,客訴處理,1
C1275,R101,2025-08-08,產品推廣,0
C1275,R101,2025-08-31,產品推廣,1
C1275,R101,2025-08-15,收款,0
C1275,R101,2025-08-15,產品推廣,1
C1275,R101,2025-10-01,客訴處理,1
C1275,R101,2025-10-09,關係維護,1
C1275,R101,2025-10-24,產品推廣,0
C1275,R101,2025-10-14,產品推廣,1
C1275,R101,2025-10-11,關係維護,0
C1275,R101,2025-10-28,關係維護,0
C1275,R101,2025-12-22,產品推廣,1
C1275,R101,2025-12-12,產品推廣,1
C1275,R101,2025-12-26,產品推廣,0
C1275,R101,2025-12-10,產品推廣,0
C1275,R101,2026-01-10,產品推廣,1
C1275,R101,2026-01-16,產品推廣,0
C1275,R101,2026-01-13,客訴處理,0
C1275,R101,2026-01-30,關係維護,0
C1275,R101,2026-02-05,收款,0
C1275,R101,2026-02-08,收款,0
C1275,R101,2026-02-25,收款,0
C1275,R101,2026-03-31,關係維護,0
C1275,R101,2026-03-29,關係維護,1
C1275,R101,2026-04-12,產品推廣,0
C1275,R101,2026-05-23,產品推廣,0
C1275,R101,2026-05-03,產品推廣,0
C1275,R101,2026-05-20,產品推廣,0
C1276,R110,2025-02-09,客訴處理,0
C1276,R110,2025-03-12,產品推廣,0
C1276,R110,2025-05-17,產品推廣,0
C1276,R110,2025-06-28,產品推廣,0
C1276,R110,2025-06-28,關係維護,0
C1276,R110,2025-08-21,產品推廣,0
C1276,R110,2025-11-24,關係維護,0
C1276,R110,2025-11-26,收款,0
C1276,R110,2025-11-08,產品推廣,0
C1276,R110,2026-02-27,產品推廣,0
C1276,R110,2026-04-01,關係維護,0
C1276,R110,2026-03-16,關係維護,0
C1276,R110,2026-03-20,關係維護,0
C1276,R110,2026-04-12,關係維護,0
C1276,R110,2026-04-19,產品推廣,0
C1276,R110,2026-04-19,產品推廣,0
C1276,R110,2026-05-11,收款,0
C1276,R110,2026-05-28,產品推廣,0
C1276,R110,2026-06-07,產品推廣,0
C1276,R110,2026-07-22,產品推廣,0
C1277,R109,2025-04-01,客訴處理,1
C1277,R109,2025-04-25,關係維護,0
C1277,R109,2025-05-30,收款,0
C1277,R109,2025-07-28,產品推廣,0
C1277,R109,2025-08-22,收款,1
C1277,R109,2025-08-13,產品推廣,0
C1277,R109,2025-09-18,收款,0
C1277,R109,2025-11-19,客訴處理,0
C1277,R109,2026-06-02,產品推廣,1
C1278,R110,2025-02-22,收款,0
C1278,R110,2025-02-27,客訴處理,0
C1278,R110,2025-02-17,客訴處理,0
C1278,R110,2025-03-03,產品推廣,0
C1278,R110,2025-02-21,客訴處理,0
C1278,R110,2025-03-17,產品推廣,0
C1278,R110,2025-04-29,關係維護,0
C1278,R110,2025-05-06,關係維護,0
C1278,R110,2025-05-04,收款,0
C1278,R110,2025-05-04,關係維護,0
C1278,R110,2025-04-14,關係維護,0
C1278,R110,2025-05-20,產品推廣,0
C1278,R110,2025-05-20,關係維護,0
C1278,R110,2025-05-13,關係維護,0
C1278,R110,2025-05-10,產品推廣,0
C1278,R110,2025-05-14,產品推廣,0
C1278,R110,2025-06-01,收款,0
C1278,R110,2025-05-27,關係維護,0
C1278,R110,2025-07-02,產品推廣,0
C1278,R110,2025-07-03,收款,0
C1278,R110,2025-07-20,產品推廣,0
C1278,R110,2025-07-17,關係維護,0
C1278,R110,2025-07-22,產品推廣,0
C1278,R110,2025-08-09,關係維護,0
C1278,R110,2025-08-30,產品推廣,0
C1278,R110,2025-10-02,關係維護,0
C1278,R110,2025-09-05,產品推廣,0
C1278,R110,2025-10-01,產品推廣,0
C1278,R110,2025-09-22,產品推廣,0
C1278,R110,2025-09-16,關係維護,0
C1278,R110,2025-09-16,客訴處理,0
C1278,R110,2025-10-30,關係維護,0
C1278,R110,2025-11-01,收款,0
C1278,R110,2025-10-21,產品推廣,0
C1278,R110,2025-11-28,產品推廣,0
C1278,R110,2025-11-08,關係維護,0
C1278,R110,2025-11-28,客訴處理,0
C1278,R110,2025-12-10,收款,0
C1278,R110,2025-12-28,產品推廣,0
C1278,R110,2026-01-12,產品推廣,0
C1278,R110,2026-01-17,產品推廣,0
C1278,R110,2026-01-04,客訴處理,0
C1278,R110,2026-01-13,收款,0
C1278,R110,2026-03-20,關係維護,0
C1278,R110,2026-04-04,產品推廣,0
C1278,R110,2026-04-26,收款,0
C1278,R110,2026-04-21,收款,0
C1278,R110,2026-05-09,產品推廣,0
C1278,R110,2026-05-21,產品推廣,0
C1278,R110,2026-05-21,產品推廣,0
C1278,R110,2026-05-06,關係維護,0
C1278,R110,2026-05-30,產品推廣,0
C1278,R110,2026-05-15,產品推廣,0
C1278,R110,2026-05-09,產品推廣,0
C1278,R110,2026-06-04,關係維護,0
C1278,R110,2026-06-28,關係維護,0
C1278,R110,2026-07-22,關係維護,0
C1278,R110,2026-07-20,關係維護,0
C1279,R107,2025-03-02,收款,0
C1279,R107,2025-02-11,產品推廣,0
C1279,R107,2025-02-08,產品推廣,1
C1279,R107,2025-02-08,產品推廣,1
C1279,R107,2025-03-28,收款,1
C1279,R107,2025-03-20,收款,0
C1279,R107,2025-04-13,產品推廣,0
C1279,R107,2025-05-04,客訴處理,0
C1279,R107,2025-07-07,關係維護,0
C1279,R107,2025-08-13,關係維護,1
C1279,R107,2025-09-05,產品推廣,0
C1279,R107,2025-10-25,客訴處理,1
C1279,R107,2025-11-19,產品推廣,0
C1279,R107,2025-12-04,產品推廣,0
C1279,R107,2025-12-15,產品推廣,1
C1279,R107,2025-12-15,產品推廣,0
C1279,R107,2026-01-22,關係維護,1
C1279,R107,2026-01-05,關係維護,0
C1279,R107,2026-02-18,產品推廣,0
C1279,R107,2026-02-21,產品推廣,0
C1279,R107,2026-02-11,產品推廣,1
C1279,R107,2026-02-05,產品推廣,0
C1279,R107,2026-02-04,客訴處理,1
C1279,R107,2026-02-11,產品推廣,1
C1279,R107,2026-03-08,關係維護,1
C1279,R107,2026-03-06,關係維護,0
C1279,R107,2026-05-25,產品推廣,0
C1279,R107,2026-06-21,客訴處理,0
C1279,R107,2026-07-21,產品推廣,0
C1279,R107,2026-07-20,產品推廣,0
C1279,R107,2026-07-10,收款,1
C1280,R112,2025-03-19,產品推廣,0
C1280,R112,2025-04-18,產品推廣,0
C1280,R112,2025-04-20,關係維護,0
C1280,R112,2025-07-21,產品推廣,0
C1280,R112,2025-09-24,關係維護,0
C1280,R112,2025-10-20,收款,0
C1280,R112,2025-11-17,產品推廣,0
C1280,R112,2025-12-09,關係維護,0
C1280,R112,2026-01-18,產品推廣,0
C1280,R112,2026-01-25,產品推廣,0
C1280,R112,2026-01-15,關係維護,0
C1280,R112,2026-04-12,關係維護,0
C1280,R112,2026-05-31,產品推廣,0
C1280,R112,2026-07-24,收款,0
C1281,R107,2025-03-03,關係維護,0
C1281,R107,2025-03-17,關係維護,0
C1281,R107,2025-04-03,產品推廣,0
C1281,R107,2025-04-19,關係維護,0
C1281,R107,2025-05-28,收款,0
C1281,R107,2025-06-15,產品推廣,0
C1281,R107,2025-07-08,產品推廣,0
C1281,R107,2025-08-07,客訴處理,0
C1281,R107,2025-08-20,收款,0
C1281,R107,2025-09-21,關係維護,0
C1281,R107,2025-09-17,產品推廣,0
C1281,R107,2025-10-19,產品推廣,0
C1281,R107,2025-10-31,收款,0
C1281,R107,2025-11-28,關係維護,0
C1281,R107,2025-11-29,產品推廣,0
C1281,R107,2025-12-25,產品推廣,0
C1281,R107,2026-02-21,產品推廣,0
C1281,R107,2026-02-12,產品推廣,0
C1281,R107,2026-02-22,關係維護,0
C1281,R107,2026-04-11,客訴處理,0
C1281,R107,2026-04-12,產品推廣,0
C1281,R107,2026-05-10,客訴處理,0
C1281,R107,2026-06-02,產品推廣,0
C1282,R113,2025-02-12,收款,0
C1282,R113,2025-02-19,關係維護,1
C1282,R113,2025-04-05,產品推廣,1
C1282,R113,2025-03-11,收款,1
C1282,R113,2025-03-28,收款,1
C1282,R113,2025-07-14,關係維護,1
C1282,R113,2025-08-14,客訴處理,0
C1282,R113,2025-09-23,關係維護,0
C1282,R113,2025-11-20,收款,0
C1282,R113,2026-03-18,產品推廣,0
C1282,R113,2026-05-13,關係維護,0
C1282,R113,2026-05-09,產品推廣,1
C1282,R113,2026-05-04,產品推廣,0
C1283,R108,2025-03-24,關係維護,0
C1283,R108,2025-04-04,產品推廣,0
C1283,R108,2025-03-25,產品推廣,0
C1283,R108,2025-04-27,關係維護,0
C1283,R108,2025-06-21,收款,0
C1283,R108,2025-06-20,產品推廣,0
C1283,R108,2025-08-21,產品推廣,0
C1283,R108,2025-11-08,關係維護,0
C1283,R108,2026-01-05,關係維護,0
C1283,R108,2026-01-18,收款,0
C1283,R108,2026-02-24,產品推廣,0
C1283,R108,2026-03-04,產品推廣,0
C1283,R108,2026-06-20,產品推廣,0
C1283,R108,2026-06-05,收款,0
C1283,R108,2026-07-05,關係維護,0
C1284,R108,2025-02-15,客訴處理,0
C1284,R108,2025-02-11,客訴處理,0
C1284,R108,2025-03-25,產品推廣,0
C1284,R108,2025-04-26,產品推廣,0
C1284,R108,2025-05-19,產品推廣,0
C1284,R108,2025-05-15,產品推廣,0
C1284,R108,2025-07-01,關係維護,0
C1284,R108,2025-07-05,關係維護,0
C1284,R108,2025-06-22,產品推廣,0
C1284,R108,2025-06-12,關係維護,0
C1284,R108,2025-07-18,產品推廣,0
C1284,R108,2025-09-05,產品推廣,0
C1284,R108,2025-09-17,產品推廣,0
C1284,R108,2025-10-10,產品推廣,0
C1284,R108,2025-10-11,產品推廣,0
C1284,R108,2025-11-29,客訴處理,0
C1284,R108,2025-11-21,客訴處理,0
C1284,R108,2025-11-27,產品推廣,0
C1284,R108,2026-01-22,客訴處理,0
C1284,R108,2026-01-23,客訴處理,0
C1284,R108,2026-02-06,產品推廣,0
C1284,R108,2026-03-21,產品推廣,0
C1284,R108,2026-03-06,產品推廣,0
C1284,R108,2026-05-16,產品推廣,0
C1284,R108,2026-05-21,客訴處理,0
C1284,R108,2026-05-09,產品推廣,0
C1284,R108,2026-05-23,產品推廣,0
C1284,R108,2026-06-07,關係維護,0
C1284,R108,2026-06-11,收款,0
C1284,R108,2026-07-19,收款,0
C1285,R105,2025-02-18,產品推廣,0
C1285,R105,2025-04-15,產品推廣,0
C1285,R105,2025-06-02,產品推廣,0
C1285,R105,2025-06-02,產品推廣,0
C1285,R105,2025-05-25,產品推廣,0
C1285,R105,2025-06-28,關係維護,0
C1285,R105,2025-07-09,產品推廣,0
C1285,R105,2025-10-14,關係維護,0
C1285,R105,2025-12-12,產品推廣,0
C1285,R105,2026-02-11,產品推廣,0
C1285,R105,2026-04-20,產品推廣,0
C1285,R105,2026-04-13,客訴處理,0
C1285,R105,2026-07-18,產品推廣,0
C1285,R105,2026-07-23,客訴處理,0
C1286,R110,2025-03-07,產品推廣,0
C1286,R110,2025-04-03,產品推廣,0
C1286,R110,2025-03-24,產品推廣,0
C1286,R110,2025-04-12,產品推廣,0
C1286,R110,2025-06-16,產品推廣,0
C1286,R110,2025-06-19,產品推廣,0
C1286,R110,2025-07-17,產品推廣,0
C1286,R110,2025-07-19,收款,0
C1286,R110,2025-08-23,產品推廣,0
C1286,R110,2025-10-05,產品推廣,0
C1286,R110,2026-01-30,關係維護,0
C1286,R110,2026-01-17,關係維護,0
C1286,R110,2026-02-16,產品推廣,0
C1286,R110,2026-02-20,客訴處理,0
C1286,R110,2026-03-17,產品推廣,0
C1286,R110,2026-06-03,產品推廣,0
C1286,R110,2026-06-17,產品推廣,0
C1287,R113,2025-02-16,產品推廣,0
C1287,R113,2025-03-05,關係維護,0
C1287,R113,2025-03-05,收款,0
C1287,R113,2025-07-05,關係維護,0
C1287,R113,2025-07-29,產品推廣,0
C1287,R113,2025-07-22,產品推廣,0
C1287,R113,2025-11-08,產品推廣,0
C1287,R113,2026-01-09,收款,0
C1287,R113,2026-01-22,產品推廣,0
C1287,R113,2026-01-03,產品推廣,0
C1287,R113,2026-02-19,收款,0
C1287,R113,2026-06-16,關係維護,0
C1288,R106,2025-02-25,關係維護,0
C1288,R106,2025-03-22,關係維護,0
C1288,R106,2025-03-26,收款,0
C1288,R106,2025-04-16,收款,0
C1288,R106,2025-05-10,關係維護,0
C1288,R106,2025-05-18,關係維護,0
C1288,R106,2025-06-15,產品推廣,0
C1288,R106,2025-07-20,產品推廣,0
C1288,R106,2025-07-09,產品推廣,0
C1288,R106,2025-09-23,產品推廣,0
C1288,R106,2025-12-14,產品推廣,0
C1288,R106,2026-01-09,客訴處理,0
C1288,R106,2026-02-19,產品推廣,0
C1288,R106,2026-02-28,產品推廣,0
C1288,R106,2026-03-31,客訴處理,0
C1288,R106,2026-04-05,客訴處理,0
C1288,R106,2026-05-04,客訴處理,0
C1288,R106,2026-06-16,產品推廣,0
C1288,R106,2026-07-20,關係維護,0
C1289,R100,2025-03-02,關係維護,0
C1289,R100,2025-02-26,產品推廣,0
C1289,R100,2025-02-11,收款,0
C1289,R100,2025-02-08,產品推廣,0
C1289,R100,2025-02-21,產品推廣,0
C1289,R100,2025-04-06,關係維護,0
C1289,R100,2025-04-16,產品推廣,0
C1289,R100,2025-04-10,客訴處理,0
C1289,R100,2025-05-08,關係維護,0
C1289,R100,2025-05-23,客訴處理,0
C1289,R100,2025-07-03,關係維護,0
C1289,R100,2025-07-23,產品推廣,0
C1289,R100,2025-08-02,產品推廣,0
C1289,R100,2025-08-04,產品推廣,0
C1289,R100,2025-08-31,關係維護,0
C1289,R100,2025-09-03,關係維護,0
C1289,R100,2025-08-19,產品推廣,0
C1289,R100,2025-08-31,客訴處理,0
C1289,R100,2025-08-17,產品推廣,0
C1289,R100,2025-08-07,產品推廣,0
C1289,R100,2025-09-23,客訴處理,0
C1289,R100,2025-10-28,產品推廣,0
C1289,R100,2025-10-11,產品推廣,0
C1289,R100,2025-10-24,收款,0
C1289,R100,2025-11-15,關係維護,0
C1289,R100,2025-11-17,產品推廣,0
C1289,R100,2025-11-14,產品推廣,0
C1289,R100,2025-11-23,客訴處理,0
C1289,R100,2025-12-01,關係維護,0
C1289,R100,2025-12-21,產品推廣,0
C1289,R100,2025-12-09,關係維護,0
C1289,R100,2025-12-22,客訴處理,0
C1289,R100,2026-01-01,產品推廣,0
C1289,R100,2025-12-09,產品推廣,0
C1289,R100,2026-01-01,產品推廣,0
C1289,R100,2025-12-13,關係維護,0
C1289,R100,2026-01-06,關係維護,0
C1289,R100,2026-01-13,產品推廣,0
C1289,R100,2026-03-01,產品推廣,0
C1289,R100,2026-02-08,產品推廣,0
C1289,R100,2026-02-24,產品推廣,0
C1289,R100,2026-02-23,關係維護,0
C1289,R100,2026-02-13,收款,0
C1289,R100,2026-02-14,關係維護,0
C1289,R100,2026-02-26,產品推廣,0
C1289,R100,2026-02-13,產品推廣,0
C1289,R100,2026-02-17,收款,0
C1289,R100,2026-02-03,產品推廣,0
C1289,R100,2026-03-05,關係維護,0
C1289,R100,2026-03-21,收款,0
C1289,R100,2026-03-19,產品推廣,0
C1289,R100,2026-04-20,關係維護,0
C1289,R100,2026-04-16,關係維護,0
C1289,R100,2026-05-29,收款,0
C1289,R100,2026-05-31,產品推廣,0
C1289,R100,2026-05-06,產品推廣,0
C1289,R100,2026-06-03,客訴處理,0
C1289,R100,2026-06-17,收款,0
C1289,R100,2026-06-29,收款,0
C1289,R100,2026-06-15,關係維護,0
C1289,R100,2026-07-22,產品推廣,0
C1289,R100,2026-07-04,產品推廣,0
C1289,R100,2026-07-17,產品推廣,0
C1289,R100,2026-07-19,產品推廣,0
C1290,R117,2025-02-20,產品推廣,0
C1290,R117,2025-03-03,關係維護,0
C1290,R117,2025-05-17,收款,0
C1290,R117,2025-07-17,產品推廣,0
C1290,R117,2025-08-22,產品推廣,0
C1290,R117,2025-09-05,客訴處理,0
C1290,R117,2025-10-28,關係維護,0
C1290,R117,2025-11-29,產品推廣,0
C1290,R117,2025-12-02,產品推廣,1
C1290,R117,2026-02-28,收款,0
C1290,R117,2026-03-10,產品推廣,1
C1290,R117,2026-03-18,產品推廣,1
C1290,R117,2026-05-16,關係維護,0
C1290,R117,2026-05-07,收款,1
C1290,R117,2026-07-11,客訴處理,1
C1291,R117,2025-03-09,客訴處理,0
C1291,R117,2025-06-02,產品推廣,0
C1291,R117,2025-06-25,產品推廣,0
C1291,R117,2025-11-21,產品推廣,0
C1291,R117,2026-01-18,關係維護,0
C1291,R117,2026-01-30,產品推廣,0
C1291,R117,2026-01-17,收款,0
C1291,R117,2026-01-04,收款,0
C1291,R117,2026-02-06,客訴處理,0
C1291,R117,2026-03-21,收款,0
C1291,R117,2026-05-06,關係維護,0
C1291,R117,2026-06-24,產品推廣,0
C1291,R117,2026-06-23,產品推廣,0
C1291,R117,2026-07-22,關係維護,0
C1292,R112,2025-02-24,產品推廣,0
C1292,R112,2025-03-03,產品推廣,0
C1292,R112,2025-03-01,產品推廣,0
C1292,R112,2025-03-26,產品推廣,0
C1292,R112,2025-04-01,收款,0
C1292,R112,2025-04-21,關係維護,0
C1292,R112,2025-04-23,產品推廣,0
C1292,R112,2025-05-28,客訴處理,0
C1292,R112,2025-05-08,產品推廣,0
C1292,R112,2025-05-10,關係維護,0
C1292,R112,2025-07-02,關係維護,0
C1292,R112,2025-07-01,產品推廣,0
C1292,R112,2025-06-07,關係維護,0
C1292,R112,2025-07-05,客訴處理,0
C1292,R112,2025-06-11,產品推廣,0
C1292,R112,2025-07-02,產品推廣,0
C1292,R112,2025-07-30,產品推廣,0
C1292,R112,2025-07-07,關係維護,0
C1292,R112,2025-07-22,產品推廣,0
C1292,R112,2025-07-20,客訴處理,0
C1292,R112,2025-08-12,產品推廣,0
C1292,R112,2025-08-08,產品推廣,0
C1292,R112,2025-08-21,產品推廣,0
C1292,R112,2025-09-11,關係維護,0
C1292,R112,2025-09-18,收款,0
C1292,R112,2025-09-07,產品推廣,0
C1292,R112,2025-09-15,產品推廣,0
C1292,R112,2025-09-23,產品推廣,0
C1292,R112,2025-11-02,產品推廣,0
C1292,R112,2025-10-13,產品推廣,0
C1292,R112,2025-10-20,關係維護,0
C1292,R112,2025-10-23,產品推廣,0
C1292,R112,2025-10-05,產品推廣,0
C1292,R112,2025-10-06,產品推廣,0
C1292,R112,2025-11-11,關係維護,0
C1292,R112,2025-11-30,產品推廣,0
C1292,R112,2025-11-28,關係維護,0
C1292,R112,2025-12-18,關係維護,0
C1292,R112,2025-12-29,產品推廣,0
C1292,R112,2025-12-05,產品推廣,0
C1292,R112,2025-12-27,產品推廣,0
C1292,R112,2025-12-12,關係維護,0
C1292,R112,2026-01-12,產品推廣,0
C1292,R112,2026-03-02,產品推廣,0
C1292,R112,2026-02-25,產品推廣,0
C1292,R112,2026-02-16,關係維護,0
C1292,R112,2026-03-06,收款,0
C1292,R112,2026-03-05,產品推廣,0
C1292,R112,2026-03-05,產品推廣,0
C1292,R112,2026-03-16,產品推廣,0
C1292,R112,2026-03-15,產品推廣,0
C1292,R112,2026-04-28,客訴處理,0
C1292,R112,2026-05-03,產品推廣,0
C1292,R112,2026-05-06,產品推廣,0
C1292,R112,2026-05-04,產品推廣,0
C1292,R112,2026-05-24,關係維護,0
C1292,R112,2026-06-30,關係維護,0
C1292,R112,2026-06-04,關係維護,0
C1292,R112,2026-06-27,客訴處理,0
C1292,R112,2026-07-03,產品推廣,0
C1292,R112,2026-07-04,產品推廣,0
C1293,R108,2025-02-23,關係維護,1
C1293,R108,2025-02-18,關係維護,0
C1293,R108,2025-04-05,產品推廣,0
C1293,R108,2025-04-30,產品推廣,0
C1293,R108,2025-05-03,收款,0
C1293,R108,2025-05-27,產品推廣,0
C1293,R108,2025-06-05,關係維護,0
C1293,R108,2025-06-04,收款,1
C1293,R108,2025-06-04,關係維護,0
C1293,R108,2025-05-19,產品推廣,1
C1293,R108,2025-06-13,關係維護,0
C1293,R108,2025-06-29,收款,0
C1293,R108,2025-06-21,產品推廣,1
C1293,R108,2025-07-24,客訴處理,1
C1293,R108,2025-07-31,客訴處理,0
C1293,R108,2025-07-24,產品推廣,1
C1293,R108,2025-08-10,產品推廣,0
C1293,R108,2025-08-08,產品推廣,0
C1293,R108,2025-09-27,產品推廣,1
C1293,R108,2025-09-25,產品推廣,1
C1293,R108,2025-09-05,收款,0
C1293,R108,2025-09-06,產品推廣,1
C1293,R108,2025-11-08,關係維護,1
C1293,R108,2025-11-06,關係維護,1
C1293,R108,2025-12-09,收款,1
C1293,R108,2026-01-04,客訴處理,0
C1293,R108,2026-02-05,客訴處理,0
C1293,R108,2026-03-16,關係維護,0
C1293,R108,2026-03-08,產品推廣,0
C1293,R108,2026-03-19,收款,0
C1293,R108,2026-04-19,產品推廣,1
C1293,R108,2026-04-15,產品推廣,0
C1293,R108,2026-07-27,關係維護,0
C1294,R107,2025-03-12,產品推廣,0
C1294,R107,2025-04-14,關係維護,0
C1294,R107,2025-04-21,關係維護,0
C1294,R107,2025-04-09,產品推廣,0
C1294,R107,2025-05-14,客訴處理,0
C1294,R107,2025-05-25,產品推廣,0
C1294,R107,2025-05-28,產品推廣,0
C1294,R107,2025-07-04,產品推廣,0
C1294,R107,2025-06-29,產品推廣,0
C1294,R107,2025-06-19,關係維護,0
C1294,R107,2025-07-30,關係維護,0
C1294,R107,2025-07-16,收款,0
C1294,R107,2025-07-13,產品推廣,0
C1294,R107,2025-07-16,產品推廣,0
C1294,R107,2025-07-30,產品推廣,0
C1294,R107,2025-07-22,關係維護,0
C1294,R107,2025-07-26,產品推廣,0
C1294,R107,2025-09-09,產品推廣,0
C1294,R107,2025-09-06,產品推廣,0
C1294,R107,2025-12-24,產品推廣,0
C1294,R107,2025-12-13,關係維護,0
C1294,R107,2026-01-30,關係維護,0
C1294,R107,2026-01-07,客訴處理,0
C1294,R107,2026-01-29,產品推廣,0
C1294,R107,2026-02-12,客訴處理,0
C1294,R107,2026-03-01,產品推廣,0
C1294,R107,2026-02-27,關係維護,0
C1294,R107,2026-03-15,產品推廣,0
C1294,R107,2026-03-05,客訴處理,0
C1294,R107,2026-03-21,關係維護,0
C1294,R107,2026-03-13,關係維護,0
C1294,R107,2026-04-30,關係維護,0
C1294,R107,2026-04-22,產品推廣,0
C1294,R107,2026-04-19,產品推廣,0
C1294,R107,2026-05-15,產品推廣,0
C1294,R107,2026-05-10,關係維護,0
C1294,R107,2026-06-28,產品推廣,0
C1294,R107,2026-07-09,產品推廣,0
C1294,R107,2026-07-14,關係維護,0
C1295,R102,2025-05-06,產品推廣,0
C1295,R102,2025-08-10,關係維護,0
C1295,R102,2025-09-27,收款,1
C1295,R102,2025-12-16,產品推廣,1
C1295,R102,2026-01-15,產品推廣,1
C1295,R102,2026-01-26,收款,1
C1295,R102,2026-01-17,關係維護,0
C1295,R102,2026-03-21,產品推廣,0
C1295,R102,2026-05-17,產品推廣,1
C1295,R102,2026-07-05,產品推廣,0
C1296,R112,2025-02-24,客訴處理,0
C1296,R112,2025-04-02,關係維護,0
C1296,R112,2025-03-16,關係維護,0
C1296,R112,2025-03-16,關係維護,0
C1296,R112,2025-04-11,關係維護,0
C1296,R112,2025-04-17,關係維護,0
C1296,R112,2025-06-27,關係維護,0
C1296,R112,2025-06-30,收款,0
C1296,R112,2025-06-28,產品推廣,0
C1296,R112,2025-06-20,客訴處理,0
C1296,R112,2025-07-29,收款,0
C1296,R112,2025-07-12,產品推廣,0
C1296,R112,2025-08-26,關係維護,0
C1296,R112,2025-08-19,產品推廣,0
C1296,R112,2025-09-22,客訴處理,0
C1296,R112,2025-09-24,產品推廣,0
C1296,R112,2025-10-06,關係維護,0
C1296,R112,2025-10-28,收款,0
C1296,R112,2025-11-04,收款,0
C1296,R112,2025-11-05,客訴處理,0
C1296,R112,2025-11-28,產品推廣,0
C1296,R112,2025-12-29,客訴處理,0
C1296,R112,2025-12-27,收款,0
C1296,R112,2025-12-09,收款,0
C1296,R112,2025-12-29,關係維護,0
C1296,R112,2026-01-22,產品推廣,0
C1296,R112,2026-01-18,客訴處理,0
C1296,R112,2026-03-30,產品推廣,0
C1296,R112,2026-03-11,收款,0
C1296,R112,2026-03-14,關係維護,0
C1296,R112,2026-04-04,產品推廣,0
C1296,R112,2026-05-03,關係維護,0
C1296,R112,2026-07-12,產品推廣,0
C1297,R108,2025-03-04,產品推廣,0
C1297,R108,2025-03-26,產品推廣,0
C1297,R108,2025-03-24,收款,0
C1297,R108,2025-03-30,收款,0
C1297,R108,2025-03-18,產品推廣,0
C1297,R108,2025-04-19,收款,0
C1297,R108,2025-05-19,產品推廣,0
C1297,R108,2025-06-20,產品推廣,0
C1297,R108,2025-06-27,關係維護,0
C1297,R108,2025-07-27,收款,0
C1297,R108,2025-07-19,產品推廣,0
C1297,R108,2025-08-02,關係維護,0
C1297,R108,2025-09-02,關係維護,0
C1297,R108,2025-10-02,收款,0
C1297,R108,2025-09-21,產品推廣,0
C1297,R108,2025-09-26,產品推廣,0
C1297,R108,2025-10-01,關係維護,0
C1297,R108,2025-10-11,產品推廣,0
C1297,R108,2025-10-14,客訴處理,0
C1297,R108,2025-11-12,產品推廣,0
C1297,R108,2025-11-06,收款,0
C1297,R108,2025-12-02,產品推廣,0
C1297,R108,2025-12-23,產品推廣,0
C1297,R108,2025-12-15,收款,0
C1297,R108,2025-12-07,產品推廣,0
C1297,R108,2025-12-13,關係維護,0
C1297,R108,2025-12-09,客訴處理,0
C1297,R108,2026-03-21,產品推廣,0
C1297,R108,2026-03-26,收款,0
C1297,R108,2026-04-23,產品推廣,0
C1297,R108,2026-04-04,關係維護,0
C1297,R108,2026-05-30,產品推廣,0
C1297,R108,2026-06-27,產品推廣,0
C1298,R114,2025-04-15,產品推廣,0
C1298,R114,2025-07-04,收款,0
C1298,R114,2025-06-19,關係維護,0
C1298,R114,2025-08-18,關係維護,0
C1298,R114,2025-10-03,產品推廣,0
C1298,R114,2025-11-25,產品推廣,0
C1298,R114,2025-11-07,產品推廣,0
C1298,R114,2026-02-06,關係維護,0
C1298,R114,2026-03-12,產品推廣,0
C1298,R114,2026-04-20,產品推廣,0
C1298,R114,2026-05-04,產品推廣,0
C1298,R114,2026-07-14,產品推廣,0
C1299,R112,2025-03-07,產品推廣,0
C1299,R112,2025-05-10,產品推廣,0
C1299,R112,2025-07-17,關係維護,0
C1299,R112,2025-10-26,產品推廣,0
C1299,R112,2025-11-21,產品推廣,0
C1299,R112,2025-11-23,關係維護,0
C1299,R112,2026-01-28,收款,0
C1299,R112,2026-01-29,產品推廣,0
C1299,R112,2026-03-24,產品推廣,0
C1299,R112,2026-03-30,產品推廣,0
C1299,R112,2026-05-28,產品推廣,0
C1300,R106,2025-02-15,客訴處理,0
C1300,R106,2025-02-16,產品推廣,0
C1300,R106,2025-03-31,關係維護,0
C1300,R106,2025-04-19,產品推廣,0
C1300,R106,2025-06-05,產品推廣,0
C1300,R106,2025-05-27,關係維護,0
C1300,R106,2025-05-24,收款,0
C1300,R106,2025-06-22,關係維護,0
C1300,R106,2025-06-15,產品推廣,0
C1300,R106,2025-07-12,產品推廣,0
C1300,R106,2025-07-31,關係維護,0
C1300,R106,2025-09-17,產品推廣,0
C1300,R106,2025-10-03,關係維護,0
C1300,R106,2025-10-27,產品推廣,0
C1300,R106,2025-11-01,收款,0
C1300,R106,2025-10-30,產品推廣,0
C1300,R106,2025-10-28,產品推廣,0
C1300,R106,2025-11-06,客訴處理,0
C1300,R106,2026-01-26,產品推廣,0
C1300,R106,2026-02-06,產品推廣,0
C1300,R106,2026-02-15,產品推廣,0
C1300,R106,2026-02-14,產品推廣,0
C1300,R106,2026-03-15,產品推廣,0
C1300,R106,2026-04-13,關係維護,0
C1300,R106,2026-04-21,收款,0
C1300,R106,2026-04-05,產品推廣,0
C1300,R106,2026-05-07,產品推廣,0
C1300,R106,2026-05-25,產品推廣,0
C1300,R106,2026-07-19,關係維護,0
C1300,R106,2026-07-05,產品推廣,0
C1301,R113,2025-02-24,收款,1
C1301,R113,2025-02-22,產品推廣,1
C1301,R113,2025-02-24,關係維護,0
C1301,R113,2025-03-31,關係維護,1
C1301,R113,2025-03-13,收款,0
C1301,R113,2025-04-04,收款,1
C1301,R113,2025-03-13,關係維護,0
C1301,R113,2025-05-02,產品推廣,0
C1301,R113,2025-04-27,收款,1
C1301,R113,2025-04-25,關係維護,0
C1301,R113,2025-04-30,客訴處理,1
C1301,R113,2025-05-10,關係維護,0
C1301,R113,2025-08-03,收款,0
C1301,R113,2025-07-20,收款,0
C1301,R113,2025-07-15,產品推廣,0
C1301,R113,2025-08-12,產品推廣,1
C1301,R113,2025-08-31,收款,0
C1301,R113,2025-08-13,產品推廣,0
C1301,R113,2025-08-31,產品推廣,0
C1301,R113,2025-08-13,關係維護,1
C1301,R113,2025-09-13,關係維護,0
C1301,R113,2025-10-02,收款,0
C1301,R113,2025-09-20,關係維護,1
C1301,R113,2025-10-25,產品推廣,1
C1301,R113,2025-11-01,關係維護,1
C1301,R113,2025-10-25,收款,0
C1301,R113,2025-10-24,產品推廣,0
C1301,R113,2025-10-24,產品推廣,0
C1301,R113,2025-11-04,收款,1
C1301,R113,2025-11-11,產品推廣,1
C1301,R113,2025-12-05,收款,1
C1301,R113,2025-12-15,收款,0
C1301,R113,2025-12-26,產品推廣,0
C1301,R113,2026-01-17,產品推廣,0
C1301,R113,2026-01-21,產品推廣,1
C1301,R113,2026-01-10,產品推廣,0
C1301,R113,2026-02-02,關係維護,1
C1301,R113,2026-02-04,產品推廣,0
C1301,R113,2026-02-08,收款,1
C1301,R113,2026-03-25,關係維護,1
C1301,R113,2026-03-04,產品推廣,1
C1301,R113,2026-03-18,關係維護,1
C1301,R113,2026-03-08,收款,1
C1301,R113,2026-03-28,產品推廣,0
C1301,R113,2026-03-25,產品推廣,1
C1301,R113,2026-04-04,產品推廣,1
C1302,R111,2025-03-02,產品推廣,0
C1302,R111,2025-02-08,產品推廣,0
C1302,R111,2025-02-14,產品推廣,0
C1302,R111,2025-05-05,產品推廣,0
C1302,R111,2025-04-21,產品推廣,0
C1302,R111,2025-04-24,產品推廣,0
C1302,R111,2025-04-22,產品推廣,0
C1302,R111,2025-06-05,產品推廣,0
C1302,R111,2025-05-30,關係維護,0
C1302,R111,2025-05-16,產品推廣,0
C1302,R111,2025-05-12,關係維護,0
C1302,R111,2025-05-24,產品推廣,0
C1302,R111,2025-05-26,關係維護,0
C1302,R111,2025-06-21,客訴處理,0
C1302,R111,2025-07-02,客訴處理,0
C1302,R111,2025-06-09,產品推廣,0
C1302,R111,2025-07-19,產品推廣,0
C1302,R111,2025-08-02,關係維護,0
C1302,R111,2025-07-20,客訴處理,0
C1302,R111,2025-08-28,收款,0
C1302,R111,2025-08-07,關係維護,0
C1302,R111,2025-08-30,關係維護,0
C1302,R111,2025-08-09,產品推廣,0
C1302,R111,2025-08-06,產品推廣,0
C1302,R111,2025-08-24,關係維護,0
C1302,R111,2025-09-18,產品推廣,0
C1302,R111,2025-09-15,產品推廣,0
C1302,R111,2025-10-02,產品推廣,0
C1302,R111,2025-09-16,關係維護,0
C1302,R111,2025-09-13,產品推廣,0
C1302,R111,2025-09-26,產品推廣,0
C1302,R111,2025-10-26,收款,0
C1302,R111,2025-10-13,收款,0
C1302,R111,2025-10-12,收款,0
C1302,R111,2025-10-23,關係維護,0
C1302,R111,2025-11-20,客訴處理,0
C1302,R111,2025-11-04,產品推廣,0
C1302,R111,2025-11-30,關係維護,0
C1302,R111,2025-11-14,產品推廣,0
C1302,R111,2025-12-21,產品推廣,0
C1302,R111,2025-12-14,產品推廣,0
C1302,R111,2025-12-19,客訴處理,0
C1302,R111,2026-01-16,收款,0
C1302,R111,2026-01-17,關係維護,0
C1302,R111,2026-01-22,客訴處理,0
C1302,R111,2026-02-16,產品推廣,0
C1302,R111,2026-02-16,產品推廣,0
C1302,R111,2026-03-08,客訴處理,0
C1302,R111,2026-03-05,產品推廣,0
C1302,R111,2026-03-08,產品推廣,0
C1302,R111,2026-03-09,產品推廣,0
C1302,R111,2026-03-20,收款,0
C1302,R111,2026-04-25,產品推廣,0
C1302,R111,2026-04-15,產品推廣,0
C1302,R111,2026-04-11,關係維護,0
C1302,R111,2026-04-26,收款,0
C1302,R111,2026-05-10,產品推廣,0
C1302,R111,2026-05-26,關係維護,0
C1302,R111,2026-05-07,產品推廣,0
C1302,R111,2026-05-24,關係維護,0
C1302,R111,2026-05-08,關係維護,0
C1302,R111,2026-05-22,產品推廣,0
C1302,R111,2026-06-19,產品推廣,0
C1302,R111,2026-07-12,產品推廣,0
C1302,R111,2026-07-19,產品推廣,0
C1302,R111,2026-07-12,客訴處理,0
C1303,R102,2025-02-25,產品推廣,0
C1303,R102,2025-03-04,關係維護,0
C1303,R102,2025-05-14,產品推廣,0
C1303,R102,2025-06-09,產品推廣,0
C1303,R102,2025-09-12,產品推廣,0
C1303,R102,2025-10-24,客訴處理,0
C1303,R102,2025-12-28,客訴處理,0
C1303,R102,2026-01-19,收款,0
C1303,R102,2026-02-04,產品推廣,0
C1303,R102,2026-05-09,關係維護,0
C1303,R102,2026-05-15,產品推廣,0
C1303,R102,2026-05-04,客訴處理,0
C1304,R109,2025-04-01,產品推廣,1
C1304,R109,2025-03-20,收款,0
C1304,R109,2025-04-21,產品推廣,0
C1304,R109,2025-04-27,產品推廣,0
C1304,R109,2025-05-26,產品推廣,0
C1304,R109,2025-05-26,產品推廣,0
C1304,R109,2025-05-23,產品推廣,1
C1304,R109,2025-06-27,產品推廣,1
C1304,R109,2025-07-07,關係維護,1
C1304,R109,2025-07-12,客訴處理,0
C1304,R109,2025-08-06,產品推廣,0
C1304,R109,2025-08-23,產品推廣,1
C1304,R109,2025-08-26,產品推廣,0
C1304,R109,2025-09-25,關係維護,0
C1304,R109,2025-09-13,產品推廣,0
C1304,R109,2025-09-08,產品推廣,0
C1304,R109,2025-09-14,關係維護,1
C1304,R109,2025-09-19,產品推廣,0
C1304,R109,2025-10-09,產品推廣,0
C1304,R109,2025-10-15,產品推廣,0
C1304,R109,2025-10-25,產品推廣,0
C1304,R109,2025-12-02,關係維護,1
C1304,R109,2025-12-02,產品推廣,0
C1304,R109,2025-11-11,收款,0
C1304,R109,2025-12-12,客訴處理,0
C1304,R109,2025-12-26,產品推廣,0
C1304,R109,2025-12-21,產品推廣,0
C1304,R109,2026-01-31,關係維護,0
C1304,R109,2026-01-11,產品推廣,1
C1304,R109,2026-01-07,產品推廣,1
C1304,R109,2026-01-30,收款,0
C1304,R109,2026-01-27,關係維護,0
C1304,R109,2026-01-24,關係維護,1
C1304,R109,2026-01-26,收款,1
C1304,R109,2026-02-25,產品推廣,1
C1304,R109,2026-03-23,產品推廣,0
C1304,R109,2026-03-17,產品推廣,1
C1304,R109,2026-03-30,關係維護,0
C1304,R109,2026-03-16,產品推廣,1
C1304,R109,2026-04-29,關係維護,1
C1304,R109,2026-05-30,產品推廣,0
C1304,R109,2026-05-21,關係維護,0
C1304,R109,2026-06-20,收款,0
C1304,R109,2026-06-25,客訴處理,1
C1304,R109,2026-06-21,收款,1
C1304,R109,2026-07-30,客訴處理,0
C1305,R111,2025-02-25,客訴處理,0
C1305,R111,2025-02-14,關係維護,0
C1305,R111,2025-03-29,客訴處理,0
C1305,R111,2025-03-11,產品推廣,0
C1305,R111,2025-03-11,關係維護,0
C1305,R111,2025-04-15,關係維護,0
C1305,R111,2025-04-26,收款,0
C1305,R111,2025-04-23,收款,0
C1305,R111,2025-04-16,關係維護,0
C1305,R111,2025-05-12,產品推廣,0
C1305,R111,2025-05-29,客訴處理,0
C1305,R111,2025-05-19,關係維護,0
C1305,R111,2025-06-30,關係維護,0
C1305,R111,2025-06-15,關係維護,0
C1305,R111,2025-07-30,產品推廣,0
C1305,R111,2025-09-02,產品推廣,0
C1305,R111,2025-10-03,關係維護,0
C1305,R111,2025-09-28,關係維護,0
C1305,R111,2025-10-16,產品推廣,0
C1305,R111,2025-11-07,收款,0
C1305,R111,2026-01-04,關係維護,0
C1305,R111,2026-02-18,產品推廣,0
C1305,R111,2026-03-17,收款,0
C1305,R111,2026-03-29,產品推廣,0
C1305,R111,2026-03-07,收款,0
C1305,R111,2026-04-23,關係維護,0
C1305,R111,2026-04-12,收款,0
C1305,R111,2026-04-14,關係維護,0
C1305,R111,2026-05-29,產品推廣,0
C1305,R111,2026-05-20,產品推廣,0
C1305,R111,2026-05-03,產品推廣,0
C1305,R111,2026-05-29,關係維護,0
C1305,R111,2026-05-04,客訴處理,0
C1305,R111,2026-06-27,產品推廣,0
C1305,R111,2026-06-08,產品推廣,0
C1305,R111,2026-07-15,關係維護,0
C1305,R111,2026-07-30,產品推廣,0
C1305,R111,2026-07-11,關係維護,0
C1305,R111,2026-07-21,產品推廣,0
C1306,R112,2025-04-10,產品推廣,0
C1306,R112,2025-07-13,產品推廣,0
C1306,R112,2025-09-02,收款,0
C1306,R112,2025-09-13,產品推廣,0
C1306,R112,2025-11-11,產品推廣,0
C1306,R112,2026-01-01,產品推廣,0
C1306,R112,2026-01-26,產品推廣,0
C1306,R112,2026-05-17,產品推廣,0
C1306,R112,2026-06-08,收款,0
C1307,R108,2025-02-20,產品推廣,1
C1307,R108,2025-03-17,產品推廣,0
C1307,R108,2025-03-28,產品推廣,0
C1307,R108,2025-05-03,產品推廣,1
C1307,R108,2025-04-19,關係維護,0
C1307,R108,2025-04-21,產品推廣,1
C1307,R108,2025-04-20,關係維護,0
C1307,R108,2025-05-03,產品推廣,0
C1307,R108,2025-05-15,產品推廣,0
C1307,R108,2025-05-19,產品推廣,0
C1307,R108,2025-05-18,產品推廣,0
C1307,R108,2025-05-30,產品推廣,0
C1307,R108,2025-06-16,產品推廣,0
C1307,R108,2025-07-05,關係維護,0
C1307,R108,2025-07-03,關係維護,1
C1307,R108,2025-07-04,關係維護,1
C1307,R108,2025-07-23,客訴處理,0
C1307,R108,2025-07-21,收款,0
C1307,R108,2025-09-06,收款,0
C1307,R108,2025-09-28,產品推廣,1
C1307,R108,2025-09-06,關係維護,0
C1307,R108,2025-09-17,產品推廣,1
C1307,R108,2025-09-12,產品推廣,0
C1307,R108,2025-10-08,關係維護,0
C1307,R108,2025-11-23,客訴處理,1
C1307,R108,2025-11-07,客訴處理,0
C1307,R108,2025-12-02,關係維護,0
C1307,R108,2026-01-19,產品推廣,1
C1307,R108,2026-01-14,產品推廣,0
C1307,R108,2026-03-18,收款,0
C1307,R108,2026-03-28,產品推廣,1
C1307,R108,2026-03-23,產品推廣,0
C1307,R108,2026-03-17,產品推廣,0
C1307,R108,2026-03-22,關係維護,0
C1307,R108,2026-04-22,收款,0
C1307,R108,2026-04-23,收款,1
C1307,R108,2026-04-24,關係維護,0
C1307,R108,2026-05-27,產品推廣,0
C1307,R108,2026-06-23,關係維護,0
C1307,R108,2026-06-13,產品推廣,1
C1307,R108,2026-06-12,收款,0
C1307,R108,2026-06-06,產品推廣,1
C1307,R108,2026-07-26,關係維護,0
C1307,R108,2026-07-18,關係維護,1
C1308,R101,2025-04-04,產品推廣,0
C1308,R101,2025-03-13,產品推廣,0
C1308,R101,2025-05-03,客訴處理,0
C1308,R101,2025-04-26,關係維護,0
C1308,R101,2025-04-27,關係維護,0
C1308,R101,2025-04-20,關係維護,0
C1308,R101,2025-05-25,產品推廣,0
C1308,R101,2025-05-22,產品推廣,0
C1308,R101,2025-07-02,產品推廣,0
C1308,R101,2025-06-15,收款,0
C1308,R101,2025-06-07,產品推廣,0
C1308,R101,2025-07-21,產品推廣,0
C1308,R101,2025-08-27,收款,0
C1308,R101,2025-08-27,收款,0
C1308,R101,2025-08-07,客訴處理,0
C1308,R101,2025-09-02,收款,0
C1308,R101,2025-09-29,產品推廣,0
C1308,R101,2025-09-13,關係維護,0
C1308,R101,2025-09-23,產品推廣,0
C1308,R101,2025-09-26,產品推廣,0
C1308,R101,2025-11-30,收款,0
C1308,R101,2025-11-06,關係維護,0
C1308,R101,2025-12-07,產品推廣,0
C1308,R101,2025-12-17,關係維護,0
C1308,R101,2026-01-17,關係維護,0
C1308,R101,2026-01-20,關係維護,0
C1308,R101,2026-02-27,產品推廣,0
C1308,R101,2026-03-02,客訴處理,0
C1308,R101,2026-02-14,產品推廣,0
C1308,R101,2026-03-18,產品推廣,0
C1308,R101,2026-03-27,關係維護,0
C1308,R101,2026-04-13,關係維護,0
C1308,R101,2026-04-09,收款,0
C1308,R101,2026-04-09,產品推廣,0
C1308,R101,2026-05-29,關係維護,0
C1308,R101,2026-05-16,收款,0
C1308,R101,2026-05-25,關係維護,0
C1308,R101,2026-05-14,產品推廣,0
C1308,R101,2026-06-25,客訴處理,0
C1308,R101,2026-06-03,關係維護,0
C1308,R101,2026-06-19,關係維護,0
C1308,R101,2026-06-27,收款,0
C1308,R101,2026-06-06,產品推廣,0
C1308,R101,2026-07-16,產品推廣,0
C1308,R101,2026-07-07,產品推廣,0
C1309,R107,2025-03-19,關係維護,0
C1309,R107,2025-04-06,產品推廣,0
C1309,R107,2025-04-19,產品推廣,0
C1309,R107,2025-05-21,關係維護,0
C1309,R107,2025-06-22,產品推廣,0
C1309,R107,2025-07-20,客訴處理,0
C1309,R107,2025-08-10,產品推廣,0
C1309,R107,2025-08-30,產品推廣,0
C1309,R107,2025-11-20,產品推廣,0
C1309,R107,2025-11-04,產品推廣,0
C1309,R107,2026-01-11,產品推廣,0
C1309,R107,2026-02-25,關係維護,0
C1309,R107,2026-02-14,產品推廣,0
C1309,R107,2026-02-14,收款,0
C1309,R107,2026-03-16,產品推廣,0
C1309,R107,2026-05-04,產品推廣,0
C1309,R107,2026-06-02,收款,0
C1309,R107,2026-07-09,關係維護,0
C1310,R110,2025-03-17,產品推廣,0
C1310,R110,2025-03-22,客訴處理,0
C1310,R110,2025-06-08,關係維護,0
C1310,R110,2025-06-27,產品推廣,0
C1310,R110,2025-07-03,收款,0
C1310,R110,2025-09-12,客訴處理,0
C1310,R110,2025-11-24,收款,0
C1310,R110,2025-11-05,產品推廣,0
C1310,R110,2025-12-04,關係維護,0
C1310,R110,2026-02-24,關係維護,0
C1310,R110,2026-02-12,產品推廣,0
C1310,R110,2026-05-05,產品推廣,0
C1310,R110,2026-06-14,關係維護,0
C1311,R108,2025-06-07,收款,0
C1311,R108,2025-07-23,關係維護,0
C1311,R108,2025-09-16,關係維護,0
C1311,R108,2025-09-19,關係維護,0
C1311,R108,2025-10-24,客訴處理,0
C1311,R108,2025-10-26,關係維護,0
C1311,R108,2025-11-27,客訴處理,0
C1311,R108,2025-12-21,關係維護,0
C1311,R108,2025-12-12,產品推廣,0
C1311,R108,2026-01-14,產品推廣,0
C1311,R108,2026-03-17,收款,0
C1311,R108,2026-06-13,產品推廣,0
C1311,R108,2026-07-23,產品推廣,0
C1312,R114,2025-03-04,客訴處理,0
C1312,R114,2025-02-19,關係維護,0
C1312,R114,2025-02-23,關係維護,0
C1312,R114,2025-05-21,關係維護,0
C1312,R114,2025-07-01,產品推廣,0
C1312,R114,2025-06-11,關係維護,0
C1312,R114,2025-07-31,產品推廣,0
C1312,R114,2025-07-26,產品推廣,0
C1312,R114,2025-07-10,關係維護,0
C1312,R114,2025-08-10,收款,0
C1312,R114,2025-08-24,收款,0
C1312,R114,2025-08-25,產品推廣,0
C1312,R114,2025-09-25,關係維護,0
C1312,R114,2025-10-18,產品推廣,0
C1312,R114,2025-11-27,產品推廣,0
C1312,R114,2025-11-07,產品推廣,0
C1312,R114,2025-12-18,收款,0
C1312,R114,2025-12-15,收款,0
C1312,R114,2025-12-20,產品推廣,0
C1312,R114,2026-01-17,產品推廣,0
C1312,R114,2026-03-20,產品推廣,0
C1312,R114,2026-03-06,收款,0
C1312,R114,2026-03-07,產品推廣,0
C1312,R114,2026-04-08,關係維護,0
C1312,R114,2026-05-11,關係維護,0
C1312,R114,2026-06-17,收款,0
C1312,R114,2026-07-19,產品推廣,0
C1313,R108,2025-04-26,產品推廣,0
C1313,R108,2025-05-20,產品推廣,1
C1313,R108,2025-06-24,關係維護,0
C1313,R108,2025-07-13,客訴處理,0
C1313,R108,2025-09-13,關係維護,1
C1313,R108,2025-09-12,產品推廣,1
C1313,R108,2025-10-30,產品推廣,0
C1313,R108,2025-12-25,客訴處理,1
C1313,R108,2026-03-23,產品推廣,0
C1313,R108,2026-04-23,產品推廣,0
C1314,R109,2025-02-14,產品推廣,0
C1314,R109,2025-03-06,收款,0
C1314,R109,2025-04-01,收款,1
C1314,R109,2025-03-13,產品推廣,0
C1314,R109,2025-03-11,收款,0
C1314,R109,2025-04-29,關係維護,1
C1314,R109,2025-05-21,產品推廣,0
C1314,R109,2025-05-21,產品推廣,1
C1314,R109,2025-06-19,產品推廣,0
C1314,R109,2025-07-15,客訴處理,1
C1314,R109,2025-07-09,客訴處理,1
C1314,R109,2025-09-13,收款,0
C1314,R109,2025-09-17,產品推廣,0
C1314,R109,2025-10-19,客訴處理,1
C1314,R109,2025-10-15,產品推廣,0
C1314,R109,2025-11-19,收款,0
C1314,R109,2025-11-17,關係維護,1
C1314,R109,2025-11-23,關係維護,0
C1314,R109,2025-11-25,產品推廣,0
C1314,R109,2025-11-15,產品推廣,0
C1314,R109,2025-12-06,產品推廣,0
C1314,R109,2025-12-31,客訴處理,1
C1314,R109,2026-01-01,收款,1
C1314,R109,2025-12-20,客訴處理,0
C1314,R109,2026-01-06,關係維護,1
C1314,R109,2026-01-14,客訴處理,1
C1314,R109,2026-03-24,收款,1
C1314,R109,2026-03-11,產品推廣,0
C1314,R109,2026-03-29,產品推廣,0
C1314,R109,2026-05-27,產品推廣,0
C1314,R109,2026-05-15,產品推廣,0
C1314,R109,2026-06-10,產品推廣,0
C1314,R109,2026-06-06,產品推廣,1
C1315,R100,2025-03-01,產品推廣,0
C1315,R100,2025-02-24,關係維護,0
C1315,R100,2025-04-25,關係維護,0
C1315,R100,2025-04-19,關係維護,0
C1315,R100,2025-04-10,產品推廣,0
C1315,R100,2025-05-30,產品推廣,0
C1315,R100,2025-05-12,產品推廣,0
C1315,R100,2025-05-27,產品推廣,0
C1315,R100,2025-06-13,產品推廣,0
C1315,R100,2025-06-30,關係維護,0
C1315,R100,2025-08-02,產品推廣,0
C1315,R100,2025-07-24,產品推廣,0
C1315,R100,2025-08-08,客訴處理,0
C1315,R100,2025-09-07,收款,0
C1315,R100,2025-09-19,產品推廣,0
C1315,R100,2025-09-06,客訴處理,0
C1315,R100,2025-10-22,客訴處理,0
C1315,R100,2025-10-26,產品推廣,0
C1315,R100,2025-11-11,產品推廣,0
C1315,R100,2025-12-20,關係維護,0
C1315,R100,2025-12-16,產品推廣,0
C1315,R100,2025-12-12,產品推廣,0
C1315,R100,2026-01-10,客訴處理,0
C1315,R100,2026-01-21,產品推廣,0
C1315,R100,2026-01-24,產品推廣,0
C1315,R100,2026-02-20,收款,0
C1315,R100,2026-02-18,產品推廣,0
C1315,R100,2026-03-22,產品推廣,0
C1315,R100,2026-03-27,產品推廣,0
C1315,R100,2026-04-07,產品推廣,0
C1315,R100,2026-04-18,產品推廣,0
C1315,R100,2026-04-17,關係維護,0
C1315,R100,2026-05-15,收款,0
C1315,R100,2026-05-24,產品推廣,0
C1315,R100,2026-06-02,產品推廣,0
C1315,R100,2026-07-04,客訴處理,0
C1315,R100,2026-07-03,客訴處理,0
C1316,R107,2025-02-10,關係維護,0
C1316,R107,2025-02-24,收款,0
C1316,R107,2025-03-12,產品推廣,0
C1316,R107,2025-03-12,產品推廣,0
C1316,R107,2025-03-16,產品推廣,0
C1316,R107,2025-04-09,收款,0
C1316,R107,2025-05-02,產品推廣,0
C1316,R107,2025-05-15,客訴處理,0
C1316,R107,2025-05-09,產品推廣,0
C1316,R107,2025-07-04,關係維護,0
C1316,R107,2025-06-13,關係維護,0
C1316,R107,2025-06-21,產品推廣,0
C1316,R107,2025-07-30,收款,0
C1316,R107,2025-07-24,關係維護,0
C1316,R107,2025-08-29,關係維護,0
C1316,R107,2025-08-11,客訴處理,0
C1316,R107,2025-09-11,關係維護,0
C1316,R107,2025-09-06,關係維護,0
C1316,R107,2025-10-12,產品推廣,0
C1316,R107,2025-11-21,產品推廣,0
C1316,R107,2025-11-17,關係維護,0
C1316,R107,2025-11-22,產品推廣,0
C1316,R107,2025-11-16,收款,0
C1316,R107,2025-12-28,產品推廣,0
C1316,R107,2025-12-18,收款,0
C1316,R107,2025-12-07,產品推廣,0
C1316,R107,2025-12-15,關係維護,0
C1316,R107,2025-12-24,關係維護,0
C1316,R107,2026-01-31,產品推廣,0
C1316,R107,2026-01-10,產品推廣,0
C1316,R107,2026-01-22,產品推廣,0
C1316,R107,2026-02-08,產品推廣,0
C1316,R107,2026-03-02,產品推廣,0
C1316,R107,2026-02-25,關係維護,0
C1316,R107,2026-04-01,產品推廣,0
C1316,R107,2026-04-27,產品推廣,0
C1316,R107,2026-07-13,產品推廣,0
C1316,R107,2026-07-25,關係維護,0
C1316,R107,2026-07-29,產品推廣,0
C1316,R107,2026-07-18,關係維護,0
C1317,R100,2025-02-27,產品推廣,0
C1317,R100,2025-03-30,客訴處理,0
C1317,R100,2025-03-24,產品推廣,0
C1317,R100,2025-04-27,產品推廣,0
C1317,R100,2025-05-10,產品推廣,0
C1317,R100,2025-05-16,關係維護,0
C1317,R100,2025-05-11,產品推廣,0
C1317,R100,2025-07-25,產品推廣,0
C1317,R100,2025-08-09,客訴處理,0
C1317,R100,2025-12-27,產品推廣,0
C1317,R100,2025-12-16,關係維護,0
C1317,R100,2025-12-14,產品推廣,0
C1317,R100,2026-01-24,產品推廣,0
C1317,R100,2026-02-22,產品推廣,0
C1317,R100,2026-02-17,產品推廣,0
C1317,R100,2026-02-16,收款,0
C1317,R100,2026-03-11,關係維護,0
C1317,R100,2026-05-10,關係維護,0
C1317,R100,2026-07-26,收款,0
C1318,R108,2025-02-24,收款,0
C1318,R108,2025-02-07,產品推廣,0
C1318,R108,2025-03-17,產品推廣,0
C1318,R108,2025-03-16,收款,0
C1318,R108,2025-03-12,產品推廣,0
C1318,R108,2025-05-19,收款,0
C1318,R108,2025-06-04,收款,0
C1318,R108,2025-06-29,客訴處理,0
C1318,R108,2025-06-28,關係維護,0
C1318,R108,2025-07-03,產品推廣,0
C1318,R108,2025-06-22,收款,0
C1318,R108,2025-07-13,產品推廣,0
C1318,R108,2025-07-25,產品推廣,0
C1318,R108,2025-08-13,關係維護,0
C1318,R108,2025-08-11,收款,0
C1318,R108,2025-08-11,產品推廣,0
C1318,R108,2025-09-28,產品推廣,0
C1318,R108,2025-09-16,產品推廣,0
C1318,R108,2025-10-07,關係維護,0
C1318,R108,2025-11-05,產品推廣,0
C1318,R108,2025-11-15,關係維護,0
C1318,R108,2025-11-06,產品推廣,0
C1318,R108,2025-12-10,客訴處理,0
C1318,R108,2025-12-30,關係維護,0
C1318,R108,2025-12-12,關係維護,0
C1318,R108,2026-01-24,產品推廣,0
C1318,R108,2026-01-28,產品推廣,0
C1318,R108,2026-01-19,產品推廣,0
C1318,R108,2026-02-13,產品推廣,0
C1318,R108,2026-03-02,產品推廣,0
C1318,R108,2026-03-11,收款,0
C1318,R108,2026-03-17,關係維護,0
C1318,R108,2026-03-14,關係維護,0
C1318,R108,2026-03-16,產品推廣,0
C1318,R108,2026-03-30,產品推廣,0
C1318,R108,2026-04-20,產品推廣,0
C1318,R108,2026-05-30,收款,0
C1318,R108,2026-05-11,關係維護,0
C1318,R108,2026-06-20,產品推廣,0
C1318,R108,2026-06-22,關係維護,0
C1318,R108,2026-06-27,產品推廣,0
C1318,R108,2026-06-24,產品推廣,0
C1318,R108,2026-06-20,收款,0
C1318,R108,2026-07-16,產品推廣,0
C1318,R108,2026-07-02,客訴處理,0
C1318,R108,2026-07-13,關係維護,0
C1318,R108,2026-07-07,關係維護,0
C1318,R108,2026-07-12,關係維護,0
C1318,R108,2026-07-23,關係維護,0
C1318,R108,2026-07-02,收款,0
C1319,R111,2025-02-19,收款,0
C1319,R111,2025-02-18,關係維護,0
C1319,R111,2025-02-24,產品推廣,0
C1319,R111,2025-02-15,產品推廣,0
C1319,R111,2025-02-10,產品推廣,0
C1319,R111,2025-02-12,產品推廣,0
C1319,R111,2025-03-15,關係維護,0
C1319,R111,2025-03-31,關係維護,0
C1319,R111,2025-03-14,關係維護,0
C1319,R111,2025-04-01,產品推廣,0
C1319,R111,2025-04-04,產品推廣,0
C1319,R111,2025-03-28,產品推廣,0
C1319,R111,2025-03-27,客訴處理,0
C1319,R111,2025-04-23,關係維護,0
C1319,R111,2025-04-22,產品推廣,0
C1319,R111,2025-04-08,產品推廣,0
C1319,R111,2025-05-02,客訴處理,0
C1319,R111,2025-06-01,產品推廣,0
C1319,R111,2025-06-26,關係維護,0
C1319,R111,2025-06-21,關係維護,0
C1319,R111,2025-06-21,產品推廣,0
C1319,R111,2025-06-29,收款,0
C1319,R111,2025-08-03,關係維護,0
C1319,R111,2025-07-27,產品推廣,0
C1319,R111,2025-08-24,關係維護,0
C1319,R111,2025-08-27,產品推廣,0
C1319,R111,2025-08-06,產品推廣,0
C1319,R111,2025-09-17,產品推廣,0
C1319,R111,2025-09-15,產品推廣,0
C1319,R111,2025-09-13,產品推廣,0
C1319,R111,2025-10-12,收款,0
C1319,R111,2025-11-16,收款,0
C1319,R111,2025-11-17,關係維護,0
C1319,R111,2025-11-25,關係維護,0
C1319,R111,2025-11-18,產品推廣,0
C1319,R111,2025-12-02,產品推廣,0
C1319,R111,2025-11-07,產品推廣,0
C1319,R111,2025-12-15,關係維護,0
C1319,R111,2025-12-09,產品推廣,0
C1319,R111,2025-12-25,關係維護,0
C1319,R111,2025-12-30,關係維護,0
C1319,R111,2026-01-11,產品推廣,0
C1319,R111,2026-02-07,產品推廣,0
C1319,R111,2026-02-05,產品推廣,0
C1319,R111,2026-02-07,收款,0
C1319,R111,2026-02-02,客訴處理,0
C1319,R111,2026-02-02,產品推廣,0
C1319,R111,2026-03-22,產品推廣,0
C1319,R111,2026-03-13,產品推廣,0
C1319,R111,2026-03-04,關係維護,0
C1319,R111,2026-03-04,產品推廣,0
C1319,R111,2026-04-04,產品推廣,0
C1319,R111,2026-04-27,產品推廣,0
C1319,R111,2026-04-17,關係維護,0
C1319,R111,2026-05-31,產品推廣,0
C1319,R111,2026-05-14,客訴處理,0
C1319,R111,2026-05-21,產品推廣,0
C1319,R111,2026-05-05,產品推廣,0
C1319,R111,2026-06-29,關係維護,0
C1319,R111,2026-06-28,產品推廣,0
C1319,R111,2026-06-28,收款,0
C1319,R111,2026-07-16,關係維護,0
C1320,R108,2025-04-30,產品推廣,0
C1320,R108,2025-04-19,產品推廣,0
C1320,R108,2025-05-19,收款,0
C1320,R108,2025-06-05,產品推廣,0
C1320,R108,2025-05-28,客訴處理,0
C1320,R108,2025-07-05,收款,0
C1320,R108,2025-06-14,客訴處理,0
C1320,R108,2025-06-09,客訴處理,0
C1320,R108,2025-08-03,關係維護,0
C1320,R108,2025-07-22,客訴處理,0
C1320,R108,2025-08-24,產品推廣,0
C1320,R108,2025-09-13,收款,0
C1320,R108,2025-10-08,關係維護,0
C1320,R108,2025-10-07,產品推廣,0
C1320,R108,2025-10-10,產品推廣,0
C1320,R108,2025-10-18,收款,0
C1320,R108,2025-11-28,產品推廣,0
C1320,R108,2025-12-05,關係維護,0
C1320,R108,2025-12-15,產品推廣,0
C1320,R108,2026-01-10,關係維護,0
C1320,R108,2026-01-24,收款,0
C1320,R108,2026-01-03,關係維護,0
C1320,R108,2026-02-17,收款,0
C1320,R108,2026-02-14,關係維護,0
C1320,R108,2026-02-11,產品推廣,0
C1320,R108,2026-02-15,產品推廣,0
C1320,R108,2026-04-19,關係維護,0
C1320,R108,2026-04-29,關係維護,0
C1320,R108,2026-05-14,產品推廣,0
C1320,R108,2026-05-23,產品推廣,0
C1320,R108,2026-05-12,產品推廣,0
C1320,R108,2026-06-12,產品推廣,0
C1320,R108,2026-06-26,關係維護,0
C1320,R108,2026-06-16,客訴處理,0
C1320,R108,2026-07-07,收款,0
C1320,R108,2026-07-02,收款,0
C1320,R108,2026-07-09,產品推廣,0
C1320,R108,2026-07-02,產品推廣,0
C1321,R103,2025-03-29,產品推廣,0
C1321,R103,2025-03-28,產品推廣,0
C1321,R103,2025-03-30,產品推廣,0
C1321,R103,2025-04-25,收款,0
C1321,R103,2025-04-12,收款,0
C1321,R103,2025-06-02,產品推廣,0
C1321,R103,2025-06-20,產品推廣,0
C1321,R103,2025-07-04,產品推廣,0
C1321,R103,2025-06-19,關係維護,0
C1321,R103,2025-06-25,關係維護,0
C1321,R103,2025-06-07,關係維護,0
C1321,R103,2025-07-11,產品推廣,0
C1321,R103,2025-07-16,產品推廣,0
C1321,R103,2025-08-28,關係維護,0
C1321,R103,2025-08-09,產品推廣,0
C1321,R103,2025-09-29,產品推廣,0
C1321,R103,2025-09-19,收款,0
C1321,R103,2025-09-09,產品推廣,0
C1321,R103,2025-10-10,關係維護,0
C1321,R103,2025-10-11,產品推廣,0
C1321,R103,2025-10-29,產品推廣,0
C1321,R103,2025-10-16,產品推廣,0
C1321,R103,2025-10-12,產品推廣,0
C1321,R103,2025-11-08,產品推廣,0
C1321,R103,2025-11-05,關係維護,0
C1321,R103,2025-12-15,產品推廣,0
C1321,R103,2025-12-10,關係維護,0
C1321,R103,2026-01-19,產品推廣,0
C1321,R103,2026-01-16,產品推廣,0
C1321,R103,2026-01-26,產品推廣,0
C1321,R103,2026-01-19,客訴處理,0
C1321,R103,2026-01-10,產品推廣,0
C1321,R103,2026-01-14,關係維護,0
C1321,R103,2026-02-12,關係維護,0
C1321,R103,2026-02-17,產品推廣,0
C1321,R103,2026-02-06,收款,0
C1321,R103,2026-03-25,產品推廣,0
C1321,R103,2026-03-09,關係維護,0
C1321,R103,2026-03-24,關係維護,0
C1321,R103,2026-04-14,產品推廣,0
C1321,R103,2026-04-16,關係維護,0
C1321,R103,2026-04-10,收款,0
C1321,R103,2026-04-29,關係維護,0
C1321,R103,2026-04-10,關係維護,0
C1321,R103,2026-04-11,產品推廣,0
C1321,R103,2026-05-13,產品推廣,0
C1321,R103,2026-05-15,收款,0
C1321,R103,2026-05-14,產品推廣,0
C1321,R103,2026-05-24,收款,0
C1321,R103,2026-05-19,產品推廣,0
C1321,R103,2026-05-25,產品推廣,0
C1321,R103,2026-06-17,關係維護,0
C1321,R103,2026-06-02,產品推廣,0
C1321,R103,2026-06-17,產品推廣,0
C1321,R103,2026-06-14,關係維護,0
C1321,R103,2026-07-21,客訴處理,0
C1321,R103,2026-07-24,關係維護,0
C1321,R103,2026-07-25,產品推廣,0
C1321,R103,2026-07-16,產品推廣,0
C1322,R109,2025-02-14,關係維護,0
C1322,R109,2025-03-11,關係維護,0
C1322,R109,2025-04-02,產品推廣,0
C1322,R109,2025-04-19,產品推廣,0
C1322,R109,2025-06-29,產品推廣,0
C1322,R109,2025-07-03,產品推廣,0
C1322,R109,2025-07-04,收款,0
C1322,R109,2025-06-12,產品推廣,0
C1322,R109,2025-07-13,關係維護,0
C1322,R109,2025-08-16,客訴處理,0
C1322,R109,2025-09-13,關係維護,0
C1322,R109,2025-09-21,產品推廣,0
C1322,R109,2025-10-01,收款,0
C1322,R109,2025-10-08,產品推廣,0
C1322,R109,2025-10-10,產品推廣,0
C1322,R109,2025-11-06,產品推廣,0
C1322,R109,2025-11-28,客訴處理,0
C1322,R109,2025-12-02,產品推廣,0
C1322,R109,2025-12-07,客訴處理,0
C1322,R109,2025-12-13,收款,0
C1322,R109,2026-02-04,產品推廣,0
C1322,R109,2026-03-14,客訴處理,0
C1322,R109,2026-03-29,產品推廣,0
C1322,R109,2026-04-26,關係維護,0
C1322,R109,2026-04-26,收款,0
C1322,R109,2026-06-20,關係維護,0
C1323,R106,2025-03-18,產品推廣,0
C1323,R106,2025-04-28,關係維護,0
C1323,R106,2025-06-01,產品推廣,0
C1323,R106,2025-06-03,關係維護,0
C1323,R106,2025-05-22,收款,0
C1323,R106,2025-05-19,產品推廣,0
C1323,R106,2025-05-30,產品推廣,0
C1323,R106,2025-06-01,客訴處理,0
C1323,R106,2025-05-19,關係維護,0
C1323,R106,2025-07-04,關係維護,0
C1323,R106,2025-06-26,產品推廣,0
C1323,R106,2025-07-31,關係維護,0
C1323,R106,2025-07-29,客訴處理,0
C1323,R106,2025-07-11,產品推廣,0
C1323,R106,2025-07-10,關係維護,0
C1323,R106,2025-08-24,產品推廣,0
C1323,R106,2025-08-10,收款,0
C1323,R106,2025-09-03,產品推廣,0
C1323,R106,2025-11-06,關係維護,0
C1323,R106,2025-11-19,產品推廣,0
C1323,R106,2025-12-29,產品推廣,0
C1323,R106,2025-12-17,關係維護,0
C1323,R106,2025-12-31,產品推廣,0
C1323,R106,2026-01-31,產品推廣,0
C1323,R106,2026-01-13,產品推廣,0
C1323,R106,2026-02-07,關係維護,0
C1323,R106,2026-04-28,產品推廣,0
C1323,R106,2026-05-13,客訴處理,0
C1323,R106,2026-06-18,產品推廣,0
C1323,R106,2026-07-19,關係維護,0
C1323,R106,2026-07-20,關係維護,0
C1324,R108,2025-02-08,關係維護,0
C1324,R108,2025-04-03,收款,0
C1324,R108,2025-04-27,關係維護,0
C1324,R108,2025-04-20,產品推廣,0
C1324,R108,2025-07-02,客訴處理,0
C1324,R108,2025-07-22,產品推廣,0
C1324,R108,2025-08-12,關係維護,0
C1324,R108,2025-08-28,產品推廣,0
C1324,R108,2025-09-18,客訴處理,0
C1324,R108,2025-09-12,客訴處理,0
C1324,R108,2025-10-10,產品推廣,0
C1324,R108,2025-10-12,關係維護,0
C1324,R108,2025-11-30,產品推廣,0
C1324,R108,2025-11-12,產品推廣,0
C1324,R108,2025-11-26,產品推廣,0
C1324,R108,2025-12-15,產品推廣,0
C1324,R108,2025-12-24,產品推廣,0
C1324,R108,2025-12-19,客訴處理,0
C1324,R108,2025-12-05,產品推廣,0
C1324,R108,2026-01-16,產品推廣,0
C1324,R108,2026-02-19,關係維護,0
C1324,R108,2026-03-24,產品推廣,0
C1324,R108,2026-04-08,關係維護,0
C1324,R108,2026-06-05,收款,0
C1324,R108,2026-06-30,關係維護,0
C1324,R108,2026-07-22,關係維護,0
C1324,R108,2026-07-12,產品推廣,0
C1324,R108,2026-07-08,產品推廣,0
C1324,R108,2026-07-12,產品推廣,0
C1325,R106,2025-04-02,產品推廣,0
C1325,R106,2025-04-12,產品推廣,0
C1325,R106,2025-04-24,產品推廣,0
C1325,R106,2025-04-10,產品推廣,0
C1325,R106,2025-09-02,收款,0
C1325,R106,2025-09-25,關係維護,0
C1325,R106,2025-11-08,產品推廣,0
C1325,R106,2025-12-15,產品推廣,0
C1325,R106,2026-01-30,產品推廣,0
C1325,R106,2026-04-15,產品推廣,0
C1325,R106,2026-05-26,產品推廣,0
C1325,R106,2026-06-07,產品推廣,0
C1325,R106,2026-07-13,關係維護,0
C1325,R106,2026-07-02,產品推廣,0
C1326,R100,2025-03-23,收款,0
C1326,R100,2025-04-02,產品推廣,0
C1326,R100,2025-03-21,產品推廣,0
C1326,R100,2025-05-08,客訴處理,0
C1326,R100,2025-05-28,關係維護,0
C1326,R100,2025-07-20,產品推廣,0
C1326,R100,2025-10-01,產品推廣,0
C1326,R100,2025-10-14,客訴處理,0
C1326,R100,2025-11-20,產品推廣,0
C1326,R100,2026-03-29,收款,0
C1326,R100,2026-04-20,產品推廣,0
C1326,R100,2026-04-06,關係維護,0
C1326,R100,2026-05-20,客訴處理,0
C1327,R103,2025-02-10,客訴處理,0
C1327,R103,2025-03-06,產品推廣,0
C1327,R103,2025-04-27,產品推廣,0
C1327,R103,2025-04-13,產品推廣,0
C1327,R103,2025-05-10,關係維護,0
C1327,R103,2025-07-04,收款,0
C1327,R103,2025-06-07,關係維護,0
C1327,R103,2025-08-22,關係維護,0
C1327,R103,2026-06-06,收款,0
C1328,R108,2025-02-10,產品推廣,0
C1328,R108,2025-02-10,關係維護,0
C1328,R108,2025-02-10,客訴處理,0
C1328,R108,2025-02-26,客訴處理,0
C1328,R108,2025-02-23,產品推廣,0
C1328,R108,2025-03-31,產品推廣,0
C1328,R108,2025-04-05,關係維護,0
C1328,R108,2025-04-23,產品推廣,0
C1328,R108,2025-04-13,產品推廣,0
C1328,R108,2025-05-24,產品推廣,0
C1328,R108,2025-06-28,產品推廣,0
C1328,R108,2025-07-31,收款,0
C1328,R108,2025-07-13,關係維護,0
C1328,R108,2025-08-08,關係維護,0
C1328,R108,2025-08-09,產品推廣,0
C1328,R108,2025-09-09,產品推廣,0
C1328,R108,2025-09-25,關係維護,0
C1328,R108,2025-11-02,關係維護,0
C1328,R108,2025-11-26,產品推廣,0
C1328,R108,2026-01-09,產品推廣,0
C1328,R108,2026-02-10,產品推廣,0
C1328,R108,2026-03-12,關係維護,0
C1328,R108,2026-03-10,關係維護,0
C1328,R108,2026-03-30,客訴處理,0
C1328,R108,2026-03-19,關係維護,0
C1328,R108,2026-03-21,產品推廣,0
C1328,R108,2026-04-27,關係維護,0
C1328,R108,2026-06-17,產品推廣,0
C1328,R108,2026-06-30,產品推廣,0
C1328,R108,2026-07-14,客訴處理,0
C1329,R103,2025-02-24,產品推廣,0
C1329,R103,2025-03-30,收款,0
C1329,R103,2025-03-24,客訴處理,0
C1329,R103,2025-03-15,關係維護,0
C1329,R103,2025-03-21,產品推廣,0
C1329,R103,2025-05-06,收款,0
C1329,R103,2025-04-18,產品推廣,0
C1329,R103,2025-05-04,收款,0
C1329,R103,2025-05-10,產品推廣,0
C1329,R103,2025-07-02,產品推廣,0
C1329,R103,2025-06-27,產品推廣,0
C1329,R103,2025-06-17,客訴處理,0
C1329,R103,2025-07-17,收款,0
C1329,R103,2025-08-06,產品推廣,0
C1329,R103,2025-08-12,收款,0
C1329,R103,2025-08-19,關係維護,0
C1329,R103,2025-08-23,產品推廣,0
C1329,R103,2025-08-26,收款,0
C1329,R103,2025-10-31,產品推廣,0
C1329,R103,2025-10-10,產品推廣,0
C1329,R103,2025-10-06,關係維護,0
C1329,R103,2025-10-24,關係維護,0
C1329,R103,2025-11-27,產品推廣,0
C1329,R103,2025-11-06,產品推廣,0
C1329,R103,2025-12-31,關係維護,0
C1329,R103,2025-12-15,收款,0
C1329,R103,2025-12-06,產品推廣,0
C1329,R103,2025-12-23,關係維護,0
C1329,R103,2025-12-19,關係維護,0
C1329,R103,2025-12-31,產品推廣,0
C1329,R103,2025-12-13,產品推廣,0
C1329,R103,2026-01-30,產品推廣,0
C1329,R103,2026-01-18,產品推廣,0
C1329,R103,2026-01-21,產品推廣,0
C1329,R103,2026-01-26,關係維護,0
C1329,R103,2026-02-13,收款,0
C1329,R103,2026-03-01,產品推廣,0
C1329,R103,2026-03-04,產品推廣,0
C1329,R103,2026-03-30,關係維護,0
C1329,R103,2026-03-22,產品推廣,0
C1329,R103,2026-03-16,產品推廣,0
C1329,R103,2026-03-31,產品推廣,0
C1329,R103,2026-03-28,產品推廣,0
C1329,R103,2026-06-19,產品推廣,0
C1329,R103,2026-06-14,關係維護,0
C1329,R103,2026-06-13,產品推廣,0
C1329,R103,2026-06-26,產品推廣,0
C1329,R103,2026-06-16,產品推廣,0
C1329,R103,2026-06-30,產品推廣,0
C1329,R103,2026-06-25,產品推廣,0
C1329,R103,2026-06-12,產品推廣,0
C1329,R103,2026-06-13,收款,0
C1329,R103,2026-06-21,產品推廣,0
C1329,R103,2026-07-06,收款,0
C1329,R103,2026-07-14,產品推廣,0
C1329,R103,2026-07-26,產品推廣,0
C1329,R103,2026-07-23,產品推廣,0
C1329,R103,2026-07-22,收款,0
C1330,R102,2025-02-16,關係維護,1
C1330,R102,2025-03-06,收款,0
C1330,R102,2025-02-25,收款,1
C1330,R102,2025-02-26,產品推廣,0
C1330,R102,2025-03-27,收款,0
C1330,R102,2025-04-22,收款,1
C1330,R102,2025-05-18,產品推廣,0
C1330,R102,2025-05-12,產品推廣,1
C1330,R102,2025-05-25,產品推廣,1
C1330,R102,2025-06-23,產品推廣,1
C1330,R102,2025-07-05,產品推廣,0
C1330,R102,2025-06-16,產品推廣,0
C1330,R102,2025-06-23,產品推廣,1
C1330,R102,2025-07-21,產品推廣,1
C1330,R102,2025-08-01,產品推廣,0
C1330,R102,2025-07-12,產品推廣,0
C1330,R102,2025-08-06,關係維護,1
C1330,R102,2025-09-30,產品推廣,0
C1330,R102,2025-10-15,關係維護,0
C1330,R102,2025-12-28,產品推廣,0
C1330,R102,2025-12-30,產品推廣,0
C1330,R102,2026-01-22,產品推廣,0
C1330,R102,2026-01-07,關係維護,0
C1330,R102,2026-03-07,產品推廣,0
C1330,R102,2026-04-25,關係維護,0
C1330,R102,2026-05-05,關係維護,0
C1330,R102,2026-05-08,關係維護,1
C1330,R102,2026-07-28,客訴處理,1
C1331,R115,2025-03-30,關係維護,0
C1331,R115,2025-03-26,產品推廣,0
C1331,R115,2025-04-08,關係維護,0
C1331,R115,2025-05-31,產品推廣,0
C1331,R115,2025-05-08,關係維護,0
C1331,R115,2025-07-03,產品推廣,0
C1331,R115,2025-09-22,關係維護,0
C1331,R115,2026-02-19,關係維護,0
C1331,R115,2026-06-20,客訴處理,0
C1332,R100,2025-02-08,關係維護,0
C1332,R100,2025-04-03,產品推廣,1
C1332,R100,2025-03-17,收款,0
C1332,R100,2025-04-03,關係維護,0
C1332,R100,2025-04-18,關係維護,0
C1332,R100,2025-04-24,關係維護,1
C1332,R100,2025-04-21,產品推廣,0
C1332,R100,2025-04-30,產品推廣,0
C1332,R100,2025-04-16,客訴處理,1
C1332,R100,2025-06-05,關係維護,0
C1332,R100,2025-05-13,產品推廣,1
C1332,R100,2025-05-14,關係維護,1
C1332,R100,2025-05-27,產品推廣,1
C1332,R100,2025-05-28,關係維護,0
C1332,R100,2025-06-03,產品推廣,0
C1332,R100,2025-06-16,產品推廣,0
C1332,R100,2025-06-13,產品推廣,1
C1332,R100,2025-07-13,收款,0
C1332,R100,2025-07-25,客訴處理,0
C1332,R100,2025-09-03,關係維護,0
C1332,R100,2025-09-25,產品推廣,1
C1332,R100,2025-09-26,客訴處理,1
C1332,R100,2025-09-16,收款,1
C1332,R100,2025-10-01,產品推廣,1
C1332,R100,2025-09-06,產品推廣,1
C1332,R100,2025-09-23,產品推廣,0
C1332,R100,2025-09-15,關係維護,0
C1332,R100,2025-11-02,產品推廣,1
C1332,R100,2025-10-14,產品推廣,0
C1332,R100,2025-11-13,收款,0
C1332,R100,2025-12-24,產品推廣,0
C1332,R100,2025-12-12,產品推廣,1
C1332,R100,2025-12-16,產品推廣,0
C1332,R100,2026-01-06,關係維護,0
C1332,R100,2026-02-22,收款,1
C1332,R100,2026-02-11,產品推廣,0
C1332,R100,2026-02-14,產品推廣,0
C1332,R100,2026-02-23,關係維護,0
C1332,R100,2026-03-08,關係維護,0
C1332,R100,2026-03-17,產品推廣,0
C1332,R100,2026-04-27,收款,1
C1332,R100,2026-04-04,關係維護,1
C1332,R100,2026-04-14,產品推廣,0
C1332,R100,2026-05-21,產品推廣,1
C1332,R100,2026-05-20,關係維護,1
C1332,R100,2026-06-03,收款,0
C1332,R100,2026-06-26,產品推廣,1
C1332,R100,2026-06-05,產品推廣,0
C1332,R100,2026-06-02,收款,0
C1332,R100,2026-07-28,產品推廣,0
C1332,R100,2026-07-13,收款,0
C1332,R100,2026-07-09,收款,1
C1332,R100,2026-07-06,產品推廣,0
C1332,R100,2026-07-27,關係維護,1
C1333,R115,2025-05-16,產品推廣,0
C1333,R115,2025-06-24,關係維護,0
C1333,R115,2025-06-15,產品推廣,0
C1333,R115,2025-08-12,關係維護,0
C1333,R115,2025-11-01,關係維護,0
C1333,R115,2025-10-06,產品推廣,0
C1333,R115,2025-11-17,產品推廣,0
C1333,R115,2025-12-24,產品推廣,0
C1333,R115,2026-03-01,客訴處理,0
C1333,R115,2026-02-07,產品推廣,0
C1333,R115,2026-03-26,收款,0
C1333,R115,2026-03-20,收款,0
C1333,R115,2026-04-11,產品推廣,0
C1334,R106,2025-03-25,客訴處理,0
C1334,R106,2025-03-30,收款,0
C1334,R106,2025-04-14,產品推廣,0
C1334,R106,2025-04-23,產品推廣,0
C1334,R106,2025-05-14,關係維護,0
C1334,R106,2025-06-14,產品推廣,0
C1334,R106,2025-07-25,關係維護,0
C1334,R106,2025-07-27,產品推廣,0
C1334,R106,2025-07-09,關係維護,0
C1334,R106,2025-08-22,產品推廣,0
C1334,R106,2025-09-03,收款,0
C1334,R106,2025-09-28,產品推廣,0
C1334,R106,2025-10-11,產品推廣,0
C1334,R106,2025-10-27,產品推廣,0
C1334,R106,2025-11-05,產品推廣,0
C1334,R106,2025-11-11,產品推廣,0
C1334,R106,2025-12-06,收款,0
C1334,R106,2025-12-05,產品推廣,0
C1334,R106,2025-12-20,關係維護,0
C1334,R106,2026-01-19,產品推廣,0
C1334,R106,2026-02-26,產品推廣,0
C1334,R106,2026-02-17,客訴處理,0
C1334,R106,2026-02-10,關係維護,0
C1334,R106,2026-03-12,關係維護,0
C1334,R106,2026-03-06,關係維護,0
C1334,R106,2026-03-29,產品推廣,0
C1334,R106,2026-04-15,收款,0
C1334,R106,2026-06-09,產品推廣,0
C1334,R106,2026-06-07,客訴處理,0
C1334,R106,2026-07-06,收款,0
C1335,R116,2025-06-01,產品推廣,0
C1335,R116,2025-06-28,產品推廣,0
C1335,R116,2025-09-02,客訴處理,0
C1335,R116,2025-08-29,關係維護,0
C1335,R116,2025-09-06,產品推廣,0
C1335,R116,2025-09-13,收款,0
C1335,R116,2025-10-16,客訴處理,0
C1335,R116,2025-10-15,關係維護,0
C1335,R116,2026-01-03,關係維護,0
C1335,R116,2026-02-07,收款,0
C1335,R116,2026-02-06,產品推廣,0
C1335,R116,2026-03-11,產品推廣,0
C1335,R116,2026-04-03,產品推廣,0
C1335,R116,2026-04-04,產品推廣,0
C1335,R116,2026-04-08,收款,0
C1335,R116,2026-05-15,產品推廣,0
C1336,R113,2025-02-15,產品推廣,0
C1336,R113,2025-04-14,產品推廣,0
C1336,R113,2025-06-23,產品推廣,0
C1336,R113,2025-07-23,客訴處理,0
C1336,R113,2025-07-11,產品推廣,0
C1336,R113,2025-09-30,客訴處理,0
C1336,R113,2025-10-02,客訴處理,0
C1336,R113,2025-10-13,收款,0
C1336,R113,2025-11-26,產品推廣,0
C1336,R113,2025-12-27,產品推廣,0
C1336,R113,2025-12-11,產品推廣,0
C1336,R113,2026-01-14,產品推廣,0
C1336,R113,2026-01-05,收款,0
C1336,R113,2026-02-27,產品推廣,0
C1336,R113,2026-04-09,產品推廣,0
C1336,R113,2026-07-16,關係維護,0
C1337,R110,2025-02-14,收款,0
C1337,R110,2025-02-17,產品推廣,0
C1337,R110,2025-02-21,產品推廣,0
C1337,R110,2025-04-02,關係維護,0
C1337,R110,2025-04-05,收款,0
C1337,R110,2025-03-22,收款,0
C1337,R110,2025-03-18,收款,0
C1337,R110,2025-03-12,產品推廣,0
C1337,R110,2025-07-01,產品推廣,0
C1337,R110,2025-07-26,產品推廣,0
C1337,R110,2025-07-15,關係維護,0
C1337,R110,2025-07-07,關係維護,0
C1337,R110,2025-07-13,產品推廣,0
C1337,R110,2025-08-01,產品推廣,0
C1337,R110,2025-08-02,關係維護,0
C1337,R110,2025-08-02,關係維護,0
C1337,R110,2025-07-19,產品推廣,0
C1337,R110,2025-08-01,關係維護,0
C1337,R110,2025-07-10,客訴處理,0
C1337,R110,2025-08-31,產品推廣,0
C1337,R110,2025-09-02,產品推廣,0
C1337,R110,2025-09-12,收款,0
C1337,R110,2025-09-10,收款,0
C1337,R110,2025-10-12,收款,0
C1337,R110,2025-10-24,產品推廣,0
C1337,R110,2025-10-18,產品推廣,0
C1337,R110,2025-10-21,產品推廣,0
C1337,R110,2025-10-18,產品推廣,0
C1337,R110,2025-11-19,客訴處理,0
C1337,R110,2025-11-05,產品推廣,0
C1337,R110,2025-11-29,產品推廣,0
C1337,R110,2025-11-30,產品推廣,0
C1337,R110,2025-11-07,產品推廣,0
C1337,R110,2026-01-01,客訴處理,0
C1337,R110,2025-12-07,產品推廣,0
C1337,R110,2025-12-21,關係維護,0
C1337,R110,2025-12-12,客訴處理,0
C1337,R110,2025-12-16,產品推廣,0
C1337,R110,2025-12-26,關係維護,0
C1337,R110,2026-01-30,產品推廣,0
C1337,R110,2026-02-07,產品推廣,0
C1337,R110,2026-02-09,收款,0
C1337,R110,2026-03-08,關係維護,0
C1337,R110,2026-04-04,關係維護,0
C1337,R110,2026-04-11,關係維護,0
C1337,R110,2026-04-21,產品推廣,0
C1337,R110,2026-04-07,收款,0
C1337,R110,2026-04-08,產品推廣,0
C1337,R110,2026-04-12,產品推廣,0
C1337,R110,2026-04-13,收款,0
C1337,R110,2026-05-20,客訴處理,0
C1337,R110,2026-05-29,產品推廣,0
C1337,R110,2026-05-20,關係維護,0
C1337,R110,2026-05-24,客訴處理,0
C1337,R110,2026-07-04,產品推廣,0
C1337,R110,2026-07-08,產品推廣,0
C1337,R110,2026-07-27,產品推廣,0
C1338,R107,2025-02-27,產品推廣,0
C1338,R107,2025-04-23,產品推廣,0
C1338,R107,2025-05-04,客訴處理,0
C1338,R107,2025-05-08,收款,0
C1338,R107,2025-06-28,關係維護,0
C1338,R107,2025-06-22,關係維護,0
C1338,R107,2025-08-01,產品推廣,0
C1338,R107,2025-07-30,產品推廣,0
C1338,R107,2025-09-03,關係維護,0
C1338,R107,2025-08-23,產品推廣,0
C1338,R107,2025-09-20,收款,0
C1338,R107,2025-09-14,收款,0
C1338,R107,2025-10-25,產品推廣,0
C1338,R107,2025-10-12,產品推廣,0
C1338,R107,2025-10-06,關係維護,0
C1338,R107,2025-10-29,產品推廣,0
C1338,R107,2025-10-05,產品推廣,0
C1338,R107,2025-10-27,產品推廣,0
C1338,R107,2025-11-25,收款,0
C1338,R107,2025-12-19,產品推廣,0
C1338,R107,2026-01-12,產品推廣,0
C1338,R107,2026-01-06,關係維護,0
C1338,R107,2026-01-11,產品推廣,0
C1338,R107,2026-02-10,產品推廣,0
C1338,R107,2026-03-02,關係維護,0
C1338,R107,2026-03-07,關係維護,0
C1338,R107,2026-03-20,關係維護,0
C1338,R107,2026-03-15,產品推廣,0
C1338,R107,2026-04-06,關係維護,0
C1338,R107,2026-04-04,關係維護,0
C1338,R107,2026-04-09,產品推廣,0
C1338,R107,2026-04-13,客訴處理,0
C1338,R107,2026-05-30,產品推廣,0
C1338,R107,2026-05-19,收款,0
C1338,R107,2026-05-27,關係維護,0
C1339,R117,2025-02-14,產品推廣,0
C1339,R117,2025-02-09,收款,0
C1339,R117,2025-02-08,關係維護,0
C1339,R117,2025-03-17,收款,0
C1339,R117,2025-04-27,關係維護,0
C1339,R117,2025-06-01,關係維護,0
C1339,R117,2025-05-10,客訴處理,0
C1339,R117,2025-07-23,客訴處理,0
C1339,R117,2025-08-16,關係維護,0
C1339,R117,2025-08-24,產品推廣,0
C1339,R117,2025-09-01,客訴處理,0
C1339,R117,2025-09-25,產品推廣,0
C1339,R117,2025-10-15,產品推廣,0
C1339,R117,2025-10-18,產品推廣,0
C1339,R117,2025-12-01,收款,0
C1339,R117,2025-12-01,產品推廣,0
C1339,R117,2025-11-11,產品推廣,0
C1339,R117,2025-11-25,產品推廣,0
C1339,R117,2026-01-16,產品推廣,0
C1339,R117,2026-01-20,客訴處理,0
C1339,R117,2026-02-10,收款,0
C1339,R117,2026-02-25,關係維護,0
C1339,R117,2026-02-10,產品推廣,0
C1339,R117,2026-02-20,產品推廣,0
C1339,R117,2026-03-27,產品推廣,0
C1339,R117,2026-03-17,產品推廣,0
C1339,R117,2026-03-23,關係維護,0
C1339,R117,2026-04-18,關係維護,0
C1339,R117,2026-04-11,收款,0
C1339,R117,2026-04-15,關係維護,0
C1339,R117,2026-06-07,收款,0
C1340,R116,2025-06-11,收款,0
C1340,R116,2025-09-18,產品推廣,0
C1340,R116,2025-11-07,產品推廣,0
C1340,R116,2025-12-12,產品推廣,1
C1340,R116,2026-01-01,產品推廣,0
C1340,R116,2026-01-05,關係維護,0
C1340,R116,2026-02-21,產品推廣,0
C1340,R116,2026-03-23,產品推廣,0
C1340,R116,2026-04-12,收款,0
C1340,R116,2026-06-10,產品推廣,0
C1341,R106,2025-02-12,收款,0
C1341,R106,2025-03-06,關係維護,0
C1341,R106,2025-05-01,產品推廣,0
C1341,R106,2025-04-12,關係維護,0
C1341,R106,2025-05-22,收款,0
C1341,R106,2025-07-28,關係維護,0
C1341,R106,2025-07-14,關係維護,0
C1341,R106,2025-09-18,關係維護,0
C1341,R106,2026-05-15,客訴處理,0
C1341,R106,2026-05-28,產品推廣,0
C1341,R106,2026-05-14,產品推廣,0
C1342,R104,2025-02-22,關係維護,0
C1342,R104,2025-03-01,產品推廣,0
C1342,R104,2025-02-25,客訴處理,0
C1342,R104,2025-02-27,產品推廣,0
C1342,R104,2025-03-13,產品推廣,0
C1342,R104,2025-04-05,收款,0
C1342,R104,2025-04-03,收款,0
C1342,R104,2025-03-28,收款,0
C1342,R104,2025-04-16,產品推廣,0
C1342,R104,2025-04-09,收款,0
C1342,R104,2025-04-10,客訴處理,0
C1342,R104,2025-04-19,產品推廣,0
C1342,R104,2025-05-26,關係維護,0
C1342,R104,2025-06-02,產品推廣,0
C1342,R104,2025-05-09,產品推廣,0
C1342,R104,2025-06-12,產品推廣,0
C1342,R104,2025-07-02,產品推廣,0
C1342,R104,2025-06-14,收款,0
C1342,R104,2025-06-08,關係維護,0
C1342,R104,2025-06-24,產品推廣,0
C1342,R104,2025-06-12,產品推廣,0
C1342,R104,2025-06-13,產品推廣,0
C1342,R104,2025-07-01,客訴處理,0
C1342,R104,2025-07-23,客訴處理,0
C1342,R104,2025-07-25,收款,0
C1342,R104,2025-08-23,收款,0
C1342,R104,2025-08-17,關係維護,0
C1342,R104,2025-08-31,關係維護,0
C1342,R104,2025-09-25,產品推廣,0
C1342,R104,2025-10-30,收款,0
C1342,R104,2025-10-30,收款,0
C1342,R104,2025-10-07,客訴處理,0
C1342,R104,2025-10-09,收款,0
C1342,R104,2025-11-25,關係維護,0
C1342,R104,2025-11-16,產品推廣,0
C1342,R104,2025-12-27,產品推廣,0
C1342,R104,2025-12-07,產品推廣,0
C1342,R104,2026-01-31,產品推廣,0
C1342,R104,2026-01-08,客訴處理,0
C1342,R104,2026-01-05,產品推廣,0
C1342,R104,2026-02-08,收款,0
C1342,R104,2026-02-26,產品推廣,0
C1342,R104,2026-02-08,收款,0
C1342,R104,2026-03-21,產品推廣,0
C1342,R104,2026-03-04,產品推廣,0
C1342,R104,2026-03-20,產品推廣,0
C1342,R104,2026-03-22,收款,0
C1342,R104,2026-04-06,客訴處理,0
C1342,R104,2026-04-06,關係維護,0
C1342,R104,2026-04-14,收款,0
C1342,R104,2026-04-16,產品推廣,0
C1342,R104,2026-05-26,產品推廣,0
C1342,R104,2026-05-22,關係維護,0
C1342,R104,2026-05-19,客訴處理,0
C1342,R104,2026-05-20,產品推廣,0
C1342,R104,2026-06-30,產品推廣,0
C1342,R104,2026-06-04,關係維護,0
C1342,R104,2026-06-11,產品推廣,0
C1342,R104,2026-06-07,產品推廣,0
C1342,R104,2026-06-08,產品推廣,0
C1342,R104,2026-06-06,關係維護,0
C1342,R104,2026-07-29,產品推廣,0
C1343,R107,2025-03-06,客訴處理,0
C1343,R107,2025-06-05,產品推廣,0
C1343,R107,2025-05-12,客訴處理,0
C1343,R107,2025-06-16,關係維護,0
C1343,R107,2025-06-17,產品推廣,0
C1343,R107,2025-07-03,關係維護,0
C1343,R107,2025-07-20,關係維護,0
C1343,R107,2025-07-25,客訴處理,0
C1343,R107,2025-10-12,產品推廣,0
C1343,R107,2025-10-12,客訴處理,0
C1343,R107,2025-11-11,關係維護,0
C1343,R107,2025-12-20,客訴處理,0
C1343,R107,2026-02-02,收款,0
C1343,R107,2026-04-25,關係維護,0
C1343,R107,2026-05-01,關係維護,0
C1343,R107,2026-04-21,產品推廣,0
C1343,R107,2026-06-13,客訴處理,0
C1344,R117,2025-02-24,收款,0
C1344,R117,2025-03-17,客訴處理,0
C1344,R117,2025-03-22,收款,0
C1344,R117,2025-04-09,產品推廣,0
C1344,R117,2025-05-19,產品推廣,0
C1344,R117,2025-06-04,產品推廣,0
C1344,R117,2025-05-15,產品推廣,0
C1344,R117,2025-05-21,關係維護,0
C1344,R117,2025-05-27,收款,0
C1344,R117,2025-06-25,關係維護,0
C1344,R117,2025-07-04,產品推廣,0
C1344,R117,2025-06-21,關係維護,0
C1344,R117,2025-06-27,產品推廣,0
C1344,R117,2025-07-27,產品推廣,0
C1344,R117,2025-08-18,客訴處理,0
C1344,R117,2025-09-24,產品推廣,0
C1344,R117,2025-09-14,關係維護,0
C1344,R117,2025-10-19,客訴處理,0
C1344,R117,2025-10-21,產品推廣,0
C1344,R117,2025-10-08,產品推廣,0
C1344,R117,2025-10-31,產品推廣,0
C1344,R117,2025-10-29,產品推廣,0
C1344,R117,2025-11-09,產品推廣,0
C1344,R117,2025-11-12,產品推廣,0
C1344,R117,2025-11-22,客訴處理,0
C1344,R117,2025-11-17,收款,0
C1344,R117,2025-11-18,產品推廣,0
C1344,R117,2025-12-10,產品推廣,0
C1344,R117,2026-01-10,產品推廣,0
C1344,R117,2026-01-15,客訴處理,0
C1344,R117,2026-01-04,產品推廣,0
C1344,R117,2026-01-29,收款,0
C1344,R117,2026-02-17,關係維護,0
C1344,R117,2026-03-09,產品推廣,0
C1344,R117,2026-03-05,產品推廣,0
C1344,R117,2026-03-26,產品推廣,0
C1344,R117,2026-04-26,產品推廣,0
C1344,R117,2026-04-17,產品推廣,0
C1344,R117,2026-04-27,客訴處理,0
C1344,R117,2026-04-07,關係維護,0
C1344,R117,2026-04-06,收款,0
C1344,R117,2026-04-09,產品推廣,0
C1344,R117,2026-05-11,產品推廣,0
C1344,R117,2026-05-21,關係維護,0
C1344,R117,2026-05-17,關係維護,0
C1344,R117,2026-05-03,產品推廣,0
C1344,R117,2026-06-08,產品推廣,0
C1344,R117,2026-06-29,產品推廣,0
C1344,R117,2026-06-11,關係維護,0
C1344,R117,2026-06-18,關係維護,0
C1344,R117,2026-07-21,關係維護,0
C1344,R117,2026-07-08,收款,0
C1345,R100,2025-02-13,產品推廣,0
C1345,R100,2025-02-25,收款,0
C1345,R100,2025-03-05,產品推廣,0
C1345,R100,2025-02-27,產品推廣,0
C1345,R100,2025-02-27,產品推廣,0
C1345,R100,2025-03-27,關係維護,0
C1345,R100,2025-03-19,產品推廣,0
C1345,R100,2025-04-04,產品推廣,0
C1345,R100,2025-04-24,產品推廣,0
C1345,R100,2025-06-19,客訴處理,0
C1345,R100,2025-06-20,收款,0
C1345,R100,2025-07-29,產品推廣,0
C1345,R100,2025-07-28,產品推廣,0
C1345,R100,2025-09-25,關係維護,0
C1345,R100,2025-09-07,關係維護,0
C1345,R100,2025-10-03,產品推廣,0
C1345,R100,2025-09-05,收款,0
C1345,R100,2025-10-06,產品推廣,0
C1345,R100,2025-10-11,關係維護,0
C1345,R100,2025-11-06,關係維護,0
C1345,R100,2025-11-17,關係維護,0
C1345,R100,2025-12-30,產品推廣,0
C1345,R100,2025-12-21,收款,0
C1345,R100,2025-12-06,產品推廣,0
C1345,R100,2026-01-19,關係維護,0
C1345,R100,2026-01-27,關係維護,0
C1345,R100,2026-01-28,產品推廣,0
C1345,R100,2026-01-25,關係維護,0
C1345,R100,2026-01-05,關係維護,0
C1345,R100,2026-02-09,客訴處理,0
C1345,R100,2026-02-09,收款,0
C1345,R100,2026-02-17,產品推廣,0
C1345,R100,2026-02-23,收款,0
C1345,R100,2026-03-19,關係維護,0
C1345,R100,2026-04-01,產品推廣,0
C1345,R100,2026-03-19,產品推廣,0
C1345,R100,2026-03-25,關係維護,0
C1345,R100,2026-03-11,收款,0
C1345,R100,2026-05-01,收款,0
C1345,R100,2026-04-27,收款,0
C1345,R100,2026-04-27,關係維護,0
C1345,R100,2026-05-24,客訴處理,0
C1345,R100,2026-05-25,產品推廣,0
C1345,R100,2026-05-30,關係維護,0
C1345,R100,2026-05-19,產品推廣,0
C1345,R100,2026-06-05,客訴處理,0
C1345,R100,2026-06-27,收款,0
C1346,R102,2025-02-20,關係維護,0
C1346,R102,2025-03-03,產品推廣,0
C1346,R102,2025-03-31,產品推廣,0
C1346,R102,2025-03-27,收款,0
C1346,R102,2025-03-22,關係維護,0
C1346,R102,2025-04-11,產品推廣,0
C1346,R102,2025-04-26,客訴處理,0
C1346,R102,2025-05-01,收款,0
C1346,R102,2025-05-18,客訴處理,0
C1346,R102,2025-05-30,客訴處理,0
C1346,R102,2025-06-02,收款,0
C1346,R102,2025-05-15,關係維護,0
C1346,R102,2025-05-20,產品推廣,0
C1346,R102,2025-06-30,關係維護,0
C1346,R102,2025-06-07,關係維護,0
C1346,R102,2025-07-14,關係維護,0
C1346,R102,2025-07-10,收款,0
C1346,R102,2025-08-09,產品推廣,0
C1346,R102,2025-09-02,收款,0
C1346,R102,2025-08-14,收款,0
C1346,R102,2025-08-26,產品推廣,0
C1346,R102,2025-08-06,關係維護,0
C1346,R102,2025-08-14,產品推廣,0
C1346,R102,2025-08-21,產品推廣,0
C1346,R102,2025-09-05,產品推廣,0
C1346,R102,2025-09-15,產品推廣,0
C1346,R102,2025-09-19,關係維護,0
C1346,R102,2025-09-28,關係維護,0
C1346,R102,2025-10-15,產品推廣,0
C1346,R102,2025-10-15,關係維護,0
C1346,R102,2025-11-17,產品推廣,0
C1346,R102,2025-11-08,關係維護,0
C1346,R102,2025-11-11,關係維護,0
C1346,R102,2025-11-24,產品推廣,0
C1346,R102,2025-12-29,關係維護,0
C1346,R102,2025-12-18,產品推廣,0
C1346,R102,2025-12-07,產品推廣,0
C1346,R102,2025-12-30,關係維護,0
C1346,R102,2025-12-15,產品推廣,0
C1346,R102,2025-12-05,關係維護,0
C1346,R102,2026-01-17,收款,0
C1346,R102,2026-01-16,客訴處理,0
C1346,R102,2026-02-17,收款,0
C1346,R102,2026-03-24,關係維護,0
C1346,R102,2026-03-18,客訴處理,0
C1346,R102,2026-03-26,收款,0
C1346,R102,2026-03-27,關係維護,0
C1346,R102,2026-03-04,產品推廣,0
C1346,R102,2026-03-26,產品推廣,0
C1346,R102,2026-05-14,產品推廣,0
C1346,R102,2026-05-16,產品推廣,0
C1346,R102,2026-06-03,產品推廣,0
C1346,R102,2026-06-03,關係維護,0
C1346,R102,2026-07-29,客訴處理,0
C1346,R102,2026-07-22,產品推廣,0
C1346,R102,2026-07-29,產品推廣,0
C1346,R102,2026-07-10,收款,0
C1346,R102,2026-07-16,產品推廣,0
C1347,R105,2025-02-16,關係維護,0
C1347,R105,2025-04-28,客訴處理,0
C1347,R105,2025-05-20,收款,0
C1347,R105,2025-06-22,關係維護,0
C1347,R105,2025-08-01,產品推廣,0
C1347,R105,2025-08-10,產品推廣,0
C1347,R105,2025-08-18,產品推廣,0
C1347,R105,2025-08-16,產品推廣,0
C1347,R105,2025-08-29,收款,0
C1347,R105,2025-09-21,產品推廣,0
C1347,R105,2025-11-13,產品推廣,0
C1347,R105,2025-12-12,產品推廣,0
C1347,R105,2025-12-28,收款,0
C1347,R105,2025-12-14,收款,0
C1347,R105,2025-12-26,產品推廣,0
C1347,R105,2026-01-18,客訴處理,0
C1347,R105,2026-02-11,產品推廣,0
C1347,R105,2026-03-05,收款,0
C1347,R105,2026-03-21,客訴處理,0
C1347,R105,2026-04-27,產品推廣,0
C1347,R105,2026-04-11,產品推廣,0
C1347,R105,2026-05-21,收款,0
C1347,R105,2026-05-30,關係維護,0
C1347,R105,2026-05-30,產品推廣,0
C1347,R105,2026-05-04,產品推廣,0
C1347,R105,2026-07-03,產品推廣,0
C1347,R105,2026-07-05,關係維護,0
C1348,R107,2025-02-10,產品推廣,0
C1348,R107,2025-02-22,產品推廣,0
C1348,R107,2025-04-21,產品推廣,0
C1348,R107,2025-05-29,關係維護,0
C1348,R107,2025-05-20,收款,0
C1348,R107,2025-06-14,產品推廣,0
C1348,R107,2025-09-30,客訴處理,0
C1348,R107,2025-10-10,關係維護,0
C1348,R107,2025-10-20,關係維護,0
C1348,R107,2025-11-25,產品推廣,0
C1348,R107,2025-11-17,產品推廣,0
C1348,R107,2026-01-01,關係維護,0
C1348,R107,2026-03-05,產品推廣,0
C1348,R107,2026-03-13,產品推廣,0
C1348,R107,2026-04-09,產品推廣,0
C1348,R107,2026-05-19,關係維護,0
C1348,R107,2026-06-04,關係維護,0
C1349,R114,2025-02-11,產品推廣,1
C1349,R114,2025-06-24,關係維護,0
C1349,R114,2025-06-22,關係維護,0
C1349,R114,2025-07-19,產品推廣,1
C1349,R114,2025-09-05,關係維護,1
C1349,R114,2025-10-02,關係維護,0
C1349,R114,2025-11-02,產品推廣,0
C1349,R114,2025-12-24,產品推廣,0
C1349,R114,2026-02-17,關係維護,0
C1349,R114,2026-02-24,產品推廣,1
C1349,R114,2026-02-14,產品推廣,0
C1349,R114,2026-03-12,關係維護,1
C1349,R114,2026-03-22,收款,0
C1350,R108,2025-02-12,關係維護,0
C1350,R108,2025-02-09,關係維護,0
C1350,R108,2025-06-02,關係維護,0
C1350,R108,2025-06-26,產品推廣,0
C1350,R108,2025-06-29,收款,0
C1350,R108,2025-11-23,關係維護,0
C1350,R108,2025-11-29,關係維護,0
C1350,R108,2025-11-26,產品推廣,0
C1350,R108,2025-12-04,產品推廣,0
C1350,R108,2026-01-29,產品推廣,0
C1350,R108,2026-02-09,產品推廣,0
C1350,R108,2026-06-03,收款,0
C1351,R116,2025-03-26,產品推廣,0
C1351,R116,2025-03-27,產品推廣,0
C1351,R116,2025-05-13,關係維護,0
C1351,R116,2025-05-24,客訴處理,1
C1351,R116,2025-06-04,產品推廣,1
C1351,R116,2025-06-16,產品推廣,0
C1351,R116,2025-06-22,產品推廣,0
C1351,R116,2025-06-25,產品推廣,0
C1351,R116,2025-06-23,關係維護,1
C1351,R116,2025-07-18,產品推廣,0
C1351,R116,2025-07-19,產品推廣,0
C1351,R116,2025-08-09,收款,0
C1351,R116,2025-08-14,關係維護,1
C1351,R116,2025-08-30,產品推廣,0
C1351,R116,2025-08-21,產品推廣,0
C1351,R116,2025-08-19,關係維護,1
C1351,R116,2025-09-26,產品推廣,0
C1351,R116,2025-09-26,關係維護,0
C1351,R116,2025-10-01,關係維護,0
C1351,R116,2025-10-27,收款,0
C1351,R116,2025-11-25,客訴處理,1
C1351,R116,2025-12-23,產品推廣,0
C1351,R116,2025-12-23,產品推廣,0
C1351,R116,2025-12-19,產品推廣,0
C1351,R116,2025-12-27,產品推廣,0
C1351,R116,2026-01-30,產品推廣,0
C1351,R116,2026-01-17,關係維護,0
C1351,R116,2026-02-06,產品推廣,0
C1351,R116,2026-04-12,客訴處理,1
C1351,R116,2026-04-30,產品推廣,0
C1351,R116,2026-05-25,產品推廣,0
C1351,R116,2026-05-29,關係維護,0
C1351,R116,2026-05-10,收款,0
C1351,R116,2026-06-22,關係維護,1
C1352,R101,2025-03-10,關係維護,0
C1352,R101,2025-03-20,關係維護,0
C1352,R101,2025-05-30,客訴處理,0
C1352,R101,2025-05-16,關係維護,0
C1352,R101,2025-07-12,產品推廣,0
C1352,R101,2026-07-27,關係維護,0
C1353,R105,2025-02-12,產品推廣,0
C1353,R105,2025-03-05,收款,0
C1353,R105,2025-04-03,關係維護,0
C1353,R105,2025-03-30,產品推廣,0
C1353,R105,2025-03-25,收款,0
C1353,R105,2025-04-17,產品推廣,0
C1353,R105,2025-04-14,產品推廣,0
C1353,R105,2025-04-22,客訴處理,0
C1353,R105,2025-05-08,產品推廣,0
C1353,R105,2025-06-10,產品推廣,0
C1353,R105,2025-07-10,產品推廣,0
C1353,R105,2025-08-08,產品推廣,0
C1353,R105,2025-09-26,產品推廣,0
C1353,R105,2025-09-17,收款,0
C1353,R105,2025-09-15,產品推廣,0
C1353,R105,2025-10-16,關係維護,0
C1353,R105,2025-12-28,收款,0
C1353,R105,2026-01-11,產品推廣,0
C1353,R105,2026-02-05,客訴處理,0
C1353,R105,2026-02-11,客訴處理,0
C1353,R105,2026-03-22,產品推廣,0
C1353,R105,2026-03-22,產品推廣,0
C1353,R105,2026-04-24,關係維護,0
C1353,R105,2026-04-07,產品推廣,0
C1353,R105,2026-05-23,產品推廣,0
C1353,R105,2026-06-27,關係維護,0
C1353,R105,2026-07-16,產品推廣,0
C1353,R105,2026-07-17,關係維護,0
C1354,R107,2025-02-11,關係維護,0
C1354,R107,2025-03-03,關係維護,0
C1354,R107,2025-02-15,客訴處理,0
C1354,R107,2025-03-30,產品推廣,0
C1354,R107,2025-03-16,產品推廣,0
C1354,R107,2025-04-12,產品推廣,0
C1354,R107,2025-04-25,關係維護,0
C1354,R107,2025-05-14,產品推廣,0
C1354,R107,2025-05-22,收款,0
C1354,R107,2025-05-24,產品推廣,0
C1354,R107,2025-05-14,產品推廣,0
C1354,R107,2025-05-19,關係維護,0
C1354,R107,2025-07-04,收款,0
C1354,R107,2025-08-03,客訴處理,0
C1354,R107,2025-07-19,客訴處理,0
C1354,R107,2025-07-18,產品推廣,0
C1354,R107,2025-07-13,產品推廣,0
C1354,R107,2025-07-17,客訴處理,0
C1354,R107,2025-08-30,關係維護,0
C1354,R107,2025-08-16,產品推廣,0
C1354,R107,2025-09-26,客訴處理,0
C1354,R107,2025-09-07,產品推廣,0
C1354,R107,2025-09-22,關係維護,0
C1354,R107,2025-10-22,客訴處理,0
C1354,R107,2025-11-29,收款,0
C1354,R107,2025-12-07,產品推廣,0
C1354,R107,2026-01-04,產品推廣,0
C1354,R107,2026-01-05,收款,0
C1354,R107,2026-02-24,客訴處理,0
C1354,R107,2026-02-12,產品推廣,0
C1354,R107,2026-02-15,關係維護,0
C1354,R107,2026-03-24,產品推廣,0
C1354,R107,2026-03-26,收款,0
C1354,R107,2026-04-20,產品推廣,0
C1354,R107,2026-04-09,產品推廣,0
C1354,R107,2026-05-30,產品推廣,0
C1354,R107,2026-07-02,產品推廣,0
C1354,R107,2026-07-02,關係維護,0
C1354,R107,2026-07-06,產品推廣,0
C1354,R107,2026-07-07,收款,0
C1355,R111,2025-04-22,收款,0
C1355,R111,2025-05-16,關係維護,0
C1355,R111,2025-06-20,產品推廣,0
C1355,R111,2025-07-09,產品推廣,0
C1355,R111,2025-08-02,產品推廣,0
C1355,R111,2025-08-07,產品推廣,0
C1355,R111,2025-09-28,收款,0
C1355,R111,2025-11-23,收款,0
C1355,R111,2025-11-15,關係維護,0
C1355,R111,2026-01-31,產品推廣,0
C1355,R111,2026-02-07,收款,0
C1355,R111,2026-04-18,產品推廣,0
C1355,R111,2026-06-21,產品推廣,0
C1355,R111,2026-06-19,產品推廣,0
C1356,R116,2025-02-18,關係維護,0
C1356,R116,2025-03-24,關係維護,0
C1356,R116,2025-03-27,客訴處理,0
C1356,R116,2025-04-02,關係維護,0
C1356,R116,2025-07-29,產品推廣,1
C1356,R116,2025-08-13,產品推廣,0
C1356,R116,2026-01-24,收款,0
C1356,R116,2026-03-28,產品推廣,0
C1357,R106,2025-03-03,客訴處理,0
C1357,R106,2025-03-07,產品推廣,0
C1357,R106,2025-03-28,產品推廣,0
C1357,R106,2025-03-21,客訴處理,0
C1357,R106,2025-04-15,客訴處理,0
C1357,R106,2025-04-29,產品推廣,0
C1357,R106,2025-06-21,產品推廣,0
C1357,R106,2025-08-07,客訴處理,0
C1357,R106,2025-08-13,產品推廣,0
C1357,R106,2025-08-10,產品推廣,0
C1357,R106,2025-08-15,產品推廣,0
C1357,R106,2025-11-26,產品推廣,0
C1357,R106,2025-11-16,產品推廣,0
C1357,R106,2025-12-20,產品推廣,0
C1357,R106,2025-12-31,產品推廣,0
C1357,R106,2026-02-03,客訴處理,0
C1357,R106,2026-05-26,產品推廣,0
C1357,R106,2026-06-11,產品推廣,0
C1357,R106,2026-07-23,產品推廣,0
C1358,R104,2025-02-14,產品推廣,1
C1358,R104,2025-02-09,收款,0
C1358,R104,2025-03-04,客訴處理,0
C1358,R104,2025-02-28,產品推廣,0
C1358,R104,2025-03-27,客訴處理,1
C1358,R104,2025-03-31,產品推廣,0
C1358,R104,2025-03-13,收款,1
C1358,R104,2025-03-29,產品推廣,1
C1358,R104,2025-04-05,產品推廣,1
C1358,R104,2025-03-21,產品推廣,0
C1358,R104,2025-06-01,收款,0
C1358,R104,2025-05-31,產品推廣,0
C1358,R104,2025-05-08,產品推廣,1
C1358,R104,2025-05-22,產品推廣,1
C1358,R104,2025-07-04,關係維護,1
C1358,R104,2025-06-11,客訴處理,0
C1358,R104,2025-07-02,關係維護,0
C1358,R104,2025-07-01,產品推廣,0
C1358,R104,2025-06-20,收款,0
C1358,R104,2025-08-03,關係維護,0
C1358,R104,2025-09-14,產品推廣,0
C1358,R104,2025-10-03,產品推廣,0
C1358,R104,2025-09-06,關係維護,0
C1358,R104,2025-09-14,產品推廣,1
C1358,R104,2025-10-30,客訴處理,0
C1358,R104,2025-10-13,產品推廣,0
C1358,R104,2025-11-15,收款,0
C1358,R104,2025-11-07,產品推廣,1
C1358,R104,2025-11-12,產品推廣,1
C1358,R104,2025-12-18,關係維護,1
C1358,R104,2025-12-19,收款,1
C1358,R104,2025-12-13,客訴處理,1
C1358,R104,2025-12-04,關係維護,0
C1358,R104,2025-12-10,產品推廣,0
C1358,R104,2025-12-19,收款,0
C1358,R104,2025-12-27,產品推廣,0
C1358,R104,2026-01-20,產品推廣,1
C1358,R104,2026-01-15,客訴處理,1
C1358,R104,2026-01-26,產品推廣,1
C1358,R104,2026-01-15,產品推廣,0
C1358,R104,2026-01-17,關係維護,0
C1358,R104,2026-03-23,關係維護,0
C1358,R104,2026-03-28,產品推廣,1
C1358,R104,2026-03-17,收款,1
C1358,R104,2026-03-29,產品推廣,0
C1358,R104,2026-05-09,收款,0
C1358,R104,2026-06-13,產品推廣,0
C1358,R104,2026-06-21,收款,1
C1358,R104,2026-07-26,產品推廣,0
C1359,R106,2025-03-02,產品推廣,0
C1359,R106,2025-03-19,產品推廣,0
C1359,R106,2025-03-20,收款,0
C1359,R106,2025-03-30,產品推廣,0
C1359,R106,2025-07-20,收款,0
C1359,R106,2025-08-27,關係維護,0
C1359,R106,2025-08-22,產品推廣,0
C1359,R106,2025-09-14,產品推廣,0
C1359,R106,2025-10-19,產品推廣,0
C1359,R106,2025-12-14,產品推廣,0
C1359,R106,2025-12-29,關係維護,0
C1359,R106,2025-12-09,收款,0
C1359,R106,2025-12-28,關係維護,0
C1359,R106,2025-12-15,產品推廣,0
C1359,R106,2026-01-18,產品推廣,0
C1359,R106,2026-01-31,產品推廣,0
C1359,R106,2026-01-08,產品推廣,0
C1359,R106,2026-02-06,產品推廣,0
C1359,R106,2026-02-12,產品推廣,0
C1359,R106,2026-02-10,關係維護,0
C1359,R106,2026-02-23,收款,0
C1359,R106,2026-02-13,產品推廣,0
C1359,R106,2026-03-26,產品推廣,0
C1359,R106,2026-03-15,收款,0
C1359,R106,2026-04-24,產品推廣,0
C1359,R106,2026-04-21,產品推廣,0
C1359,R106,2026-06-10,產品推廣,0
C1359,R106,2026-06-07,關係維護,0
C1359,R106,2026-06-08,產品推廣,0
C1359,R106,2026-07-14,產品推廣,0
C1360,R108,2025-03-04,產品推廣,0
C1360,R108,2025-02-23,客訴處理,0
C1360,R108,2025-02-14,關係維護,0
C1360,R108,2025-03-19,產品推廣,0
C1360,R108,2025-04-03,關係維護,0
C1360,R108,2025-03-19,收款,0
C1360,R108,2025-03-21,產品推廣,0
C1360,R108,2025-05-06,產品推廣,0
C1360,R108,2025-05-05,收款,0
C1360,R108,2025-04-30,產品推廣,0
C1360,R108,2025-07-02,關係維護,0
C1360,R108,2025-07-03,產品推廣,0
C1360,R108,2025-07-05,客訴處理,0
C1360,R108,2025-06-14,產品推廣,0
C1360,R108,2025-06-17,產品推廣,0
C1360,R108,2025-07-30,產品推廣,0
C1360,R108,2025-07-15,產品推廣,0
C1360,R108,2025-07-24,關係維護,0
C1360,R108,2025-08-26,產品推廣,0
C1360,R108,2025-09-02,收款,0
C1360,R108,2025-08-06,收款,0
C1360,R108,2025-08-23,關係維護,0
C1360,R108,2025-08-13,收款,0
C1360,R108,2025-08-10,收款,0
C1360,R108,2025-09-15,產品推廣,0
C1360,R108,2025-09-11,產品推廣,0
C1360,R108,2025-09-21,產品推廣,0
C1360,R108,2025-10-17,關係維護,0
C1360,R108,2025-10-13,產品推廣,0
C1360,R108,2025-10-25,關係維護,0
C1360,R108,2025-10-20,關係維護,0
C1360,R108,2025-10-29,關係維護,0
C1360,R108,2025-12-05,客訴處理,0
C1360,R108,2025-12-29,收款,0
C1360,R108,2026-01-01,產品推廣,0
C1360,R108,2025-12-26,產品推廣,0
C1360,R108,2025-12-22,關係維護,0
C1360,R108,2025-12-24,產品推廣,0
C1360,R108,2026-01-15,產品推廣,0
C1360,R108,2026-01-28,產品推廣,0
C1360,R108,2026-01-10,產品推廣,0
C1360,R108,2026-01-11,產品推廣,0
C1360,R108,2026-01-31,客訴處理,0
C1360,R108,2026-01-16,客訴處理,0
C1360,R108,2026-02-12,關係維護,0
C1360,R108,2026-02-06,產品推廣,0
C1360,R108,2026-02-22,收款,0
C1360,R108,2026-02-22,關係維護,0
C1360,R108,2026-02-08,關係維護,0
C1360,R108,2026-02-26,產品推廣,0
C1360,R108,2026-03-31,產品推廣,0
C1360,R108,2026-03-04,產品推廣,0
C1360,R108,2026-03-21,關係維護,0
C1360,R108,2026-03-06,關係維護,0
C1360,R108,2026-03-21,關係維護,0
C1360,R108,2026-04-13,收款,0
C1360,R108,2026-04-07,客訴處理,0
C1360,R108,2026-04-21,產品推廣,0
C1360,R108,2026-05-12,客訴處理,0
C1360,R108,2026-05-26,產品推廣,0
C1360,R108,2026-05-14,產品推廣,0
C1360,R108,2026-05-14,產品推廣,0
C1360,R108,2026-06-15,產品推廣,0
C1360,R108,2026-06-02,關係維護,0
C1360,R108,2026-06-18,關係維護,0
C1360,R108,2026-07-10,收款,0
C1360,R108,2026-07-28,客訴處理,0
C1361,R104,2025-02-18,產品推廣,0
C1361,R104,2025-03-30,客訴處理,0
C1361,R104,2025-03-22,產品推廣,0
C1361,R104,2025-03-18,產品推廣,0
C1361,R104,2025-03-27,收款,0
C1361,R104,2025-03-11,產品推廣,0
C1361,R104,2025-04-08,產品推廣,0
C1361,R104,2025-04-18,產品推廣,0
C1361,R104,2025-06-30,關係維護,0
C1361,R104,2025-07-22,收款,0
C1361,R104,2025-08-27,關係維護,0
C1361,R104,2025-09-01,關係維護,0
C1361,R104,2025-08-14,客訴處理,0
C1361,R104,2025-08-11,產品推廣,0
C1361,R104,2025-08-16,產品推廣,0
C1361,R104,2025-09-16,收款,0
C1361,R104,2025-09-12,產品推廣,0
C1361,R104,2025-11-02,產品推廣,0
C1361,R104,2025-10-26,產品推廣,0
C1361,R104,2025-10-28,關係維護,0
C1361,R104,2025-11-27,產品推廣,0
C1361,R104,2025-11-08,產品推廣,0
C1361,R104,2025-12-26,關係維護,0
C1361,R104,2026-01-07,產品推廣,0
C1361,R104,2026-02-17,產品推廣,0
C1361,R104,2026-04-28,產品推廣,0
C1361,R104,2026-05-10,收款,0
C1361,R104,2026-05-16,產品推廣,0
C1361,R104,2026-06-28,收款,0
C1361,R104,2026-06-26,產品推廣,0
C1361,R104,2026-07-15,產品推廣,0
C1362,R108,2025-04-05,產品推廣,0
C1362,R108,2025-05-19,產品推廣,0
C1362,R108,2025-05-27,客訴處理,0
C1362,R108,2025-08-12,關係維護,0
C1362,R108,2025-09-13,產品推廣,0
C1362,R108,2026-03-16,產品推廣,0
C1362,R108,2026-03-23,產品推廣,0
C1362,R108,2026-04-14,產品推廣,0
C1362,R108,2026-07-14,收款,0
C1362,R108,2026-07-02,產品推廣,0
C1363,R111,2025-03-02,客訴處理,0
C1363,R111,2025-02-26,產品推廣,0
C1363,R111,2025-02-09,客訴處理,0
C1363,R111,2025-03-15,關係維護,0
C1363,R111,2025-03-09,關係維護,0
C1363,R111,2025-03-11,關係維護,0
C1363,R111,2025-04-23,收款,0
C1363,R111,2025-04-15,產品推廣,0
C1363,R111,2025-05-04,產品推廣,0
C1363,R111,2025-05-10,客訴處理,0
C1363,R111,2025-06-04,客訴處理,0
C1363,R111,2025-07-01,產品推廣,0
C1363,R111,2025-06-10,關係維護,0
C1363,R111,2025-07-02,關係維護,0
C1363,R111,2025-07-23,關係維護,0
C1363,R111,2025-07-28,關係維護,0
C1363,R111,2025-07-10,產品推廣,0
C1363,R111,2025-08-11,收款,0
C1363,R111,2025-08-22,收款,0
C1363,R111,2025-08-19,收款,0
C1363,R111,2025-08-26,產品推廣,0
C1363,R111,2025-09-26,產品推廣,0
C1363,R111,2025-09-14,關係維護,0
C1363,R111,2025-09-13,產品推廣,0
C1363,R111,2025-10-20,產品推廣,0
C1363,R111,2025-10-16,產品推廣,0
C1363,R111,2025-10-11,產品推廣,0
C1363,R111,2025-10-06,關係維護,0
C1363,R111,2025-10-21,關係維護,0
C1363,R111,2025-11-23,產品推廣,0
C1363,R111,2025-11-10,客訴處理,0
C1363,R111,2025-11-07,產品推廣,0
C1363,R111,2025-11-06,產品推廣,0
C1363,R111,2025-12-21,產品推廣,0
C1363,R111,2025-12-11,產品推廣,0
C1363,R111,2025-12-10,客訴處理,0
C1363,R111,2026-01-19,產品推廣,0
C1363,R111,2026-02-27,產品推廣,0
C1363,R111,2026-02-10,客訴處理,0
C1363,R111,2026-02-09,產品推廣,0
C1363,R111,2026-02-03,收款,0
C1363,R111,2026-03-19,產品推廣,0
C1363,R111,2026-03-24,關係維護,0
C1363,R111,2026-03-30,產品推廣,0
C1363,R111,2026-04-26,關係維護,0
C1363,R111,2026-04-22,客訴處理,0
C1363,R111,2026-04-23,關係維護,0
C1363,R111,2026-05-04,產品推廣,0
C1363,R111,2026-05-25,客訴處理,0
C1363,R111,2026-05-25,收款,0
C1363,R111,2026-05-28,產品推廣,0
C1363,R111,2026-06-15,產品推廣,0
C1363,R111,2026-06-09,產品推廣,0
C1363,R111,2026-07-16,收款,0
C1363,R111,2026-07-13,收款,0
C1363,R111,2026-07-19,產品推廣,0
C1363,R111,2026-07-11,關係維護,0
C1363,R111,2026-07-18,產品推廣,0
C1364,R108,2025-02-21,收款,0
C1364,R108,2025-02-17,關係維護,0
C1364,R108,2025-03-15,關係維護,0
C1364,R108,2025-03-14,產品推廣,1
C1364,R108,2025-05-08,產品推廣,0
C1364,R108,2025-05-27,收款,0
C1364,R108,2025-05-18,產品推廣,0
C1364,R108,2025-07-05,產品推廣,1
C1364,R108,2025-07-05,關係維護,1
C1364,R108,2025-08-01,產品推廣,0
C1364,R108,2025-08-26,產品推廣,0
C1364,R108,2025-10-06,關係維護,0
C1364,R108,2025-11-01,收款,1
C1364,R108,2025-10-29,產品推廣,0
C1364,R108,2025-10-19,收款,0
C1364,R108,2025-10-17,收款,1
C1364,R108,2025-12-29,關係維護,0
C1364,R108,2025-12-21,產品推廣,1
C1364,R108,2025-12-22,產品推廣,0
C1364,R108,2026-01-18,產品推廣,0
C1364,R108,2026-01-13,產品推廣,0
C1364,R108,2026-01-15,產品推廣,0
C1364,R108,2026-01-16,客訴處理,1
C1364,R108,2026-03-29,產品推廣,0
C1364,R108,2026-07-04,關係維護,1
C1365,R112,2025-02-22,產品推廣,0
C1365,R112,2025-02-22,客訴處理,0
C1365,R112,2025-03-09,關係維護,0
C1365,R112,2025-03-31,關係維護,0
C1365,R112,2025-04-27,產品推廣,0
C1365,R112,2025-04-26,關係維護,0
C1365,R112,2025-04-08,產品推廣,0
C1365,R112,2025-08-01,產品推廣,0
C1365,R112,2025-08-08,產品推廣,0
C1365,R112,2025-08-20,產品推廣,0
C1365,R112,2025-08-19,產品推廣,0
C1365,R112,2025-08-31,產品推廣,0
C1365,R112,2025-08-25,產品推廣,0
C1365,R112,2025-09-08,客訴處理,0
C1365,R112,2025-10-10,產品推廣,0
C1365,R112,2025-10-21,產品推廣,0
C1365,R112,2025-10-25,收款,0
C1365,R112,2025-11-07,產品推廣,0
C1365,R112,2025-11-18,產品推廣,0
C1365,R112,2025-11-20,收款,0
C1365,R112,2025-12-21,產品推廣,0
C1365,R112,2026-01-06,關係維護,0
C1365,R112,2026-03-11,收款,0
C1365,R112,2026-03-16,客訴處理,0
C1365,R112,2026-05-28,關係維護,0
C1365,R112,2026-05-19,關係維護,0
C1365,R112,2026-06-10,客訴處理,0
C1365,R112,2026-06-29,產品推廣,0
C1365,R112,2026-06-08,關係維護,0
C1365,R112,2026-06-18,關係維護,0
C1365,R112,2026-07-18,關係維護,0
C1365,R112,2026-07-28,客訴處理,0
C1365,R112,2026-07-21,產品推廣,0
C1366,R108,2025-02-19,收款,0
C1366,R108,2025-02-16,產品推廣,0
C1366,R108,2025-03-22,產品推廣,0
C1366,R108,2025-06-30,產品推廣,0
C1366,R108,2025-06-11,產品推廣,0
C1366,R108,2025-07-12,關係維護,0
C1366,R108,2025-08-19,產品推廣,0
C1366,R108,2025-08-20,產品推廣,0
C1366,R108,2025-10-02,產品推廣,0
C1366,R108,2025-10-26,產品推廣,0
C1366,R108,2025-11-20,關係維護,0
C1366,R108,2026-01-28,關係維護,0
C1366,R108,2026-01-21,客訴處理,0
C1366,R108,2026-02-22,關係維護,0
C1366,R108,2026-03-25,產品推廣,0
C1366,R108,2026-03-28,產品推廣,0
C1366,R108,2026-04-14,產品推廣,0
C1366,R108,2026-04-10,收款,0
C1366,R108,2026-04-06,產品推廣,0
C1366,R108,2026-05-25,產品推廣,0
C1366,R108,2026-05-30,關係維護,0
C1366,R108,2026-05-25,產品推廣,0
C1366,R108,2026-05-14,關係維護,0
C1366,R108,2026-06-14,產品推廣,0
C1366,R108,2026-06-24,客訴處理,0
C1366,R108,2026-06-22,收款,0
C1366,R108,2026-06-27,產品推廣,0
C1366,R108,2026-07-07,關係維護,0
C1367,R105,2025-02-11,產品推廣,0
C1367,R105,2025-02-12,產品推廣,0
C1367,R105,2025-06-01,關係維護,1
C1367,R105,2025-07-25,收款,1
C1367,R105,2025-07-29,收款,1
C1367,R105,2025-08-27,產品推廣,1
C1367,R105,2025-09-28,產品推廣,1
C1367,R105,2025-11-01,產品推廣,0
C1367,R105,2025-10-23,客訴處理,0
C1367,R105,2025-11-27,關係維護,0
C1367,R105,2025-11-15,產品推廣,0
C1367,R105,2025-11-12,客訴處理,0
C1367,R105,2025-12-10,收款,1
C1367,R105,2025-12-24,關係維護,1
C1367,R105,2025-12-22,客訴處理,0
C1367,R105,2025-12-17,產品推廣,1
C1367,R105,2026-01-13,收款,1
C1367,R105,2026-02-03,收款,1
C1367,R105,2026-05-09,關係維護,1
C1367,R105,2026-05-05,關係維護,0
C1367,R105,2026-06-14,產品推廣,0
C1368,R105,2025-02-09,收款,0
C1368,R105,2025-02-11,關係維護,0
C1368,R105,2025-04-16,產品推廣,0
C1368,R105,2025-05-09,關係維護,0
C1368,R105,2025-05-31,產品推廣,0
C1368,R105,2025-06-04,收款,0
C1368,R105,2025-07-19,關係維護,0
C1368,R105,2025-07-11,產品推廣,0
C1368,R105,2025-08-06,產品推廣,0
C1368,R105,2025-08-09,關係維護,0
C1368,R105,2025-09-10,關係維護,0
C1368,R105,2025-10-01,收款,0
C1368,R105,2025-11-09,產品推廣,0
C1368,R105,2025-12-17,產品推廣,0
C1368,R105,2026-01-18,收款,0
C1368,R105,2026-05-22,關係維護,0
C1368,R105,2026-05-19,產品推廣,0
C1369,R107,2025-02-26,客訴處理,0
C1369,R107,2025-02-28,產品推廣,0
C1369,R107,2025-03-01,關係維護,0
C1369,R107,2025-02-21,收款,0
C1369,R107,2025-02-21,產品推廣,0
C1369,R107,2025-04-06,收款,0
C1369,R107,2025-03-23,產品推廣,0
C1369,R107,2025-03-27,客訴處理,0
C1369,R107,2025-03-21,產品推廣,0
C1369,R107,2025-04-21,關係維護,0
C1369,R107,2025-04-28,產品推廣,0
C1369,R107,2025-04-29,客訴處理,0
C1369,R107,2025-05-14,產品推廣,0
C1369,R107,2025-05-29,產品推廣,0
C1369,R107,2025-06-04,關係維護,0
C1369,R107,2025-06-04,關係維護,0
C1369,R107,2025-05-25,客訴處理,0
C1369,R107,2025-06-07,產品推廣,0
C1369,R107,2025-06-22,產品推廣,0
C1369,R107,2025-07-21,產品推廣,0
C1369,R107,2025-08-03,產品推廣,0
C1369,R107,2025-07-17,客訴處理,0
C1369,R107,2025-07-29,產品推廣,0
C1369,R107,2025-07-26,產品推廣,0
C1369,R107,2025-07-22,客訴處理,0
C1369,R107,2025-07-24,客訴處理,0
C1369,R107,2025-07-09,關係維護,0
C1369,R107,2025-09-16,產品推廣,0
C1369,R107,2025-09-22,產品推廣,0
C1369,R107,2025-09-12,產品推廣,0
C1369,R107,2025-09-20,收款,0
C1369,R107,2025-09-26,關係維護,0
C1369,R107,2025-09-23,收款,0
C1369,R107,2025-10-05,產品推廣,0
C1369,R107,2025-10-12,產品推廣,0
C1369,R107,2025-10-16,產品推廣,0
C1369,R107,2025-10-07,產品推廣,0
C1369,R107,2025-10-07,產品推廣,0
C1369,R107,2025-12-01,關係維護,0
C1369,R107,2025-11-11,產品推廣,0
C1369,R107,2025-11-10,關係維護,0
C1369,R107,2025-12-01,收款,0
C1369,R107,2025-12-13,產品推廣,0
C1369,R107,2025-12-15,收款,0
C1369,R107,2025-12-04,產品推廣,0
C1369,R107,2026-01-22,關係維護,0
C1369,R107,2026-01-10,關係維護,0
C1369,R107,2026-02-08,產品推廣,0
C1369,R107,2026-03-26,客訴處理,0
C1369,R107,2026-03-04,產品推廣,0
C1369,R107,2026-03-17,收款,0
C1369,R107,2026-03-25,產品推廣,0
C1369,R107,2026-03-28,產品推廣,0
C1369,R107,2026-04-09,產品推廣,0
C1369,R107,2026-04-08,關係維護,0
C1369,R107,2026-04-15,產品推廣,0
C1369,R107,2026-04-26,收款,0
C1369,R107,2026-04-03,收款,0
C1369,R107,2026-04-03,關係維護,0
C1369,R107,2026-04-28,產品推廣,0
C1369,R107,2026-05-22,關係維護,0
C1369,R107,2026-05-26,產品推廣,0
C1369,R107,2026-05-03,產品推廣,0
C1369,R107,2026-06-09,關係維護,0
C1369,R107,2026-06-12,收款,0
C1369,R107,2026-06-09,收款,0
C1369,R107,2026-06-06,產品推廣,0
C1370,R103,2025-03-06,產品推廣,0
C1370,R103,2025-02-23,產品推廣,0
C1370,R103,2025-02-17,收款,0
C1370,R103,2025-04-17,產品推廣,0
C1370,R103,2025-04-23,產品推廣,0
C1370,R103,2025-06-16,關係維護,0
C1370,R103,2025-06-09,客訴處理,0
C1370,R103,2025-07-05,關係維護,0
C1370,R103,2025-07-10,產品推廣,0
C1370,R103,2025-07-30,關係維護,0
C1370,R103,2025-08-26,產品推廣,0
C1370,R103,2025-08-25,產品推廣,0
C1370,R103,2025-09-22,產品推廣,0
C1370,R103,2025-10-20,關係維護,0
C1370,R103,2025-10-22,關係維護,0
C1370,R103,2025-10-20,關係維護,0
C1370,R103,2025-12-06,客訴處理,0
C1370,R103,2026-02-05,產品推廣,0
C1370,R103,2026-02-04,產品推廣,0
C1370,R103,2026-02-06,產品推廣,0
C1370,R103,2026-03-25,產品推廣,0
C1370,R103,2026-06-27,產品推廣,0
C1371,R113,2025-04-11,產品推廣,0
C1371,R113,2025-05-24,客訴處理,1
C1371,R113,2025-09-03,關係維護,0
C1371,R113,2025-08-23,關係維護,1
C1371,R113,2025-09-23,產品推廣,1
C1371,R113,2025-10-08,關係維護,0
C1371,R113,2025-12-21,產品推廣,1
C1371,R113,2026-01-22,關係維護,1
C1371,R113,2026-03-01,關係維護,0
C1371,R113,2026-02-19,客訴處理,1
C1371,R113,2026-06-27,產品推廣,0
C1371,R113,2026-06-16,關係維護,1
C1371,R113,2026-06-07,關係維護,1
C1372,R115,2025-03-31,關係維護,1
C1372,R115,2025-04-28,關係維護,1
C1372,R115,2025-05-02,收款,0
C1372,R115,2025-07-16,收款,1
C1372,R115,2025-07-09,關係維護,1
C1372,R115,2025-08-12,產品推廣,1
C1372,R115,2025-08-29,產品推廣,0
C1372,R115,2025-09-08,客訴處理,1
C1372,R115,2025-11-06,關係維護,1
C1372,R115,2025-12-21,產品推廣,1
C1372,R115,2025-12-17,客訴處理,0
C1372,R115,2026-01-14,產品推廣,1
C1372,R115,2026-03-05,客訴處理,1
C1373,R110,2025-05-31,產品推廣,1
C1373,R110,2025-05-19,關係維護,1
C1373,R110,2025-06-13,產品推廣,0
C1373,R110,2025-06-10,產品推廣,1
C1373,R110,2025-06-20,產品推廣,0
C1373,R110,2025-10-29,關係維護,0
C1373,R110,2026-01-24,客訴處理,1
C1373,R110,2026-03-04,關係維護,0
C1373,R110,2026-04-11,客訴處理,1
C1373,R110,2026-04-13,關係維護,0
C1373,R110,2026-07-16,關係維護,1
C1374,R111,2025-02-28,客訴處理,0
C1374,R111,2025-02-07,產品推廣,0
C1374,R111,2025-02-11,產品推廣,0
C1374,R111,2025-03-17,收款,0
C1374,R111,2025-05-02,關係維護,0
C1374,R111,2025-05-15,關係維護,0
C1374,R111,2025-06-09,客訴處理,0
C1374,R111,2025-07-04,產品推廣,0
C1374,R111,2025-06-12,關係維護,0
C1374,R111,2025-10-15,客訴處理,0
C1374,R111,2025-10-16,關係維護,0
C1374,R111,2025-10-07,產品推廣,0
C1374,R111,2025-10-09,產品推廣,0
C1374,R111,2025-10-15,關係維護,0
C1374,R111,2025-10-27,關係維護,0
C1374,R111,2025-11-12,產品推廣,0
C1374,R111,2025-12-01,產品推廣,0
C1374,R111,2025-12-28,客訴處理,0
C1374,R111,2025-12-07,產品推廣,0
C1374,R111,2026-01-27,收款,0
C1374,R111,2026-01-11,產品推廣,0
C1374,R111,2026-04-03,關係維護,0
C1374,R111,2026-04-25,客訴處理,0
C1374,R111,2026-04-14,客訴處理,0
C1374,R111,2026-04-21,產品推廣,0
C1374,R111,2026-05-01,產品推廣,0
C1374,R111,2026-05-23,收款,0
C1374,R111,2026-05-13,產品推廣,0
C1374,R111,2026-05-26,關係維護,0
C1374,R111,2026-05-09,收款,0
C1374,R111,2026-05-17,收款,0
C1374,R111,2026-06-21,產品推廣,0
C1374,R111,2026-06-09,關係維護,0
C1374,R111,2026-07-04,產品推廣,0
C1374,R111,2026-07-28,關係維護,0
C1375,R112,2025-02-21,產品推廣,0
C1375,R112,2025-03-31,產品推廣,0
C1375,R112,2025-04-12,產品推廣,0
C1375,R112,2025-05-03,收款,0
C1375,R112,2025-04-13,產品推廣,0
C1375,R112,2025-05-28,產品推廣,0
C1375,R112,2025-05-26,產品推廣,0
C1375,R112,2025-05-17,關係維護,0
C1375,R112,2025-06-03,產品推廣,0
C1375,R112,2025-06-19,產品推廣,0
C1375,R112,2025-06-07,關係維護,0
C1375,R112,2025-06-16,客訴處理,0
C1375,R112,2025-07-14,關係維護,0
C1375,R112,2025-08-13,產品推廣,0
C1375,R112,2025-08-29,客訴處理,0
C1375,R112,2025-09-12,收款,0
C1375,R112,2025-09-05,產品推廣,0
C1375,R112,2025-11-02,產品推廣,0
C1375,R112,2025-10-13,產品推廣,0
C1375,R112,2025-11-16,關係維護,0
C1375,R112,2025-11-20,關係維護,0
C1375,R112,2025-11-27,產品推廣,0
C1375,R112,2025-12-24,產品推廣,0
C1375,R112,2025-12-18,關係維護,0
C1375,R112,2026-01-06,產品推廣,0
C1375,R112,2026-01-12,產品推廣,0
C1375,R112,2026-01-17,關係維護,0
C1375,R112,2026-01-10,產品推廣,0
C1375,R112,2026-02-28,關係維護,0
C1375,R112,2026-02-10,產品推廣,0
C1375,R112,2026-02-16,客訴處理,0
C1375,R112,2026-02-21,產品推廣,0
C1375,R112,2026-03-24,產品推廣,0
C1375,R112,2026-03-26,關係維護,0
C1375,R112,2026-03-14,收款,0
C1375,R112,2026-04-08,產品推廣,0
C1375,R112,2026-04-17,關係維護,0
C1375,R112,2026-04-12,產品推廣,0
C1375,R112,2026-04-28,產品推廣,0
C1375,R112,2026-05-28,產品推廣,0
C1375,R112,2026-05-13,產品推廣,0
C1375,R112,2026-05-08,產品推廣,0
C1375,R112,2026-05-28,產品推廣,0
C1375,R112,2026-06-26,關係維護,0
C1375,R112,2026-06-15,關係維護,0
C1375,R112,2026-06-23,客訴處理,0
C1375,R112,2026-06-24,產品推廣,0
C1375,R112,2026-07-24,關係維護,0
C1375,R112,2026-07-14,產品推廣,0
C1375,R112,2026-07-27,產品推廣,0
C1375,R112,2026-07-05,收款,0
C1376,R117,2025-03-02,產品推廣,0
C1376,R117,2025-04-04,產品推廣,1
C1376,R117,2025-04-02,客訴處理,0
C1376,R117,2025-05-21,產品推廣,0
C1376,R117,2025-07-05,產品推廣,0
C1376,R117,2025-06-07,客訴處理,0
C1376,R117,2025-08-08,收款,0
C1376,R117,2025-10-15,客訴處理,1
C1376,R117,2025-11-27,關係維護,1
C1376,R117,2025-11-15,收款,1
C1376,R117,2025-11-12,關係維護,0
C1376,R117,2025-12-04,收款,1
C1376,R117,2026-01-13,產品推廣,0
C1376,R117,2026-05-16,產品推廣,1
C1376,R117,2026-07-21,產品推廣,1
C1377,R108,2025-02-21,產品推廣,0
C1377,R108,2025-02-26,產品推廣,0
C1377,R108,2025-03-16,收款,0
C1377,R108,2025-03-22,客訴處理,0
C1377,R108,2025-03-13,產品推廣,0
C1377,R108,2025-05-20,產品推廣,0
C1377,R108,2025-06-24,產品推廣,0
C1377,R108,2025-08-21,產品推廣,0
C1377,R108,2025-08-07,產品推廣,0
C1377,R108,2025-09-22,產品推廣,0
C1377,R108,2025-11-27,產品推廣,0
C1377,R108,2026-04-21,收款,0
C1377,R108,2026-04-07,產品推廣,0
C1378,R107,2025-02-10,產品推廣,0
C1378,R107,2025-02-07,產品推廣,0
C1378,R107,2025-02-27,關係維護,0
C1378,R107,2025-03-16,關係維護,0
C1378,R107,2025-03-12,產品推廣,0
C1378,R107,2025-03-19,關係維護,0
C1378,R107,2025-03-17,產品推廣,0
C1378,R107,2025-05-03,關係維護,0
C1378,R107,2025-05-02,產品推廣,0
C1378,R107,2025-04-24,關係維護,1
C1378,R107,2025-04-08,產品推廣,0
C1378,R107,2025-04-24,關係維護,1
C1378,R107,2025-06-03,關係維護,0
C1378,R107,2025-05-24,關係維護,0
C1378,R107,2025-05-09,產品推廣,0
C1378,R107,2025-05-29,產品推廣,0
C1378,R107,2025-05-21,客訴處理,0
C1378,R107,2025-05-10,產品推廣,1
C1378,R107,2025-05-13,產品推廣,0
C1378,R107,2025-06-24,產品推廣,1
C1378,R107,2025-07-13,收款,1
C1378,R107,2025-07-30,收款,0
C1378,R107,2025-07-30,客訴處理,0
C1378,R107,2025-07-21,產品推廣,1
C1378,R107,2025-08-17,關係維護,0
C1378,R107,2025-08-26,收款,1
C1378,R107,2025-08-18,關係維護,0
C1378,R107,2025-08-20,產品推廣,0
C1378,R107,2025-08-08,關係維護,0
C1378,R107,2025-09-02,產品推廣,0
C1378,R107,2025-09-13,產品推廣,1
C1378,R107,2025-09-09,產品推廣,0
C1378,R107,2025-09-09,產品推廣,0
C1378,R107,2025-09-09,產品推廣,0
C1378,R107,2025-10-07,產品推廣,0
C1378,R107,2025-10-13,收款,0
C1378,R107,2025-10-09,收款,1
C1378,R107,2025-11-16,產品推廣,1
C1378,R107,2025-11-20,關係維護,1
C1378,R107,2025-11-07,產品推廣,1
C1378,R107,2025-11-06,關係維護,0
C1378,R107,2025-12-17,產品推廣,1
C1378,R107,2026-01-04,產品推廣,1
C1378,R107,2026-01-07,產品推廣,1
C1378,R107,2026-02-24,產品推廣,1
C1378,R107,2026-02-23,產品推廣,0
C1378,R107,2026-02-21,關係維護,1
C1378,R107,2026-02-18,產品推廣,1
C1378,R107,2026-03-12,收款,0
C1378,R107,2026-03-12,產品推廣,0
C1378,R107,2026-03-10,收款,0
C1378,R107,2026-03-16,產品推廣,1
C1378,R107,2026-04-19,關係維護,1
C1378,R107,2026-04-27,收款,0
C1378,R107,2026-05-15,客訴處理,0
C1378,R107,2026-06-17,關係維護,0
C1378,R107,2026-06-28,產品推廣,0
C1378,R107,2026-06-18,產品推廣,0
C1379,R115,2025-03-23,產品推廣,0
C1379,R115,2025-03-17,產品推廣,0
C1379,R115,2025-04-03,產品推廣,0
C1379,R115,2025-03-31,關係維護,0
C1379,R115,2025-04-13,產品推廣,0
C1379,R115,2025-04-15,產品推廣,0
C1379,R115,2025-05-26,產品推廣,0
C1379,R115,2025-05-10,產品推廣,0
C1379,R115,2025-06-01,關係維護,0
C1379,R115,2025-06-24,產品推廣,0
C1379,R115,2025-07-17,產品推廣,0
C1379,R115,2025-07-31,關係維護,0
C1379,R115,2025-07-25,產品推廣,0
C1379,R115,2025-08-15,產品推廣,0
C1379,R115,2025-09-23,關係維護,0
C1379,R115,2025-09-20,產品推廣,0
C1379,R115,2025-09-19,產品推廣,0
C1379,R115,2025-10-25,收款,0
C1379,R115,2025-11-06,關係維護,0
C1379,R115,2025-11-11,產品推廣,0
C1379,R115,2026-01-01,客訴處理,0
C1379,R115,2025-12-22,產品推廣,0
C1379,R115,2026-01-28,客訴處理,0
C1379,R115,2026-01-24,產品推廣,0
C1379,R115,2026-02-27,關係維護,0
C1379,R115,2026-04-26,關係維護,0
C1379,R115,2026-05-01,收款,0
C1379,R115,2026-06-16,收款,0
C1379,R115,2026-06-20,關係維護,0
C1379,R115,2026-06-12,關係維護,0
C1379,R115,2026-07-15,客訴處理,0
C1380,R111,2025-02-13,產品推廣,0
C1380,R111,2025-02-19,產品推廣,0
C1380,R111,2025-02-21,關係維護,0
C1380,R111,2025-03-04,收款,0
C1380,R111,2025-02-19,收款,0
C1380,R111,2025-03-28,客訴處理,0
C1380,R111,2025-03-25,收款,0
C1380,R111,2025-04-01,關係維護,0
C1380,R111,2025-03-11,產品推廣,0
C1380,R111,2025-04-04,關係維護,0
C1380,R111,2025-04-22,關係維護,0
C1380,R111,2025-04-14,關係維護,0
C1380,R111,2025-04-25,收款,0
C1380,R111,2025-04-18,收款,0
C1380,R111,2025-05-18,產品推廣,0
C1380,R111,2025-05-21,關係維護,0
C1380,R111,2025-05-30,產品推廣,0
C1380,R111,2025-05-17,關係維護,0
C1380,R111,2025-06-17,產品推廣,0
C1380,R111,2025-07-04,收款,0
C1380,R111,2025-06-29,產品推廣,0
C1380,R111,2025-06-07,客訴處理,0
C1380,R111,2025-06-18,產品推廣,0
C1380,R111,2025-07-01,產品推廣,0
C1380,R111,2025-06-11,產品推廣,0
C1380,R111,2025-06-20,收款,0
C1380,R111,2025-07-05,產品推廣,0
C1380,R111,2025-06-12,產品推廣,0
C1380,R111,2025-06-19,收款,0
C1380,R111,2025-07-24,產品推廣,0
C1380,R111,2025-07-21,關係維護,0
C1380,R111,2025-08-02,產品推廣,0
C1380,R111,2025-07-09,產品推廣,0
C1380,R111,2025-08-14,產品推廣,0
C1380,R111,2025-09-24,關係維護,0
C1380,R111,2025-09-19,客訴處理,0
C1380,R111,2025-09-16,客訴處理,0
C1380,R111,2025-09-29,產品推廣,0
C1380,R111,2025-09-27,產品推廣,0
C1380,R111,2025-09-19,產品推廣,0
C1380,R111,2025-11-01,關係維護,0
C1380,R111,2025-10-21,產品推廣,0
C1380,R111,2025-11-27,關係維護,0
C1380,R111,2025-11-24,客訴處理,0
C1380,R111,2025-11-05,收款,0
C1380,R111,2025-11-14,關係維護,0
C1380,R111,2025-11-10,產品推廣,0
C1380,R111,2025-11-21,產品推廣,0
C1380,R111,2025-12-08,產品推廣,0
C1380,R111,2025-12-22,收款,0
C1380,R111,2026-01-11,關係維護,0
C1380,R111,2026-01-10,客訴處理,0
C1380,R111,2026-02-20,產品推廣,0
C1380,R111,2026-02-28,產品推廣,0
C1380,R111,2026-03-12,產品推廣,0
C1380,R111,2026-03-21,關係維護,0
C1380,R111,2026-03-31,客訴處理,0
C1380,R111,2026-03-13,產品推廣,0
C1380,R111,2026-04-18,關係維護,0
C1380,R111,2026-04-27,收款,0
C1380,R111,2026-04-30,關係維護,0
C1380,R111,2026-04-16,產品推廣,0
C1380,R111,2026-04-16,產品推廣,0
C1380,R111,2026-05-18,收款,0
C1380,R111,2026-05-18,產品推廣,0
C1380,R111,2026-06-30,關係維護,0
C1380,R111,2026-06-19,收款,0
C1380,R111,2026-06-06,產品推廣,0
C1380,R111,2026-06-05,產品推廣,0
C1380,R111,2026-06-16,客訴處理,0
C1380,R111,2026-06-14,關係維護,0
C1380,R111,2026-07-13,客訴處理,0
C1380,R111,2026-07-18,產品推廣,0
C1381,R111,2025-05-02,客訴處理,0
C1381,R111,2025-05-18,產品推廣,0
C1381,R111,2025-05-14,產品推廣,0
C1381,R111,2025-07-03,客訴處理,0
C1381,R111,2025-06-26,關係維護,0
C1381,R111,2025-10-21,產品推廣,0
C1381,R111,2025-11-28,產品推廣,0
C1381,R111,2026-01-03,收款,0
C1381,R111,2026-03-23,關係維護,0
C1381,R111,2026-03-12,產品推廣,0
C1381,R111,2026-04-15,產品推廣,0
C1381,R111,2026-06-04,客訴處理,0
C1381,R111,2026-07-16,產品推廣,0
C1381,R111,2026-07-24,產品推廣,0
C1382,R105,2025-03-16,客訴處理,0
C1382,R105,2025-06-04,收款,0
C1382,R105,2025-06-15,產品推廣,0
C1382,R105,2025-09-17,關係維護,0
C1382,R105,2025-10-23,產品推廣,0
C1382,R105,2025-12-13,收款,0
C1382,R105,2026-04-14,產品推廣,0
C1382,R105,2026-06-07,產品推廣,0
C1383,R107,2025-03-05,產品推廣,0
C1383,R107,2025-05-15,產品推廣,0
C1383,R107,2025-06-02,關係維護,0
C1383,R107,2025-06-26,收款,0
C1383,R107,2025-08-11,產品推廣,0
C1383,R107,2025-08-09,關係維護,0
C1383,R107,2025-08-16,產品推廣,0
C1383,R107,2025-08-12,客訴處理,0
C1383,R107,2025-09-10,收款,0
C1383,R107,2025-09-06,產品推廣,0
C1383,R107,2025-09-07,產品推廣,0
C1383,R107,2025-09-14,產品推廣,0
C1383,R107,2025-10-30,產品推廣,0
C1383,R107,2025-11-30,關係維護,0
C1383,R107,2025-11-21,產品推廣,0
C1383,R107,2025-11-12,產品推廣,0
C1383,R107,2025-12-27,產品推廣,0
C1383,R107,2025-12-31,關係維護,0
C1383,R107,2026-01-26,收款,0
C1383,R107,2026-02-24,產品推廣,0
C1383,R107,2026-02-25,關係維護,0
C1383,R107,2026-03-23,產品推廣,0
C1383,R107,2026-03-26,產品推廣,0
C1383,R107,2026-03-09,產品推廣,0
C1383,R107,2026-04-06,產品推廣,0
C1383,R107,2026-04-10,收款,0
C1383,R107,2026-04-24,產品推廣,0
C1383,R107,2026-04-29,關係維護,0
C1383,R107,2026-06-03,關係維護,0
C1383,R107,2026-07-13,產品推廣,0
C1384,R111,2025-03-03,關係維護,0
C1384,R111,2025-04-10,產品推廣,0
C1384,R111,2025-04-08,收款,0
C1384,R111,2025-06-04,產品推廣,0
C1384,R111,2025-07-26,產品推廣,0
C1384,R111,2025-10-20,產品推廣,0
C1384,R111,2025-11-20,關係維護,0
C1384,R111,2025-12-20,產品推廣,0
C1384,R111,2026-01-09,產品推廣,0
C1384,R111,2026-01-05,產品推廣,0
C1384,R111,2026-01-04,關係維護,0
C1384,R111,2026-01-26,收款,0
C1384,R111,2026-04-15,產品推廣,0
C1384,R111,2026-06-14,產品推廣,0
C1384,R111,2026-07-21,產品推廣,0
C1385,R113,2025-02-20,產品推廣,0
C1385,R113,2025-02-20,產品推廣,0
C1385,R113,2025-03-05,產品推廣,0
C1385,R113,2025-03-07,產品推廣,0
C1385,R113,2025-03-16,產品推廣,0
C1385,R113,2025-03-30,收款,0
C1385,R113,2025-04-14,關係維護,0
C1385,R113,2025-05-01,關係維護,0
C1385,R113,2025-04-11,產品推廣,0
C1385,R113,2025-05-15,產品推廣,0
C1385,R113,2025-05-27,產品推廣,0
C1385,R113,2025-05-28,收款,0
C1385,R113,2025-05-15,產品推廣,0
C1385,R113,2025-07-04,關係維護,0
C1385,R113,2025-07-21,產品推廣,0
C1385,R113,2025-07-08,客訴處理,0
C1385,R113,2025-08-14,關係維護,0
C1385,R113,2025-08-14,關係維護,0
C1385,R113,2025-09-17,產品推廣,0
C1385,R113,2025-09-07,關係維護,0
C1385,R113,2025-10-23,產品推廣,0
C1385,R113,2025-10-10,關係維護,0
C1385,R113,2025-11-22,產品推廣,0
C1385,R113,2025-11-13,產品推廣,0
C1385,R113,2025-12-18,產品推廣,0
C1385,R113,2025-12-05,產品推廣,0
C1385,R113,2026-01-01,客訴處理,0
C1385,R113,2026-01-15,產品推廣,0
C1385,R113,2026-01-27,關係維護,0
C1385,R113,2026-01-31,產品推廣,0
C1385,R113,2026-03-05,收款,0
C1385,R113,2026-03-10,產品推廣,0
C1385,R113,2026-03-30,關係維護,0
C1385,R113,2026-03-19,產品推廣,0
C1385,R113,2026-04-15,產品推廣,0
C1385,R113,2026-04-11,產品推廣,0
C1385,R113,2026-05-28,收款,0
C1385,R113,2026-06-23,收款,0
C1386,R108,2025-03-06,關係維護,0
C1386,R108,2025-03-17,關係維護,1
C1386,R108,2025-03-20,收款,0
C1386,R108,2025-03-12,產品推廣,1
C1386,R108,2025-03-15,產品推廣,0
C1386,R108,2025-04-27,產品推廣,1
C1386,R108,2025-04-12,產品推廣,1
C1386,R108,2025-05-04,產品推廣,1
C1386,R108,2025-05-04,收款,0
C1386,R108,2025-06-01,產品推廣,1
C1386,R108,2025-07-26,產品推廣,0
C1386,R108,2025-07-08,產品推廣,0
C1386,R108,2025-08-06,產品推廣,0
C1386,R108,2025-08-11,關係維護,0
C1386,R108,2025-08-29,產品推廣,0
C1386,R108,2025-08-31,關係維護,0
C1386,R108,2025-08-14,客訴處理,0
C1386,R108,2025-08-15,收款,0
C1386,R108,2025-09-22,收款,0
C1386,R108,2025-10-01,產品推廣,0
C1386,R108,2025-09-17,收款,0
C1386,R108,2025-10-02,客訴處理,0
C1386,R108,2025-09-06,關係維護,0
C1386,R108,2025-09-06,產品推廣,0
C1386,R108,2025-10-19,客訴處理,0
C1386,R108,2025-11-01,收款,0
C1386,R108,2025-10-31,收款,1
C1386,R108,2025-10-21,產品推廣,1
C1386,R108,2025-11-25,產品推廣,0
C1386,R108,2025-12-14,產品推廣,0
C1386,R108,2025-12-04,產品推廣,1
C1386,R108,2025-12-29,收款,1
C1386,R108,2025-12-24,產品推廣,0
C1386,R108,2026-01-03,產品推廣,1
C1386,R108,2026-01-22,關係維護,0
C1386,R108,2026-02-25,產品推廣,1
C1386,R108,2026-02-13,關係維護,1
C1386,R108,2026-02-26,產品推廣,1
C1386,R108,2026-02-16,關係維護,1
C1386,R108,2026-02-27,產品推廣,0
C1386,R108,2026-02-26,收款,0
C1386,R108,2026-02-03,產品推廣,0
C1386,R108,2026-03-07,產品推廣,0
C1386,R108,2026-03-28,客訴處理,1
C1386,R108,2026-03-27,收款,0
C1386,R108,2026-03-17,收款,0
C1386,R108,2026-04-28,產品推廣,0
C1386,R108,2026-04-22,產品推廣,1
C1386,R108,2026-04-11,產品推廣,1
C1386,R108,2026-05-09,產品推廣,0
C1386,R108,2026-05-18,收款,0
C1386,R108,2026-05-16,客訴處理,1
C1386,R108,2026-06-20,關係維護,1
C1386,R108,2026-06-19,關係維護,0
C1386,R108,2026-06-26,產品推廣,1
C1386,R108,2026-07-02,關係維護,1
C1386,R108,2026-07-29,產品推廣,0
C1386,R108,2026-07-22,產品推廣,1
C1386,R108,2026-07-08,關係維護,1
C1387,R106,2025-02-08,收款,0
C1387,R106,2025-04-02,關係維護,1
C1387,R106,2025-03-11,產品推廣,1
C1387,R106,2025-04-08,產品推廣,1
C1387,R106,2025-04-12,關係維護,1
C1387,R106,2025-04-16,關係維護,0
C1387,R106,2025-05-12,關係維護,0
C1387,R106,2025-06-25,關係維護,0
C1387,R106,2025-06-13,產品推廣,1
C1387,R106,2025-06-18,關係維護,1
C1387,R106,2025-07-10,關係維護,1
C1387,R106,2025-08-03,關係維護,1
C1387,R106,2025-08-26,收款,0
C1387,R106,2025-08-21,產品推廣,0
C1387,R106,2025-09-01,關係維護,1
C1387,R106,2025-08-18,收款,0
C1387,R106,2025-08-18,收款,1
C1387,R106,2025-09-28,產品推廣,0
C1387,R106,2025-10-02,關係維護,0
C1387,R106,2025-09-08,關係維護,1
C1387,R106,2025-09-13,客訴處理,0
C1387,R106,2025-10-03,產品推廣,0
C1387,R106,2025-10-31,產品推廣,0
C1387,R106,2025-11-29,產品推廣,1
C1387,R106,2025-11-16,收款,1
C1387,R106,2026-01-22,產品推廣,0
C1387,R106,2026-01-20,產品推廣,0
C1387,R106,2026-01-10,收款,1
C1387,R106,2026-03-02,關係維護,1
C1387,R106,2026-02-16,產品推廣,0
C1387,R106,2026-03-31,客訴處理,0
C1387,R106,2026-03-15,客訴處理,0
C1387,R106,2026-04-12,收款,0
C1387,R106,2026-05-14,產品推廣,0
C1387,R106,2026-07-02,收款,0
C1388,R108,2025-02-08,關係維護,0
C1388,R108,2025-02-24,收款,0
C1388,R108,2025-02-17,關係維護,0
C1388,R108,2025-03-28,產品推廣,1
C1388,R108,2025-03-12,客訴處理,0
C1388,R108,2025-05-06,產品推廣,0
C1388,R108,2025-06-02,關係維護,0
C1388,R108,2025-06-10,關係維護,0
C1388,R108,2025-06-14,產品推廣,0
C1388,R108,2025-06-14,關係維護,0
C1388,R108,2025-06-19,收款,0
C1388,R108,2025-09-01,產品推廣,0
C1388,R108,2025-09-23,產品推廣,1
C1388,R108,2025-10-30,產品推廣,1
C1388,R108,2025-10-07,收款,0
C1388,R108,2025-11-20,關係維護,0
C1388,R108,2025-11-24,產品推廣,0
C1388,R108,2025-11-27,產品推廣,0
C1388,R108,2025-12-13,產品推廣,0
C1388,R108,2025-12-15,關係維護,0
C1388,R108,2026-01-05,產品推廣,1
C1388,R108,2026-01-07,關係維護,1
C1388,R108,2026-02-15,關係維護,1
C1388,R108,2026-03-14,產品推廣,0
C1388,R108,2026-04-05,客訴處理,0
C1388,R108,2026-05-31,產品推廣,0
C1388,R108,2026-06-09,產品推廣,1
C1388,R108,2026-07-05,產品推廣,0
C1388,R108,2026-07-09,關係維護,0
C1389,R105,2025-02-08,收款,0
C1389,R105,2025-03-07,產品推廣,1
C1389,R105,2025-02-23,收款,1
C1389,R105,2025-03-11,產品推廣,1
C1389,R105,2025-04-22,收款,0
C1389,R105,2025-05-30,產品推廣,0
C1389,R105,2025-05-25,產品推廣,0
C1389,R105,2025-07-04,產品推廣,0
C1389,R105,2025-06-26,產品推廣,1
C1389,R105,2025-06-28,產品推廣,1
C1389,R105,2025-08-01,客訴處理,0
C1389,R105,2025-08-12,產品推廣,0
C1389,R105,2025-09-14,產品推廣,1
C1389,R105,2025-09-27,產品推廣,1
C1389,R105,2025-09-16,產品推廣,0
C1389,R105,2025-10-31,收款,1
C1389,R105,2025-10-11,產品推廣,0
C1389,R105,2025-10-29,產品推廣,0
C1389,R105,2025-10-10,關係維護,0
C1389,R105,2025-10-09,產品推廣,1
C1389,R105,2025-12-12,產品推廣,1
C1389,R105,2025-12-15,產品推廣,0
C1389,R105,2025-12-28,產品推廣,0
C1389,R105,2026-01-08,收款,1
C1389,R105,2026-01-24,關係維護,0
C1389,R105,2026-02-17,關係維護,1
C1389,R105,2026-02-13,關係維護,1
C1389,R105,2026-02-28,關係維護,0
C1389,R105,2026-02-06,客訴處理,0
C1389,R105,2026-03-06,產品推廣,1
C1389,R105,2026-04-22,關係維護,0
C1389,R105,2026-04-10,關係維護,1
C1389,R105,2026-05-19,客訴處理,1
C1389,R105,2026-06-23,產品推廣,0
C1389,R105,2026-07-03,產品推廣,1
C1389,R105,2026-07-23,收款,1
C1390,R101,2025-02-10,收款,0
C1390,R101,2025-02-13,關係維護,0
C1390,R101,2025-03-20,收款,0
C1390,R101,2025-03-14,關係維護,0
C1390,R101,2025-04-04,客訴處理,0
C1390,R101,2025-04-01,產品推廣,0
C1390,R101,2025-03-25,關係維護,0
C1390,R101,2025-04-25,產品推廣,0
C1390,R101,2025-04-20,產品推廣,0
C1390,R101,2025-05-25,客訴處理,0
C1390,R101,2025-06-04,收款,0
C1390,R101,2025-05-20,產品推廣,0
C1390,R101,2025-07-05,產品推廣,0
C1390,R101,2025-06-12,客訴處理,0
C1390,R101,2025-08-01,關係維護,0
C1390,R101,2025-07-19,關係維護,0
C1390,R101,2025-10-10,產品推廣,0
C1390,R101,2025-10-10,關係維護,0
C1390,R101,2025-10-19,產品推廣,0
C1390,R101,2025-10-19,關係維護,0
C1390,R101,2025-10-17,產品推廣,0
C1390,R101,2025-11-14,客訴處理,0
C1390,R101,2025-11-24,關係維護,0
C1390,R101,2025-12-12,產品推廣,0
C1390,R101,2026-01-01,產品推廣,0
C1390,R101,2026-02-12,收款,0
C1390,R101,2026-02-24,產品推廣,0
C1390,R101,2026-03-22,產品推廣,0
C1390,R101,2026-03-20,產品推廣,0
C1390,R101,2026-03-12,產品推廣,0
C1390,R101,2026-04-29,產品推廣,0
C1390,R101,2026-06-09,關係維護,0
C1390,R101,2026-06-25,產品推廣,0
C1390,R101,2026-07-15,關係維護,0
C1390,R101,2026-07-19,關係維護,0
C1390,R101,2026-07-22,關係維護,0
C1391,R108,2025-04-17,收款,0
C1391,R108,2025-08-14,產品推廣,0
C1391,R108,2025-08-10,產品推廣,0
C1391,R108,2025-10-30,產品推廣,0
C1391,R108,2025-11-13,產品推廣,0
C1391,R108,2026-01-01,產品推廣,0
C1391,R108,2026-02-18,收款,0
C1391,R108,2026-02-09,客訴處理,0
C1391,R108,2026-02-23,客訴處理,0
C1391,R108,2026-04-20,產品推廣,0
C1391,R108,2026-04-08,關係維護,0
C1391,R108,2026-05-04,關係維護,0
C1391,R108,2026-07-10,產品推廣,0
C1392,R111,2025-04-04,產品推廣,0
C1392,R111,2025-04-12,收款,0
C1392,R111,2025-05-13,收款,0
C1392,R111,2025-05-20,關係維護,0
C1392,R111,2025-07-10,產品推廣,0
C1392,R111,2025-07-30,收款,0
C1392,R111,2025-08-31,產品推廣,0
C1392,R111,2025-08-25,產品推廣,0
C1392,R111,2025-08-23,收款,0
C1392,R111,2025-08-20,客訴處理,0
C1392,R111,2025-08-14,關係維護,0
C1392,R111,2025-09-27,產品推廣,0
C1392,R111,2025-09-12,產品推廣,0
C1392,R111,2025-10-25,產品推廣,0
C1392,R111,2025-11-17,產品推廣,0
C1392,R111,2025-12-01,關係維護,0
C1392,R111,2025-11-15,產品推廣,0
C1392,R111,2025-11-15,產品推廣,0
C1392,R111,2025-11-27,關係維護,0
C1392,R111,2025-12-19,關係維護,0
C1392,R111,2026-01-01,產品推廣,0
C1392,R111,2026-01-17,產品推廣,0
C1392,R111,2026-01-06,產品推廣,0
C1392,R111,2026-03-11,產品推廣,0
C1392,R111,2026-05-24,產品推廣,0
C1392,R111,2026-05-12,產品推廣,0
C1392,R111,2026-05-09,關係維護,0
C1392,R111,2026-06-21,產品推廣,0
C1392,R111,2026-07-28,產品推廣,0
C1393,R110,2025-03-20,關係維護,0
C1393,R110,2025-05-17,產品推廣,0
C1393,R110,2025-06-02,關係維護,0
C1393,R110,2025-09-11,產品推廣,0
C1393,R110,2025-09-17,關係維護,0
C1393,R110,2025-10-10,產品推廣,0
C1393,R110,2025-11-23,收款,0
C1393,R110,2025-12-16,產品推廣,0
C1393,R110,2025-12-21,產品推廣,0
C1393,R110,2026-01-21,客訴處理,0
C1393,R110,2026-01-16,收款,0
C1393,R110,2026-01-08,客訴處理,0
C1393,R110,2026-04-24,關係維護,0
C1393,R110,2026-05-12,產品推廣,0
C1393,R110,2026-06-09,產品推廣,0
C1394,R112,2025-02-25,產品推廣,0
C1394,R112,2025-03-22,產品推廣,0
C1394,R112,2025-03-20,產品推廣,0
C1394,R112,2025-03-17,產品推廣,0
C1394,R112,2025-04-11,產品推廣,0
C1394,R112,2025-05-01,產品推廣,0
C1394,R112,2025-04-15,客訴處理,0
C1394,R112,2025-06-05,客訴處理,0
C1394,R112,2025-06-10,產品推廣,0
C1394,R112,2025-06-10,關係維護,0
C1394,R112,2025-06-28,客訴處理,0
C1394,R112,2025-07-20,產品推廣,0
C1394,R112,2025-08-24,關係維護,0
C1394,R112,2025-08-14,客訴處理,0
C1394,R112,2025-09-08,收款,0
C1394,R112,2025-09-29,收款,0
C1394,R112,2025-09-12,收款,0
C1394,R112,2025-09-12,關係維護,0
C1394,R112,2025-10-07,產品推廣,0
C1394,R112,2025-10-17,產品推廣,0
C1394,R112,2025-10-06,產品推廣,0
C1394,R112,2025-10-29,產品推廣,0
C1394,R112,2025-10-31,產品推廣,0
C1394,R112,2025-10-18,收款,0
C1394,R112,2025-10-07,關係維護,0
C1394,R112,2025-11-19,產品推廣,0
C1394,R112,2025-12-08,客訴處理,0
C1394,R112,2025-12-21,產品推廣,0
C1394,R112,2025-12-15,產品推廣,0
C1394,R112,2025-12-29,產品推廣,0
C1394,R112,2025-12-06,產品推廣,0
C1394,R112,2026-01-03,產品推廣,0
C1394,R112,2026-01-19,產品推廣,0
C1394,R112,2026-01-23,關係維護,0
C1394,R112,2026-01-30,收款,0
C1394,R112,2026-01-19,產品推廣,0
C1394,R112,2026-02-20,客訴處理,0
C1394,R112,2026-03-04,收款,0
C1394,R112,2026-03-07,產品推廣,0
C1394,R112,2026-03-20,產品推廣,0
C1394,R112,2026-03-28,產品推廣,0
C1394,R112,2026-03-13,關係維護,0
C1394,R112,2026-03-07,關係維護,0
C1394,R112,2026-04-06,產品推廣,0
C1394,R112,2026-04-06,關係維護,0
C1394,R112,2026-04-24,產品推廣,0
C1394,R112,2026-05-12,產品推廣,0
C1394,R112,2026-05-31,關係維護,0
C1394,R112,2026-05-07,關係維護,0
C1394,R112,2026-05-24,客訴處理,0
C1394,R112,2026-06-17,關係維護,0
C1394,R112,2026-06-26,關係維護,0
C1394,R112,2026-06-11,關係維護,0
C1394,R112,2026-06-17,關係維護,0
C1394,R112,2026-06-23,關係維護,0
C1394,R112,2026-07-26,產品推廣,0
C1394,R112,2026-07-22,關係維護,0
C1395,R107,2025-02-21,收款,0
C1395,R107,2025-03-28,關係維護,0
C1395,R107,2025-05-02,關係維護,0
C1395,R107,2025-05-03,產品推廣,0
C1395,R107,2025-04-26,關係維護,0
C1395,R107,2025-04-30,關係維護,0
C1395,R107,2025-05-20,產品推廣,0
C1395,R107,2025-05-30,客訴處理,0
C1395,R107,2025-05-13,產品推廣,0
C1395,R107,2025-06-20,客訴處理,0
C1395,R107,2025-07-03,產品推廣,0
C1395,R107,2025-07-05,產品推廣,0
C1395,R107,2025-07-15,關係維護,0
C1395,R107,2025-08-10,產品推廣,0
C1395,R107,2025-08-23,收款,0
C1395,R107,2025-09-26,產品推廣,0
C1395,R107,2025-09-07,產品推廣,0
C1395,R107,2025-10-02,收款,0
C1395,R107,2025-10-06,產品推廣,0
C1395,R107,2025-12-09,產品推廣,0
C1395,R107,2026-01-18,產品推廣,0
C1395,R107,2026-01-11,關係維護,0
C1395,R107,2026-02-05,客訴處理,0
C1395,R107,2026-03-29,產品推廣,0
C1395,R107,2026-03-04,客訴處理,0
C1395,R107,2026-03-06,關係維護,0
C1395,R107,2026-04-18,關係維護,0
C1395,R107,2026-05-01,關係維護,0
C1395,R107,2026-04-27,產品推廣,0
C1395,R107,2026-06-10,產品推廣,0
C1395,R107,2026-07-15,產品推廣,0
C1396,R100,2025-02-18,產品推廣,0
C1396,R100,2025-02-14,產品推廣,0
C1396,R100,2025-02-10,關係維護,0
C1396,R100,2025-03-25,收款,0
C1396,R100,2025-04-06,產品推廣,0
C1396,R100,2025-05-06,關係維護,0
C1396,R100,2025-05-13,收款,0
C1396,R100,2025-06-17,產品推廣,0
C1396,R100,2025-06-23,客訴處理,0
C1396,R100,2025-06-26,產品推廣,0
C1396,R100,2025-07-07,產品推廣,0
C1396,R100,2025-08-17,客訴處理,0
C1396,R100,2025-08-22,關係維護,0
C1396,R100,2025-09-21,關係維護,0
C1396,R100,2025-09-16,產品推廣,0
C1396,R100,2025-09-28,產品推廣,0
C1396,R100,2025-10-10,產品推廣,0
C1396,R100,2025-10-08,產品推廣,0
C1396,R100,2025-10-10,產品推廣,0
C1396,R100,2025-10-15,產品推廣,0
C1396,R100,2025-11-05,產品推廣,0
C1396,R100,2025-11-22,關係維護,0
C1396,R100,2025-12-29,收款,0
C1396,R100,2026-01-14,關係維護,0
C1396,R100,2026-01-05,關係維護,0
C1396,R100,2026-01-15,產品推廣,0
C1396,R100,2026-01-16,客訴處理,0
C1396,R100,2026-01-31,客訴處理,0
C1396,R100,2026-02-17,產品推廣,0
C1396,R100,2026-05-01,收款,0
C1396,R100,2026-04-18,產品推廣,0
C1396,R100,2026-05-01,產品推廣,0
C1396,R100,2026-04-25,產品推廣,0
C1396,R100,2026-04-19,產品推廣,0
C1396,R100,2026-05-21,關係維護,0
C1396,R100,2026-05-23,客訴處理,0
C1396,R100,2026-05-29,收款,0
C1396,R100,2026-06-22,關係維護,0
C1396,R100,2026-07-28,收款,0
C1396,R100,2026-07-05,關係維護,0
C1397,R105,2025-03-05,收款,0
C1397,R105,2025-04-28,關係維護,0
C1397,R105,2025-08-11,關係維護,0
C1397,R105,2025-08-26,產品推廣,0
C1397,R105,2025-09-28,產品推廣,0
C1397,R105,2025-10-07,關係維護,0
C1397,R105,2025-10-05,關係維護,0
C1397,R105,2026-01-09,產品推廣,0
C1397,R105,2026-02-18,關係維護,0
C1397,R105,2026-03-28,關係維護,0
C1397,R105,2026-04-16,收款,0
C1397,R105,2026-05-27,產品推廣,0
C1397,R105,2026-05-30,收款,0
C1397,R105,2026-06-08,產品推廣,0
C1398,R110,2025-03-05,產品推廣,0
C1398,R110,2025-03-04,產品推廣,0
C1398,R110,2025-02-24,產品推廣,0
C1398,R110,2025-03-13,產品推廣,0
C1398,R110,2025-04-03,收款,0
C1398,R110,2025-04-30,產品推廣,0
C1398,R110,2025-04-13,產品推廣,0
C1398,R110,2025-04-18,產品推廣,0
C1398,R110,2025-04-20,產品推廣,0
C1398,R110,2025-05-15,產品推廣,0
C1398,R110,2025-05-12,產品推廣,0
C1398,R110,2025-05-27,收款,0
C1398,R110,2025-05-21,收款,0
C1398,R110,2025-05-18,關係維護,0
C1398,R110,2025-06-18,產品推廣,0
C1398,R110,2025-06-28,產品推廣,0
C1398,R110,2025-06-20,產品推廣,0
C1398,R110,2025-07-30,產品推廣,0
C1398,R110,2025-07-18,客訴處理,0
C1398,R110,2025-07-07,客訴處理,0
C1398,R110,2025-08-06,產品推廣,0
C1398,R110,2025-09-03,產品推廣,0
C1398,R110,2025-09-01,產品推廣,0
C1398,R110,2025-09-12,收款,0
C1398,R110,2025-09-19,客訴處理,0
C1398,R110,2025-10-17,關係維護,0
C1398,R110,2025-10-10,關係維護,0
C1398,R110,2025-10-13,客訴處理,0
C1398,R110,2025-10-18,關係維護,0
C1398,R110,2025-11-07,收款,0
C1398,R110,2025-11-29,產品推廣,0
C1398,R110,2025-11-10,產品推廣,0
C1398,R110,2025-11-28,客訴處理,0
C1398,R110,2025-12-08,產品推廣,0
C1398,R110,2025-12-23,產品推廣,0
C1398,R110,2025-12-17,產品推廣,0
C1398,R110,2025-12-21,產品推廣,0
C1398,R110,2025-12-09,產品推廣,0
C1398,R110,2025-12-07,關係維護,0
C1398,R110,2026-01-26,產品推廣,0
C1398,R110,2026-01-14,關係維護,0
C1398,R110,2026-01-17,客訴處理,0
C1398,R110,2026-01-29,產品推廣,0
C1398,R110,2026-01-26,客訴處理,0
C1398,R110,2026-02-07,產品推廣,0
C1398,R110,2026-03-01,產品推廣,0
C1398,R110,2026-02-05,產品推廣,0
C1398,R110,2026-03-19,收款,0
C1398,R110,2026-03-05,收款,0
C1398,R110,2026-03-24,產品推廣,0
C1398,R110,2026-03-15,產品推廣,0
C1398,R110,2026-03-16,產品推廣,0
C1398,R110,2026-03-09,產品推廣,0
C1398,R110,2026-04-08,產品推廣,0
C1398,R110,2026-04-05,收款,0
C1398,R110,2026-04-25,產品推廣,0
C1398,R110,2026-04-10,產品推廣,0
C1398,R110,2026-05-31,產品推廣,0
C1398,R110,2026-05-17,關係維護,0
C1398,R110,2026-05-14,關係維護,0
C1398,R110,2026-05-04,產品推廣,0
C1398,R110,2026-05-13,產品推廣,0
C1398,R110,2026-06-13,客訴處理,0
C1398,R110,2026-06-22,客訴處理,0
C1398,R110,2026-07-04,產品推廣,0
C1399,R103,2025-02-08,關係維護,0
C1399,R103,2025-04-22,產品推廣,0
C1399,R103,2025-04-30,關係維護,0
C1399,R103,2025-07-04,關係維護,0
C1399,R103,2025-07-18,關係維護,0
C1399,R103,2025-09-02,產品推廣,0
C1399,R103,2025-09-17,關係維護,0
C1399,R103,2025-09-17,關係維護,0
C1399,R103,2025-10-06,收款,0
C1399,R103,2025-10-11,關係維護,0
C1399,R103,2026-01-27,產品推廣,0
C1399,R103,2026-03-08,產品推廣,0
C1399,R103,2026-04-09,產品推廣,0
C1400,R111,2025-02-28,關係維護,0
C1400,R111,2025-02-28,關係維護,0
C1400,R111,2025-04-08,關係維護,0
C1400,R111,2025-05-16,產品推廣,0
C1400,R111,2025-10-01,產品推廣,0
C1400,R111,2025-12-08,收款,0
C1400,R111,2026-05-21,客訴處理,0
C1400,R111,2026-06-12,客訴處理,0
C1401,R107,2025-02-22,收款,0
C1401,R107,2025-02-22,產品推廣,0
C1401,R107,2025-03-01,產品推廣,0
C1401,R107,2025-02-21,客訴處理,0
C1401,R107,2025-03-20,產品推廣,0
C1401,R107,2025-04-21,客訴處理,0
C1401,R107,2025-05-04,關係維護,0
C1401,R107,2025-05-03,關係維護,0
C1401,R107,2025-05-09,產品推廣,0
C1401,R107,2025-05-27,關係維護,0
C1401,R107,2025-05-23,關係維護,0
C1401,R107,2025-06-12,產品推廣,0
C1401,R107,2025-07-23,產品推廣,0
C1401,R107,2025-07-17,產品推廣,0
C1401,R107,2025-08-10,關係維護,0
C1401,R107,2025-10-02,客訴處理,0
C1401,R107,2025-11-04,產品推廣,0
C1401,R107,2025-11-18,客訴處理,0
C1401,R107,2025-12-06,關係維護,0
C1401,R107,2025-12-22,客訴處理,0
C1401,R107,2026-02-25,收款,0
C1401,R107,2026-03-09,產品推廣,0
C1401,R107,2026-03-08,產品推廣,0
C1401,R107,2026-03-29,產品推廣,0
C1401,R107,2026-05-26,收款,0
C1401,R107,2026-05-07,產品推廣,0
C1401,R107,2026-06-09,產品推廣,0
C1401,R107,2026-06-17,關係維護,0
C1401,R107,2026-06-21,收款,0
C1401,R107,2026-07-25,產品推廣,0
C1402,R108,2025-05-17,關係維護,1
C1402,R108,2025-07-01,產品推廣,0
C1402,R108,2025-08-19,產品推廣,1
C1402,R108,2025-12-07,關係維護,1
C1402,R108,2026-02-27,收款,1
C1402,R108,2026-02-14,產品推廣,0
C1402,R108,2026-03-05,產品推廣,0
C1402,R108,2026-03-23,產品推廣,0
C1403,R107,2025-02-10,收款,0
C1403,R107,2025-04-22,產品推廣,0
C1403,R107,2025-08-26,產品推廣,0
C1403,R107,2025-09-07,關係維護,0
C1403,R107,2025-10-16,產品推廣,0
C1403,R107,2025-10-26,產品推廣,0
C1403,R107,2025-12-02,關係維護,0
C1403,R107,2026-01-03,關係維護,0
C1403,R107,2026-01-10,產品推廣,0
C1403,R107,2026-03-01,收款,0
C1403,R107,2026-02-17,產品推廣,0
C1403,R107,2026-05-22,產品推廣,0
C1403,R107,2026-05-11,關係維護,0
C1403,R107,2026-06-22,產品推廣,0
C1403,R107,2026-07-12,關係維護,0
C1404,R115,2025-04-09,產品推廣,0
C1404,R115,2025-04-09,產品推廣,0
C1404,R115,2025-05-16,產品推廣,0
C1404,R115,2025-08-22,客訴處理,0
C1404,R115,2025-08-06,產品推廣,0
C1404,R115,2025-10-05,產品推廣,0
C1404,R115,2025-11-19,關係維護,0
C1404,R115,2026-02-26,關係維護,0
C1404,R115,2026-04-22,產品推廣,0
C1404,R115,2026-04-11,產品推廣,0
C1404,R115,2026-05-04,產品推廣,0
C1404,R115,2026-06-12,關係維護,0
C1404,R115,2026-06-30,產品推廣,0
C1405,R104,2025-05-20,收款,1
C1405,R104,2025-07-02,產品推廣,0
C1405,R104,2025-06-20,產品推廣,1
C1405,R104,2025-08-06,產品推廣,1
C1405,R104,2025-09-18,產品推廣,0
C1405,R104,2025-11-02,產品推廣,1
C1405,R104,2025-12-13,產品推廣,0
C1405,R104,2026-02-19,產品推廣,1
C1405,R104,2026-03-17,產品推廣,1
C1405,R104,2026-03-04,產品推廣,0
C1406,R117,2025-03-25,產品推廣,0
C1406,R117,2025-10-03,客訴處理,0
C1406,R117,2026-02-18,關係維護,0
C1406,R117,2026-02-11,產品推廣,0
C1406,R117,2026-02-04,關係維護,0
C1406,R117,2026-03-26,關係維護,0
C1406,R117,2026-05-28,收款,0
C1406,R117,2026-05-26,產品推廣,0
C1406,R117,2026-06-28,產品推廣,0
C1406,R117,2026-07-26,產品推廣,0
C1406,R117,2026-07-03,產品推廣,0
C1407,R114,2025-02-23,產品推廣,0
C1407,R114,2025-02-08,產品推廣,0
C1407,R114,2025-02-19,客訴處理,0
C1407,R114,2025-02-20,收款,0
C1407,R114,2025-02-13,產品推廣,0
C1407,R114,2025-03-09,產品推廣,0
C1407,R114,2025-03-26,產品推廣,0
C1407,R114,2025-05-08,關係維護,0
C1407,R114,2025-05-16,產品推廣,0
C1407,R114,2025-07-17,產品推廣,0
C1407,R114,2025-07-09,關係維護,0
C1407,R114,2025-07-17,關係維護,0
C1407,R114,2025-07-25,收款,0
C1407,R114,2025-08-22,客訴處理,0
C1407,R114,2025-10-24,產品推廣,0
C1407,R114,2025-10-29,產品推廣,0
C1407,R114,2025-11-18,關係維護,0
C1407,R114,2025-11-10,產品推廣,0
C1407,R114,2025-11-26,產品推廣,0
C1407,R114,2025-11-23,收款,0
C1407,R114,2025-12-15,關係維護,0
C1407,R114,2025-12-14,產品推廣,0
C1407,R114,2026-01-07,產品推廣,0
C1407,R114,2026-01-22,客訴處理,0
C1407,R114,2026-02-15,產品推廣,0
C1407,R114,2026-03-08,關係維護,0
C1407,R114,2026-03-27,收款,0
C1407,R114,2026-04-16,關係維護,0
C1407,R114,2026-04-10,產品推廣,0
C1407,R114,2026-06-12,產品推廣,0
C1407,R114,2026-06-05,客訴處理,0
C1408,R110,2025-04-01,收款,0
C1408,R110,2025-03-14,產品推廣,0
C1408,R110,2025-04-05,客訴處理,0
C1408,R110,2025-04-27,產品推廣,0
C1408,R110,2025-06-02,關係維護,0
C1408,R110,2025-05-26,收款,0
C1408,R110,2025-05-21,產品推廣,0
C1408,R110,2025-05-10,產品推廣,0
C1408,R110,2025-07-02,產品推廣,0
C1408,R110,2025-06-20,客訴處理,0
C1408,R110,2025-06-30,收款,0
C1408,R110,2025-07-19,收款,0
C1408,R110,2025-07-20,產品推廣,0
C1408,R110,2025-09-29,產品推廣,0
C1408,R110,2025-10-18,關係維護,0
C1408,R110,2025-10-24,產品推廣,0
C1408,R110,2025-12-01,關係維護,0
C1408,R110,2025-11-07,收款,0
C1408,R110,2025-11-10,收款,0
C1408,R110,2025-12-02,產品推廣,0
C1408,R110,2025-11-06,收款,0
C1408,R110,2025-12-13,產品推廣,0
C1408,R110,2025-12-21,關係維護,0
C1408,R110,2025-12-07,產品推廣,0
C1408,R110,2025-12-28,關係維護,0
C1408,R110,2026-01-04,產品推廣,0
C1408,R110,2026-01-29,關係維護,0
C1408,R110,2026-01-07,產品推廣,0
C1408,R110,2026-01-20,產品推廣,0
C1408,R110,2026-01-20,產品推廣,0
C1408,R110,2026-02-02,關係維護,0
C1408,R110,2026-03-22,產品推廣,0
C1408,R110,2026-03-23,產品推廣,0
C1408,R110,2026-03-05,關係維護,0
C1408,R110,2026-03-30,關係維護,0
C1408,R110,2026-04-30,關係維護,0
C1408,R110,2026-04-11,產品推廣,0
C1408,R110,2026-04-21,產品推廣,0
C1408,R110,2026-05-27,關係維護,0
C1408,R110,2026-06-15,關係維護,0
C1408,R110,2026-06-25,關係維護,0
C1408,R110,2026-07-30,關係維護,0
C1408,R110,2026-07-06,關係維護,0
C1408,R110,2026-07-08,產品推廣,0
C1409,R109,2025-02-10,收款,0
C1409,R109,2025-02-16,產品推廣,0
C1409,R109,2025-02-21,客訴處理,0
C1409,R109,2025-04-15,關係維護,0
C1409,R109,2025-06-01,產品推廣,0
C1409,R109,2025-05-28,關係維護,0
C1409,R109,2025-06-23,產品推廣,0
C1409,R109,2025-06-26,產品推廣,0
C1409,R109,2025-08-01,收款,0
C1409,R109,2025-07-11,產品推廣,0
C1409,R109,2025-08-01,產品推廣,0
C1409,R109,2025-08-11,客訴處理,0
C1409,R109,2025-09-05,產品推廣,0
C1409,R109,2025-09-22,關係維護,0
C1409,R109,2025-11-29,產品推廣,0
C1409,R109,2025-11-24,產品推廣,0
C1409,R109,2026-02-20,產品推廣,0
C1409,R109,2026-03-06,產品推廣,0
C1409,R109,2026-04-16,關係維護,0
C1409,R109,2026-05-07,產品推廣,0
C1409,R109,2026-05-24,收款,0
C1409,R109,2026-06-09,關係維護,0
C1409,R109,2026-06-02,關係維護,0
C1409,R109,2026-07-21,產品推廣,0
C1409,R109,2026-07-02,關係維護,0
C1410,R108,2025-04-11,產品推廣,1
C1410,R108,2025-04-18,產品推廣,1
C1410,R108,2025-05-05,產品推廣,1
C1410,R108,2025-04-08,關係維護,1
C1410,R108,2025-05-24,產品推廣,0
C1410,R108,2025-07-02,客訴處理,0
C1410,R108,2025-07-14,產品推廣,0
C1410,R108,2025-09-02,關係維護,1
C1410,R108,2025-12-25,產品推廣,1
C1410,R108,2026-02-02,產品推廣,1
C1410,R108,2026-02-24,關係維護,0
C1410,R108,2026-02-12,產品推廣,1
C1410,R108,2026-07-16,收款,1
C1411,R102,2025-03-01,收款,0
C1411,R102,2025-03-09,產品推廣,0
C1411,R102,2025-03-28,產品推廣,0
C1411,R102,2025-07-03,產品推廣,0
C1411,R102,2025-06-26,收款,0
C1411,R102,2025-09-24,產品推廣,0
C1411,R102,2025-10-11,產品推廣,0
C1411,R102,2025-10-16,收款,0
C1411,R102,2025-11-14,關係維護,0
C1411,R102,2026-02-19,產品推廣,0
C1411,R102,2026-03-19,收款,1
C1411,R102,2026-06-15,客訴處理,0
C1411,R102,2026-07-04,關係維護,0
C1412,R112,2025-02-24,產品推廣,1
C1412,R112,2025-03-26,關係維護,1
C1412,R112,2025-05-27,關係維護,1
C1412,R112,2025-06-12,產品推廣,0
C1412,R112,2025-07-07,關係維護,1
C1412,R112,2025-07-11,產品推廣,1
C1412,R112,2025-07-22,關係維護,0
C1412,R112,2025-11-01,關係維護,0
C1412,R112,2025-11-05,產品推廣,1
C1412,R112,2025-11-27,客訴處理,0
C1412,R112,2025-12-01,產品推廣,0
C1412,R112,2025-12-30,關係維護,1
C1412,R112,2025-12-20,產品推廣,0
C1412,R112,2025-12-14,關係維護,0
C1412,R112,2025-12-05,收款,0
C1412,R112,2025-12-29,關係維護,0
C1412,R112,2025-12-25,產品推廣,1
C1412,R112,2025-12-22,產品推廣,0
C1412,R112,2026-01-28,產品推廣,0
C1412,R112,2026-01-12,產品推廣,0
C1412,R112,2026-02-16,產品推廣,0
C1412,R112,2026-02-24,關係維護,0
C1412,R112,2026-03-02,客訴處理,0
C1412,R112,2026-03-27,產品推廣,0
C1412,R112,2026-03-30,收款,1
C1412,R112,2026-05-01,產品推廣,1
C1412,R112,2026-04-04,產品推廣,0
C1412,R112,2026-05-27,關係維護,0
C1412,R112,2026-06-11,產品推廣,0
C1412,R112,2026-06-10,產品推廣,1
C1412,R112,2026-07-03,產品推廣,1
C1413,R111,2025-03-07,產品推廣,0
C1413,R111,2025-05-21,收款,0
C1413,R111,2025-06-15,產品推廣,0
C1413,R111,2025-07-13,產品推廣,0
C1413,R111,2025-07-29,產品推廣,0
C1413,R111,2025-08-27,產品推廣,0
C1413,R111,2025-08-20,產品推廣,0
C1413,R111,2025-08-14,關係維護,0
C1413,R111,2025-09-11,關係維護,0
C1413,R111,2025-10-17,產品推廣,0
C1413,R111,2025-11-01,關係維護,0
C1413,R111,2025-11-19,關係維護,0
C1413,R111,2025-11-16,關係維護,0
C1413,R111,2026-01-04,產品推廣,0
C1413,R111,2026-03-19,關係維護,0
C1413,R111,2026-04-24,客訴處理,0
C1413,R111,2026-04-13,收款,0
C1413,R111,2026-06-10,客訴處理,0
C1413,R111,2026-07-23,關係維護,0
C1413,R111,2026-07-20,產品推廣,0
C1414,R103,2025-03-30,產品推廣,0
C1414,R103,2025-03-29,客訴處理,0
C1414,R103,2025-04-12,產品推廣,0
C1414,R103,2025-04-22,客訴處理,0
C1414,R103,2025-06-26,產品推廣,0
C1414,R103,2025-08-15,關係維護,0
C1414,R103,2025-10-09,產品推廣,0
C1414,R103,2026-01-08,產品推廣,0
C1414,R103,2026-02-19,客訴處理,0
C1414,R103,2026-03-08,產品推廣,0
C1414,R103,2026-04-24,產品推廣,0
C1414,R103,2026-05-06,收款,0
C1414,R103,2026-05-24,產品推廣,0
C1414,R103,2026-05-18,產品推廣,0
C1415,R101,2025-03-06,產品推廣,0
C1415,R101,2025-02-07,關係維護,0
C1415,R101,2025-03-01,產品推廣,0
C1415,R101,2025-03-20,關係維護,0
C1415,R101,2025-03-21,產品推廣,0
C1415,R101,2025-04-22,收款,0
C1415,R101,2025-05-01,收款,0
C1415,R101,2025-05-23,產品推廣,0
C1415,R101,2025-05-20,關係維護,0
C1415,R101,2025-06-24,客訴處理,0
C1415,R101,2025-07-02,關係維護,0
C1415,R101,2025-07-30,關係維護,0
C1415,R101,2025-08-07,客訴處理,0
C1415,R101,2025-08-20,產品推廣,0
C1415,R101,2025-08-16,客訴處理,0
C1415,R101,2025-09-02,產品推廣,0
C1415,R101,2025-09-19,關係維護,0
C1415,R101,2025-10-03,產品推廣,0
C1415,R101,2025-09-12,產品推廣,0
C1415,R101,2025-10-02,關係維護,0
C1415,R101,2025-10-24,收款,0
C1415,R101,2025-10-11,產品推廣,0
C1415,R101,2025-11-27,產品推廣,0
C1415,R101,2025-11-18,產品推廣,0
C1415,R101,2026-01-19,客訴處理,0
C1415,R101,2026-01-07,產品推廣,0
C1415,R101,2026-01-21,關係維護,0
C1415,R101,2026-02-27,客訴處理,0
C1415,R101,2026-02-22,關係維護,0
C1415,R101,2026-03-07,產品推廣,0
C1415,R101,2026-03-15,產品推廣,0
C1415,R101,2026-04-24,關係維護,0
C1415,R101,2026-05-28,產品推廣,0
C1415,R101,2026-05-31,收款,0
C1415,R101,2026-06-19,關係維護,0
C1415,R101,2026-06-14,關係維護,0
C1415,R101,2026-07-22,客訴處理,0
C1415,R101,2026-07-30,關係維護,0
C1416,R102,2025-02-22,產品推廣,0
C1416,R102,2025-03-19,產品推廣,0
C1416,R102,2025-04-21,產品推廣,0
C1416,R102,2025-04-24,產品推廣,0
C1416,R102,2025-05-24,產品推廣,0
C1416,R102,2025-06-15,關係維護,0
C1416,R102,2025-07-25,關係維護,0
C1416,R102,2025-07-11,關係維護,0
C1416,R102,2025-08-12,產品推廣,0
C1416,R102,2025-08-08,產品推廣,0
C1416,R102,2025-09-14,關係維護,0
C1416,R102,2025-09-20,收款,0
C1416,R102,2025-10-14,產品推廣,0
C1416,R102,2025-10-12,產品推廣,0
C1416,R102,2025-11-21,產品推廣,0
C1416,R102,2025-11-12,產品推廣,0
C1416,R102,2025-12-27,產品推廣,0
C1416,R102,2025-12-07,產品推廣,0
C1416,R102,2026-03-22,收款,0
C1416,R102,2026-03-31,客訴處理,0
C1416,R102,2026-04-15,產品推廣,0
C1416,R102,2026-05-29,產品推廣,0
C1416,R102,2026-07-15,產品推廣,0
C1416,R102,2026-07-03,產品推廣,0
C1417,R117,2025-02-22,產品推廣,0
C1417,R117,2025-05-02,客訴處理,1
C1417,R117,2025-04-21,產品推廣,0
C1417,R117,2025-07-04,產品推廣,0
C1417,R117,2025-07-13,產品推廣,1
C1417,R117,2025-07-17,產品推廣,0
C1417,R117,2025-08-21,產品推廣,0
C1417,R117,2025-08-25,產品推廣,0
C1417,R117,2025-09-11,產品推廣,0
C1417,R117,2025-09-30,關係維護,0
C1417,R117,2025-09-24,關係維護,1
C1417,R117,2025-11-17,關係維護,1
C1417,R117,2025-11-11,產品推廣,0
C1417,R117,2025-11-05,客訴處理,1
C1417,R117,2025-12-21,產品推廣,1
C1417,R117,2025-12-24,關係維護,0
C1417,R117,2026-02-08,產品推廣,1
C1417,R117,2026-02-08,客訴處理,1
C1417,R117,2026-02-11,產品推廣,1
C1417,R117,2026-03-19,產品推廣,1
C1417,R117,2026-03-05,產品推廣,1
C1417,R117,2026-06-04,客訴處理,1
C1417,R117,2026-07-10,關係維護,0
C1417,R117,2026-07-24,產品推廣,0
C1418,R110,2025-03-01,關係維護,0
C1418,R110,2025-03-19,產品推廣,0
C1418,R110,2025-03-25,客訴處理,0
C1418,R110,2025-04-22,客訴處理,0
C1418,R110,2025-04-08,產品推廣,0
C1418,R110,2025-05-31,客訴處理,0
C1418,R110,2025-10-31,產品推廣,0
C1418,R110,2025-12-25,關係維護,0
C1418,R110,2025-12-26,關係維護,1
C1418,R110,2026-01-18,關係維護,0
C1418,R110,2026-01-14,關係維護,0
C1418,R110,2026-02-24,產品推廣,0
C1418,R110,2026-03-25,關係維護,0
C1419,R111,2025-02-17,收款,0
C1419,R111,2025-02-21,關係維護,0
C1419,R111,2025-02-27,關係維護,0
C1419,R111,2025-04-01,關係維護,0
C1419,R111,2025-03-23,收款,0
C1419,R111,2025-04-22,產品推廣,0
C1419,R111,2025-04-14,產品推廣,0
C1419,R111,2025-05-17,關係維護,0
C1419,R111,2025-06-19,收款,0
C1419,R111,2025-07-31,收款,0
C1419,R111,2025-07-30,產品推廣,0
C1419,R111,2025-07-21,產品推廣,0
C1419,R111,2025-07-12,產品推廣,0
C1419,R111,2025-08-30,產品推廣,0
C1419,R111,2025-08-09,產品推廣,0
C1419,R111,2025-08-25,產品推廣,0
C1419,R111,2025-10-02,產品推廣,0
C1419,R111,2025-09-17,收款,0
C1419,R111,2025-10-18,關係維護,0
C1419,R111,2025-10-08,產品推廣,0
C1419,R111,2025-10-11,關係維護,0
C1419,R111,2025-11-14,客訴處理,0
C1419,R111,2025-12-10,收款,0
C1419,R111,2026-01-31,產品推廣,0
C1419,R111,2026-01-17,關係維護,0
C1419,R111,2026-02-04,產品推廣,0
C1419,R111,2026-02-27,產品推廣,0
C1419,R111,2026-03-16,收款,0
C1419,R111,2026-03-06,關係維護,0
C1419,R111,2026-04-25,產品推廣,0
C1419,R111,2026-04-28,收款,0
C1419,R111,2026-04-26,產品推廣,0
C1419,R111,2026-04-07,收款,0
C1419,R111,2026-05-21,關係維護,0
C1419,R111,2026-05-30,關係維護,0
C1419,R111,2026-07-11,關係維護,0
C1419,R111,2026-07-15,收款,0
C1419,R111,2026-07-24,關係維護,0
